<?xml version="1.0" encoding="utf-8"?>
<COLLADA xmlns="http://www.collada.org/2005/11/COLLADASchema" version="1.4.1" xmlns:xsi="http://www.w3.org/2001/XMLSchema-instance">
  <asset>
    <contributor>
      <author>Blender User</author>
      <authoring_tool>Blender 2.82.7</authoring_tool>
    </contributor>
    <created>2024-12-03T19:59:46</created>
    <modified>2024-12-03T19:59:46</modified>
    <unit name="meter" meter="1"/>
    <up_axis>Z_UP</up_axis>
  </asset>
  <library_effects>
    <effect id="Finestrini-effect">
      <profile_COMMON>
        <newparam sid="_4-lowpolyfiatuno-surface">
          <surface type="2D">
            <init_from>_4-lowpolyfiatuno</init_from>
          </surface>
        </newparam>
        <newparam sid="_4-lowpolyfiatuno-sampler">
          <sampler2D>
            <source>_4-lowpolyfiatuno-surface</source>
          </sampler2D>
        </newparam>
        <technique sid="common">
          <lambert>
            <emission>
              <color sid="emission">0 0 0 1</color>
            </emission>
            <diffuse>
              <texture texture="_4-lowpolyfiatuno-sampler" texcoord="UVMap"/>
            </diffuse>
            <index_of_refraction>
              <float sid="ior">1</float>
            </index_of_refraction>
          </lambert>
        </technique>
      </profile_COMMON>
    </effect>
    <effect id="Ruote_005-effect">
      <profile_COMMON>
        <newparam sid="Color_png-surface">
          <surface type="2D">
            <init_from>Color_png</init_from>
          </surface>
        </newparam>
        <newparam sid="Color_png-sampler">
          <sampler2D>
            <source>Color_png-surface</source>
          </sampler2D>
        </newparam>
        <technique sid="common">
          <lambert>
            <emission>
              <color sid="emission">0 0 0 1</color>
            </emission>
            <diffuse>
              <texture texture="Color_png-sampler" texcoord="UVMap"/>
            </diffuse>
            <index_of_refraction>
              <float sid="ior">1</float>
            </index_of_refraction>
          </lambert>
        </technique>
      </profile_COMMON>
    </effect>
    <effect id="Body-effect">
      <profile_COMMON>
        <newparam sid="_4-lowpolyfiatuno-surface">
          <surface type="2D">
            <init_from>_4-lowpolyfiatuno</init_from>
          </surface>
        </newparam>
        <newparam sid="_4-lowpolyfiatuno-sampler">
          <sampler2D>
            <source>_4-lowpolyfiatuno-surface</source>
          </sampler2D>
        </newparam>
        <technique sid="common">
          <lambert>
            <emission>
              <color sid="emission">0 0 0 1</color>
            </emission>
            <diffuse>
              <texture texture="_4-lowpolyfiatuno-sampler" texcoord="UVMap"/>
            </diffuse>
            <index_of_refraction>
              <float sid="ior">1</float>
            </index_of_refraction>
          </lambert>
        </technique>
      </profile_COMMON>
    </effect>
    <effect id="Finestrini_001-effect">
      <profile_COMMON>
        <newparam sid="_4-lowpolyfiatuno-surface">
          <surface type="2D">
            <init_from>_4-lowpolyfiatuno</init_from>
          </surface>
        </newparam>
        <newparam sid="_4-lowpolyfiatuno-sampler">
          <sampler2D>
            <source>_4-lowpolyfiatuno-surface</source>
          </sampler2D>
        </newparam>
        <technique sid="common">
          <lambert>
            <emission>
              <color sid="emission">0 0 0 1</color>
            </emission>
            <diffuse>
              <texture texture="_4-lowpolyfiatuno-sampler" texcoord="UVMap"/>
            </diffuse>
            <index_of_refraction>
              <float sid="ior">1</float>
            </index_of_refraction>
          </lambert>
        </technique>
      </profile_COMMON>
    </effect>
    <effect id="Parabrezza-effect">
      <profile_COMMON>
        <newparam sid="Parabrezza_png-surface">
          <surface type="2D">
            <init_from>Parabrezza_png</init_from>
          </surface>
        </newparam>
        <newparam sid="Parabrezza_png-sampler">
          <sampler2D>
            <source>Parabrezza_png-surface</source>
          </sampler2D>
        </newparam>
        <technique sid="common">
          <lambert>
            <emission>
              <color sid="emission">0 0 0 1</color>
            </emission>
            <diffuse>
              <texture texture="Parabrezza_png-sampler" texcoord="UVMap"/>
            </diffuse>
            <index_of_refraction>
              <float sid="ior">1</float>
            </index_of_refraction>
          </lambert>
        </technique>
      </profile_COMMON>
    </effect>
    <effect id="Ruote_002-effect">
      <profile_COMMON>
        <newparam sid="Color_png-surface">
          <surface type="2D">
            <init_from>Color_png</init_from>
          </surface>
        </newparam>
        <newparam sid="Color_png-sampler">
          <sampler2D>
            <source>Color_png-surface</source>
          </sampler2D>
        </newparam>
        <technique sid="common">
          <lambert>
            <emission>
              <color sid="emission">0 0 0 1</color>
            </emission>
            <diffuse>
              <texture texture="Color_png-sampler" texcoord="UVMap"/>
            </diffuse>
            <index_of_refraction>
              <float sid="ior">1</float>
            </index_of_refraction>
          </lambert>
        </technique>
      </profile_COMMON>
    </effect>
    <effect id="VetroPost-effect">
      <profile_COMMON>
        <newparam sid="_4-lowpolyfiatuno-surface">
          <surface type="2D">
            <init_from>_4-lowpolyfiatuno</init_from>
          </surface>
        </newparam>
        <newparam sid="_4-lowpolyfiatuno-sampler">
          <sampler2D>
            <source>_4-lowpolyfiatuno-surface</source>
          </sampler2D>
        </newparam>
        <technique sid="common">
          <lambert>
            <emission>
              <color sid="emission">0 0 0 1</color>
            </emission>
            <diffuse>
              <texture texture="_4-lowpolyfiatuno-sampler" texcoord="UVMap"/>
            </diffuse>
            <index_of_refraction>
              <float sid="ior">1</float>
            </index_of_refraction>
          </lambert>
        </technique>
      </profile_COMMON>
    </effect>
    <effect id="Ruote-effect">
      <profile_COMMON>
        <newparam sid="Color_png-surface">
          <surface type="2D">
            <init_from>Color_png</init_from>
          </surface>
        </newparam>
        <newparam sid="Color_png-sampler">
          <sampler2D>
            <source>Color_png-surface</source>
          </sampler2D>
        </newparam>
        <technique sid="common">
          <lambert>
            <emission>
              <color sid="emission">0 0 0 1</color>
            </emission>
            <diffuse>
              <texture texture="Color_png-sampler" texcoord="UVMap"/>
            </diffuse>
            <index_of_refraction>
              <float sid="ior">1</float>
            </index_of_refraction>
          </lambert>
        </technique>
      </profile_COMMON>
    </effect>
    <effect id="Ruote_001-effect">
      <profile_COMMON>
        <newparam sid="Color_png-surface">
          <surface type="2D">
            <init_from>Color_png</init_from>
          </surface>
        </newparam>
        <newparam sid="Color_png-sampler">
          <sampler2D>
            <source>Color_png-surface</source>
          </sampler2D>
        </newparam>
        <technique sid="common">
          <lambert>
            <emission>
              <color sid="emission">0 0 0 1</color>
            </emission>
            <diffuse>
              <texture texture="Color_png-sampler" texcoord="UVMap"/>
            </diffuse>
            <index_of_refraction>
              <float sid="ior">1</float>
            </index_of_refraction>
          </lambert>
        </technique>
      </profile_COMMON>
    </effect>
    <effect id="Fari-effect">
      <profile_COMMON>
        <newparam sid="_4-lowpolyfiatuno-surface">
          <surface type="2D">
            <init_from>_4-lowpolyfiatuno</init_from>
          </surface>
        </newparam>
        <newparam sid="_4-lowpolyfiatuno-sampler">
          <sampler2D>
            <source>_4-lowpolyfiatuno-surface</source>
          </sampler2D>
        </newparam>
        <technique sid="common">
          <lambert>
            <emission>
              <color sid="emission">0 0 0 1</color>
            </emission>
            <diffuse>
              <texture texture="_4-lowpolyfiatuno-sampler" texcoord="UVMap"/>
            </diffuse>
            <index_of_refraction>
              <float sid="ior">1</float>
            </index_of_refraction>
          </lambert>
        </technique>
      </profile_COMMON>
    </effect>
    <effect id="StopSX_001-effect">
      <profile_COMMON>
        <newparam sid="_4-lowpolyfiatuno-surface">
          <surface type="2D">
            <init_from>_4-lowpolyfiatuno</init_from>
          </surface>
        </newparam>
        <newparam sid="_4-lowpolyfiatuno-sampler">
          <sampler2D>
            <source>_4-lowpolyfiatuno-surface</source>
          </sampler2D>
        </newparam>
        <technique sid="common">
          <lambert>
            <emission>
              <color sid="emission">0 0 0 1</color>
            </emission>
            <diffuse>
              <texture texture="_4-lowpolyfiatuno-sampler" texcoord="UVMap"/>
            </diffuse>
            <index_of_refraction>
              <float sid="ior">1</float>
            </index_of_refraction>
          </lambert>
        </technique>
      </profile_COMMON>
    </effect>
    <effect id="StopDX-effect">
      <profile_COMMON>
        <newparam sid="_4-lowpolyfiatuno-surface">
          <surface type="2D">
            <init_from>_4-lowpolyfiatuno</init_from>
          </surface>
        </newparam>
        <newparam sid="_4-lowpolyfiatuno-sampler">
          <sampler2D>
            <source>_4-lowpolyfiatuno-surface</source>
          </sampler2D>
        </newparam>
        <technique sid="common">
          <lambert>
            <emission>
              <color sid="emission">0 0 0 1</color>
            </emission>
            <diffuse>
              <texture texture="_4-lowpolyfiatuno-sampler" texcoord="UVMap"/>
            </diffuse>
            <index_of_refraction>
              <float sid="ior">1</float>
            </index_of_refraction>
          </lambert>
        </technique>
      </profile_COMMON>
    </effect>
    <effect id="GrigliaAnt-effect">
      <profile_COMMON>
        <newparam sid="_4-lowpolyfiatuno-surface">
          <surface type="2D">
            <init_from>_4-lowpolyfiatuno</init_from>
          </surface>
        </newparam>
        <newparam sid="_4-lowpolyfiatuno-sampler">
          <sampler2D>
            <source>_4-lowpolyfiatuno-surface</source>
          </sampler2D>
        </newparam>
        <technique sid="common">
          <lambert>
            <emission>
              <color sid="emission">0 0 0 1</color>
            </emission>
            <diffuse>
              <texture texture="_4-lowpolyfiatuno-sampler" texcoord="UVMap"/>
            </diffuse>
            <index_of_refraction>
              <float sid="ior">1</float>
            </index_of_refraction>
          </lambert>
        </technique>
      </profile_COMMON>
    </effect>
    <effect id="GrigliaPost-effect">
      <profile_COMMON>
        <newparam sid="_4-lowpolyfiatuno-surface">
          <surface type="2D">
            <init_from>_4-lowpolyfiatuno</init_from>
          </surface>
        </newparam>
        <newparam sid="_4-lowpolyfiatuno-sampler">
          <sampler2D>
            <source>_4-lowpolyfiatuno-surface</source>
          </sampler2D>
        </newparam>
        <technique sid="common">
          <lambert>
            <emission>
              <color sid="emission">0 0 0 1</color>
            </emission>
            <diffuse>
              <texture texture="_4-lowpolyfiatuno-sampler" texcoord="UVMap"/>
            </diffuse>
            <index_of_refraction>
              <float sid="ior">1</float>
            </index_of_refraction>
          </lambert>
        </technique>
      </profile_COMMON>
    </effect>
    <effect id="Targa-effect">
      <profile_COMMON>
        <newparam sid="Color_png-surface">
          <surface type="2D">
            <init_from>Color_png</init_from>
          </surface>
        </newparam>
        <newparam sid="Color_png-sampler">
          <sampler2D>
            <source>Color_png-surface</source>
          </sampler2D>
        </newparam>
        <technique sid="common">
          <lambert>
            <emission>
              <color sid="emission">0 0 0 1</color>
            </emission>
            <diffuse>
              <texture texture="Color_png-sampler" texcoord="UVMap"/>
            </diffuse>
            <index_of_refraction>
              <float sid="ior">1</float>
            </index_of_refraction>
          </lambert>
        </technique>
      </profile_COMMON>
    </effect>
  </library_effects>
  <library_images/>
  <library_materials>
    <material id="Finestrini-material" name="Finestrini">
      <instance_effect url="#Finestrini-effect"/>
    </material>
    <material id="Ruote_005-material" name="Ruote.005">
      <instance_effect url="#Ruote_005-effect"/>
    </material>
    <material id="Body-material" name="Body">
      <instance_effect url="#Body-effect"/>
    </material>
    <material id="Finestrini_001-material" name="Finestrini.001">
      <instance_effect url="#Finestrini_001-effect"/>
    </material>
    <material id="Parabrezza-material" name="Parabrezza">
      <instance_effect url="#Parabrezza-effect"/>
    </material>
    <material id="Ruote_002-material" name="Ruote.002">
      <instance_effect url="#Ruote_002-effect"/>
    </material>
    <material id="VetroPost-material" name="VetroPost">
      <instance_effect url="#VetroPost-effect"/>
    </material>
    <material id="Ruote-material" name="Ruote">
      <instance_effect url="#Ruote-effect"/>
    </material>
    <material id="Ruote_001-material" name="Ruote.001">
      <instance_effect url="#Ruote_001-effect"/>
    </material>
    <material id="Fari-material" name="Fari">
      <instance_effect url="#Fari-effect"/>
    </material>
    <material id="StopSX_001-material" name="StopSX.001">
      <instance_effect url="#StopSX_001-effect"/>
    </material>
    <material id="StopDX-material" name="StopDX">
      <instance_effect url="#StopDX-effect"/>
    </material>
    <material id="GrigliaAnt-material" name="GrigliaAnt">
      <instance_effect url="#GrigliaAnt-effect"/>
    </material>
    <material id="GrigliaPost-material" name="GrigliaPost">
      <instance_effect url="#GrigliaPost-effect"/>
    </material>
    <material id="Targa-material" name="Targa">
      <instance_effect url="#Targa-effect"/>
    </material>
  </library_materials>
  <library_geometries>
    <geometry id="FinestriniPost_Plane_005-mesh" name="FinestriniPost_Plane.005">
      <mesh>
        <source id="FinestriniPost_Plane_005-mesh-positions">
          <float_array id="FinestriniPost_Plane_005-mesh-positions-array" count="66">0.726372 1.785958 -0.589368 0.965033 1.220931 -0.558921 0.949898 1.226975 -1.248724 0.94461 1.231934 -1.385739 0.939584 1.236646 -1.515941 0.920454 1.245239 -1.721337 0.911504 1.270322 -1.713619 0.84576 1.454563 -1.656928 0.710018 1.754832 -1.441581 0.718707 1.775164 -1.06547 -0.723744 1.785958 -0.589368 -0.716078 1.775164 -1.06547 -0.707389 1.754832 -1.441581 -0.843132 1.454563 -1.656928 -0.908875 1.270322 -1.713619 -0.917826 1.245239 -1.721337 -0.936955 1.236646 -1.515941 -0.941981 1.231934 -1.385739 -0.94727 1.226975 -1.248724 -0.962404 1.220931 -0.558921 0.718468 1.783849 -1.059982 -0.715839 1.783849 -1.059982</float_array>
          <technique_common>
            <accessor source="#FinestriniPost_Plane_005-mesh-positions-array" count="22" stride="3">
              <param name="X" type="float"/>
              <param name="Y" type="float"/>
              <param name="Z" type="float"/>
            </accessor>
          </technique_common>
        </source>
        <source id="FinestriniPost_Plane_005-mesh-normals">
          <float_array id="FinestriniPost_Plane_005-mesh-normals-array" count="60">0.9199814 0.391411 -0.02077752 0.9143676 0.4040409 -0.02613162 0.9151712 0.4027848 -0.01503533 -0.9161385 0.4001794 -0.02338272 -0.9201898 0.390977 -0.01969057 -0.9184067 0.3945733 -0.0289998 0.918407 0.3945728 -0.0289998 0.9213932 0.3879126 -0.02362835 0.9201897 0.3909772 -0.01969051 0.9161387 0.4001793 -0.02338099 0.9263795 0.3747434 -0.03726369 0.9321808 0.3547652 -0.07197856 0.9321778 0.3547729 -0.07197713 -0.9213937 0.3879116 -0.02363026 -0.9143672 0.4040421 -0.02613109 -0.9199821 0.3914096 -0.02077573 -0.9151718 0.4027834 -0.01503783 -0.9321726 0.3547873 -0.07197368 -0.9263807 0.3747402 -0.03726363 -0.9321691 0.3547971 -0.07197129</float_array>
          <technique_common>
            <accessor source="#FinestriniPost_Plane_005-mesh-normals-array" count="20" stride="3">
              <param name="X" type="float"/>
              <param name="Y" type="float"/>
              <param name="Z" type="float"/>
            </accessor>
          </technique_common>
        </source>
        <source id="FinestriniPost_Plane_005-mesh-map-0">
          <float_array id="FinestriniPost_Plane_005-mesh-map-0-array" count="96">0.289748 0.887592 0.07971298 0.731555 0.440491 0.682717 0.943236 0.41937 0.943236 0.933002 0.566128 0.5484 0.06612896 0.4516 0.05676394 0.09721696 0.443236 0.06699699 0.443236 0.06699699 0.443236 0.58063 0.06612896 0.4516 0.443236 0.58063 0.440491 0.682717 0.07971298 0.731555 0.06612896 0.4516 0.443236 0.58063 0.07971298 0.731555 0.440491 0.682717 0.437882 0.779728 0.289748 0.887592 0.437882 0.779728 0.43031 0.933003 0.413466 0.927561 0.413466 0.927561 0.289748 0.887592 0.437882 0.779728 0.943236 0.933002 0.556764 0.902783 0.566128 0.5484 0.566128 0.5484 0.579713 0.268445 0.943236 0.41937 0.579713 0.268445 0.789748 0.112408 0.940491 0.317283 0.789748 0.112408 0.913466 0.07243895 0.937882 0.220272 0.913466 0.07243895 0.930309 0.06699699 0.937882 0.220272 0.937882 0.220272 0.940491 0.317283 0.789748 0.112408 0.940491 0.317283 0.943236 0.41937 0.579713 0.268445</float_array>
          <technique_common>
            <accessor source="#FinestriniPost_Plane_005-mesh-map-0-array" count="48" stride="2">
              <param name="S" type="float"/>
              <param name="T" type="float"/>
            </accessor>
          </technique_common>
        </source>
        <vertices id="FinestriniPost_Plane_005-mesh-vertices">
          <input semantic="POSITION" source="#FinestriniPost_Plane_005-mesh-positions"/>
        </vertices>
        <lines count="2">
          <input semantic="VERTEX" source="#FinestriniPost_Plane_005-mesh-vertices" offset="0"/>
          <p>21 11 20 9</p>
        </lines>
        <triangles material="Finestrini-material" count="16">
          <input semantic="VERTEX" source="#FinestriniPost_Plane_005-mesh-vertices" offset="0"/>
          <input semantic="NORMAL" source="#FinestriniPost_Plane_005-mesh-normals" offset="1"/>
          <input semantic="TEXCOORD" source="#FinestriniPost_Plane_005-mesh-map-0" offset="2" set="0"/>
          <p>7 0 0 8 1 1 3 2 2 18 3 3 19 4 4 11 5 5 9 6 6 0 7 7 1 8 8 1 8 9 2 9 10 9 6 11 2 9 12 3 2 13 8 1 14 9 6 15 2 9 16 8 1 17 3 2 18 4 10 19 7 0 20 4 10 21 5 11 22 6 12 23 6 12 24 7 0 25 4 10 26 19 4 27 10 13 28 11 5 29 11 5 30 12 14 31 18 3 32 12 14 33 13 15 34 17 16 35 13 15 36 14 17 37 16 18 38 14 17 39 15 19 40 16 18 41 16 18 42 17 16 43 13 15 44 17 16 45 18 3 46 12 14 47</p>
        </triangles>
      </mesh>
    </geometry>
    <geometry id="Circle_003-mesh" name="Circle.003">
      <mesh>
        <source id="Circle_003-mesh-positions">
          <float_array id="Circle_003-mesh-positions-array" count="1350">-0.825337 0.689147 -1.361885 -0.825337 0.72306 -1.425332 -0.801865 0.710654 -1.430471 -0.801865 0.677981 -1.369345 -0.825337 0.02406996 -1.637369 -0.825337 0.01701897 -1.565773 -0.801865 0.030447 -1.565773 -0.801865 0.03723996 -1.634749 -0.825337 0.643507 -1.306273 -0.801865 0.634012 -1.315768 -0.825337 0.044954 -1.706213 -0.801865 0.05735999 -1.701074 -0.825337 0.587895 -1.260633 -0.801865 0.580434 -1.271798 -0.825337 0.07886695 -1.769661 -0.801865 0.09003299 -1.7622 -0.825337 0.524447 -1.226719 -0.801865 0.519308 -1.239125 -0.825337 0.455603 -1.925709 -0.825337 0.384007 -1.932761 -0.801865 0.384007 -1.919333 -0.801865 0.452983 -1.912539 -0.825337 0.124507 -1.825273 -0.801865 0.134002 -1.815778 -0.825337 0.455603 -1.205836 -0.801865 0.452983 -1.219006 -0.825337 0.524447 -1.904826 -0.801865 0.519309 -1.892419 -0.825337 0.18012 -1.870913 -0.801865 0.18758 -1.859747 -0.825337 0.384007 -1.198784 -0.801865 0.384007 -1.212212 -0.825337 0.587895 -1.870912 -0.801865 0.580434 -1.859747 -0.825337 0.243567 -1.904826 -0.801865 0.248706 -1.89242 -0.825337 0.312411 -1.205836 -0.801865 0.315031 -1.219006 -0.825337 0.643507 -1.825273 -0.801865 0.634012 -1.815777 -0.825337 0.312412 -1.925709 -0.801865 0.315031 -1.912539 -0.825337 0.243566 -1.22672 -0.801865 0.248705 -1.239126 -0.825337 0.689147 -1.76966 -0.801865 0.677981 -1.7622 -0.825337 0.180119 -1.260633 -0.801865 0.187579 -1.271798 -0.825337 0.72306 -1.706213 -0.801865 0.710654 -1.701074 -0.825337 0.124507 -1.306273 -0.801865 0.134002 -1.315768 -0.825337 0.743944 -1.637368 -0.801865 0.730773 -1.634749 -0.825337 0.07886695 -1.361885 -0.801865 0.09003198 -1.369345 -0.825337 0.750995 -1.565773 -0.801865 0.737567 -1.565773 -0.825337 0.044954 -1.425332 -0.801865 0.05735999 -1.430471 -0.825337 0.743944 -1.494177 -0.801865 0.730774 -1.496796 -0.825337 0.02406996 -1.494177 -0.801865 0.03723996 -1.496797 -0.977045 0.689147 -1.361885 -0.977045 0.72306 -1.425332 -0.977045 0.02406996 -1.637369 -0.977045 0.01701897 -1.565773 -0.977045 0.643507 -1.306273 -0.977045 0.044954 -1.706213 -0.977045 0.587895 -1.260633 -0.977045 0.07886797 -1.769661 -0.977045 0.524447 -1.226719 -0.977045 0.455603 -1.925709 -0.977045 0.384007 -1.932761 -0.977045 0.124507 -1.825273 -0.977045 0.455603 -1.205836 -0.977045 0.524447 -1.904826 -0.977045 0.18012 -1.870913 -0.977045 0.384007 -1.198784 -0.977045 0.587895 -1.870912 -0.977045 0.243567 -1.904826 -0.977045 0.312411 -1.205836 -0.977045 0.643507 -1.825273 -0.977045 0.312412 -1.925709 -0.977045 0.243566 -1.22672 -0.977045 0.689147 -1.76966 -0.977045 0.180119 -1.260633 -0.977045 0.72306 -1.706213 -0.977045 0.124507 -1.306273 -0.977045 0.743944 -1.637368 -0.977045 0.07886695 -1.361885 -0.977045 0.750995 -1.565773 -0.977045 0.044954 -1.425332 -0.977045 0.743944 -1.494177 -0.977045 0.02406996 -1.494177 -1.001126 0.05795896 -1.430719 -1.001126 0.09057199 -1.369706 -1.001126 0.730137 -1.496923 -1.001126 0.736918 -1.565773 -1.001126 0.03787696 -1.496923 -1.001126 0.710055 -1.430719 -1.001126 0.03109598 -1.565773 -1.001126 0.677442 -1.369706 -1.001126 0.03787696 -1.634622 -1.001126 0.633553 -1.316226 -1.001126 0.05795997 -1.700826 -1.001126 0.580074 -1.272337 -1.001126 0.09057199 -1.76184 -1.001126 0.51906 -1.239725 -1.001126 0.452857 -1.911903 -1.001126 0.384007 -1.918684 -1.001126 0.134461 -1.815319 -1.001126 0.452856 -1.219642 -1.001126 0.51906 -1.89182 -1.001126 0.18794 -1.859208 -1.001126 0.384007 -1.212861 -1.001126 0.580074 -1.859208 -1.001126 0.2489539 -1.89182 -1.001126 0.315157 -1.219642 -1.001126 0.633553 -1.815319 -1.001126 0.315158 -1.911903 -1.001126 0.248953 -1.239725 -1.001126 0.677442 -1.76184 -1.001126 0.18794 -1.272338 -1.001126 0.710055 -1.700826 -1.001126 0.134461 -1.316227 -1.001126 0.730137 -1.634622 -0.797138 0.287858 -1.326962 -0.797138 0.2436479 -1.350593 -0.797138 0.598337 -1.705282 -0.797138 0.621968 -1.661072 -0.797138 0.2048979 -1.382395 -0.797138 0.63652 -1.613101 -0.797138 0.173096 -1.421145 -0.797138 0.641433 -1.563214 -0.797138 0.149465 -1.465355 -0.797138 0.63652 -1.513326 -0.797138 0.134914 -1.513326 -0.797138 0.621968 -1.465355 -0.797138 0.1299999 -1.563214 -0.797138 0.598337 -1.421145 -0.797138 0.134914 -1.613102 -0.797138 0.566536 -1.382395 -0.814114 0.533181 -1.342518 -0.797138 0.527785 -1.350593 -0.797138 0.149466 -1.661072 -0.797138 0.173096 -1.705282 -0.797138 0.483575 -1.326962 -0.797138 0.385717 -1.81893 -0.797138 0.435605 -1.814017 -0.797138 0.2048979 -1.744033 -0.797138 0.435605 -1.312411 -0.797138 0.483575 -1.799465 -0.797138 0.2436479 -1.775834 -0.797138 0.385717 -1.307497 -0.797138 0.527785 -1.775834 -0.797138 0.287859 -1.799465 -0.797138 0.335829 -1.312411 -0.797138 0.566536 -1.744033 -0.797138 0.335829 -1.814017 -0.802191 0.181946 -1.699218 -0.802191 0.212451 -1.736389 -0.802191 0.479768 -1.336321 -0.802191 0.433753 -1.322362 -0.802191 0.433753 -1.80352 -0.802191 0.479768 -1.789561 -0.802191 0.249622 -1.766894 -0.802191 0.385899 -1.317649 -0.802191 0.522176 -1.766894 -0.802191 0.29203 -1.789562 -0.802191 0.338045 -1.322362 -0.802191 0.559347 -1.736389 -0.802191 0.338045 -1.80352 -0.802191 0.29203 -1.336321 -0.802191 0.589852 -1.699218 -0.802191 0.385899 -1.808233 -0.802191 0.249622 -1.358988 -0.802191 0.612519 -1.65681 -0.818476 0.527352 -1.351242 -0.802191 0.522176 -1.358988 -0.802191 0.212451 -1.389493 -0.802191 0.626478 -1.610795 -0.802191 0.181946 -1.426664 -0.802191 0.631191 -1.562941 -0.802191 0.159278 -1.469072 -0.802191 0.626478 -1.515087 -0.802191 0.1453199 -1.515087 -0.802191 0.612519 -1.469072 -0.802191 0.1406069 -1.562941 -0.802191 0.589852 -1.426664 -0.802191 0.1453199 -1.610795 -0.802191 0.559347 -1.389493 -0.802191 0.159279 -1.656811 -0.818488 0.455467 -1.579455 -0.818488 0.456783 -1.566092 -0.818488 0.445239 -1.604145 -0.818488 0.451569 -1.592304 -0.818488 0.426342 -1.623043 -0.818488 0.436721 -1.614525 -0.818488 0.401651 -1.63327 -0.818488 0.4145 -1.629372 -0.818488 0.374926 -1.63327 -0.818488 0.388288 -1.634586 -0.818488 0.350235 -1.623043 -0.818488 0.362077 -1.629373 -0.818488 0.331337 -1.604146 -0.818488 0.339855 -1.614525 -0.818488 0.32111 -1.579455 -0.818488 0.325008 -1.592304 -0.818488 0.32111 -1.552729 -0.818488 0.319794 -1.566092 -0.818488 0.331337 -1.528039 -0.818488 0.325008 -1.53988 -0.818488 0.350235 -1.509141 -0.818488 0.339855 -1.517659 -0.818488 0.374926 -1.498914 -0.818488 0.362077 -1.502811 -0.818488 0.401651 -1.498914 -0.818488 0.388288 -1.497598 -0.818488 0.426342 -1.509141 -0.818488 0.4145 -1.502811 -0.818488 0.445239 -1.528039 -0.818488 0.436721 -1.517659 -0.818488 0.455467 -1.552729 -0.818488 0.451569 -1.53988 -0.811007 0.36976 -1.593822 -0.811007 0.375526 -1.596904 -0.811007 0.388288 -1.532742 -0.811007 0.381782 -1.533383 -0.811007 0.406817 -1.593822 -0.811007 0.41187 -1.589674 -0.811007 0.381782 -1.598801 -0.811007 0.375526 -1.53528 -0.811007 0.416018 -1.58462 -0.811007 0.388288 -1.599442 -0.811007 0.36976 -1.538362 -0.811007 0.4191 -1.578855 -0.811007 0.364706 -1.54251 -0.811007 0.420998 -1.572598 -0.811007 0.360559 -1.547564 -0.811007 0.421638 -1.566092 -0.811007 0.357477 -1.553329 -0.811007 0.420998 -1.559586 -0.811007 0.355579 -1.559586 -0.811007 0.4191 -1.553329 -0.811007 0.354938 -1.566092 -0.811007 0.416018 -1.547564 -0.811007 0.355579 -1.572598 -0.811007 0.41187 -1.54251 -0.811007 0.357477 -1.578855 -0.811007 0.406817 -1.538362 -0.811007 0.360559 -1.58462 -0.811007 0.401051 -1.53528 -0.811007 0.394795 -1.598801 -0.811007 0.364706 -1.589674 -0.811007 0.394795 -1.533383 -0.811007 0.401051 -1.596904 -0.808056 0.379506 -1.54489 -0.808056 0.375539 -1.547011 -0.808056 0.407369 -1.578842 -0.808056 0.40949 -1.574874 -0.808056 0.372061 -1.549865 -0.808056 0.410796 -1.570569 -0.808056 0.369207 -1.553342 -0.808056 0.411237 -1.566092 -0.808056 0.367086 -1.55731 -0.808056 0.410796 -1.561615 -0.808056 0.36578 -1.561615 -0.808056 0.40949 -1.55731 -0.808056 0.365339 -1.566092 -0.808056 0.407369 -1.553342 -0.808056 0.36578 -1.570569 -0.808056 0.404516 -1.549865 -0.808056 0.367086 -1.574874 -0.808056 0.401038 -1.547011 -0.808056 0.369207 -1.578842 -0.808056 0.39707 -1.54489 -0.808056 0.388288 -1.589041 -0.808056 0.392765 -1.5886 -0.808056 0.372061 -1.582319 -0.808056 0.392765 -1.543584 -0.808056 0.39707 -1.587294 -0.808056 0.375539 -1.585173 -0.808056 0.388288 -1.543143 -0.808056 0.401038 -1.585173 -0.808056 0.379506 -1.587294 -0.808056 0.383811 -1.543584 -0.808056 0.404516 -1.582319 -0.808056 0.383811 -1.5886 -1.001126 0.591209 -1.427325 -1.001126 0.614237 -1.470408 -1.001126 0.139596 -1.614389 -1.001126 0.134807 -1.565773 -1.001126 0.560218 -1.389562 -1.001126 0.153776 -1.661137 -1.001126 0.522455 -1.358571 -1.001126 0.176805 -1.704221 -1.001126 0.479371 -1.335542 -1.001126 0.432623 -1.810184 -1.001126 0.384007 -1.814972 -1.001126 0.207796 -1.741984 -1.001126 0.432623 -1.321361 -1.001126 0.479372 -1.796003 -1.001126 0.245559 -1.772975 -1.001126 0.384007 -1.316573 -1.001126 0.522455 -1.772975 -1.001126 0.288643 -1.796003 -1.001126 0.33539 -1.321361 -1.001126 0.560218 -1.741983 -1.001126 0.335391 -1.810184 -1.001126 0.288642 -1.335542 -1.001126 0.591209 -1.704221 -1.001126 0.245559 -1.358571 -1.001126 0.614237 -1.661137 -1.001126 0.207796 -1.389562 -1.001126 0.628418 -1.614389 -1.001126 0.176805 -1.427325 -1.001126 0.633207 -1.565773 -1.001126 0.153776 -1.470408 -1.001126 0.628418 -1.517156 -1.001126 0.139595 -1.517156 -0.997385 0.15026 -1.612268 -0.997385 0.14568 -1.565773 -0.997385 0.552529 -1.39725 -0.997385 0.582168 -1.433365 -0.997385 0.1638219 -1.656976 -0.997385 0.516414 -1.367611 -0.997385 0.185846 -1.69818 -0.997385 0.475211 -1.345587 -0.997385 0.430502 -1.79952 -0.997385 0.384007 -1.804099 -0.997385 0.215485 -1.734295 -0.997385 0.430502 -1.332025 -0.997385 0.475211 -1.785958 -0.997385 0.2516 -1.763934 -0.997385 0.384007 -1.327446 -0.997385 0.516414 -1.763934 -0.997385 0.292804 -1.785958 -0.997385 0.337512 -1.332025 -0.997385 0.552529 -1.734295 -0.997385 0.337512 -1.79952 -0.997385 0.292803 -1.345587 -0.997385 0.582168 -1.69818 -0.997385 0.2516 -1.367611 -0.997385 0.604192 -1.656976 -0.997385 0.215484 -1.39725 -0.997385 0.617754 -1.612268 -0.997385 0.185845 -1.433365 -0.997385 0.622334 -1.565773 -0.997385 0.1638219 -1.474569 -0.997385 0.617754 -1.519277 -0.997385 0.15026 -1.519278 -0.997385 0.604192 -1.474569 -0.984658 0.454794 -1.552444 -0.984658 0.456104 -1.565743 -0.984658 0.444615 -1.527869 -0.984658 0.450915 -1.539655 -0.984658 0.425807 -1.509061 -0.984658 0.436137 -1.517539 -0.984658 0.401233 -1.498882 -0.984658 0.414021 -1.502761 -0.984658 0.374633 -1.498882 -0.984658 0.387933 -1.497572 -0.984658 0.350059 -1.509061 -0.984658 0.361845 -1.502761 -0.984658 0.331251 -1.527869 -0.984658 0.339729 -1.517539 -0.984658 0.321072 -1.552444 -0.984658 0.324951 -1.539655 -0.984658 0.321072 -1.579043 -0.984658 0.319762 -1.565743 -0.984658 0.331251 -1.603617 -0.984658 0.324951 -1.591831 -0.984658 0.350059 -1.622426 -0.984658 0.339729 -1.613948 -0.984658 0.374633 -1.632605 -0.984658 0.361845 -1.628725 -0.984658 0.401233 -1.632605 -0.984658 0.387933 -1.633914 -0.984658 0.425807 -1.622426 -0.984658 0.414021 -1.628725 -0.984658 0.444615 -1.603617 -0.984658 0.436137 -1.613948 -0.984658 0.454794 -1.579043 -0.984658 0.450915 -1.591831 -0.989788 0.369299 -1.537856 -0.989788 0.364217 -1.542027 -0.989788 0.394476 -1.532848 -0.989788 0.400768 -1.534756 -0.989788 0.394476 -1.598639 -0.989788 0.400768 -1.59673 -0.989788 0.360045 -1.547109 -0.989788 0.387933 -1.532203 -0.989788 0.406567 -1.593631 -0.989788 0.356946 -1.552908 -0.989788 0.411649 -1.58946 -0.989788 0.355037 -1.5592 -0.989788 0.415821 -1.584377 -0.989788 0.354393 -1.565743 -0.989788 0.41892 -1.578578 -0.989788 0.355037 -1.572286 -0.989788 0.420829 -1.572286 -0.989788 0.356946 -1.578578 -0.989788 0.421473 -1.565743 -0.989788 0.360045 -1.584377 -0.989788 0.420829 -1.5592 -0.989788 0.364217 -1.58946 -0.989788 0.41892 -1.552908 -0.989788 0.369299 -1.593631 -0.989788 0.415821 -1.547109 -0.989788 0.375098 -1.59673 -0.989788 0.38139 -1.532848 -0.989788 0.411649 -1.542027 -0.989788 0.38139 -1.598639 -0.989788 0.375098 -1.534756 -0.989788 0.406567 -1.537856 -0.989788 0.387933 -1.599283 -0.993452 0.36599 -1.561378 -0.993452 0.367263 -1.557181 -0.993452 0.406536 -1.578173 -0.993452 0.403753 -1.581563 -0.993452 0.36556 -1.565743 -0.993452 0.408603 -1.574305 -0.993452 0.36599 -1.570108 -0.993452 0.409876 -1.570108 -0.993452 0.367263 -1.574305 -0.993452 0.410306 -1.565743 -0.993452 0.36933 -1.578173 -0.993452 0.409876 -1.561378 -0.993452 0.372113 -1.581563 -0.993452 0.408603 -1.557181 -0.993452 0.375503 -1.584346 -0.993452 0.406536 -1.553313 -0.993452 0.379371 -1.586413 -0.993452 0.383568 -1.5438 -0.993452 0.387933 -1.54337 -0.993452 0.403753 -1.549923 -0.993452 0.383568 -1.587687 -0.993452 0.379371 -1.545073 -0.993452 0.400363 -1.54714 -0.993452 0.387933 -1.588116 -0.993452 0.375503 -1.54714 -0.993452 0.396495 -1.545073 -0.993452 0.392298 -1.587687 -0.993452 0.372113 -1.549923 -0.993452 0.392298 -1.5438 -0.993452 0.396495 -1.586413 -0.993452 0.36933 -1.553313 -0.993452 0.400363 -1.584346</float_array>
          <technique_common>
            <accessor source="#Circle_003-mesh-positions-array" count="450" stride="3">
              <param name="X" type="float"/>
              <param name="Y" type="float"/>
              <param name="Z" type="float"/>
            </accessor>
          </technique_common>
        </source>
        <source id="Circle_003-mesh-normals">
          <float_array id="Circle_003-mesh-normals-array" count="4257">-0.4947813 -0.7664034 -0.4096553 -0.4947772 -0.7664061 -0.4096551 -0.4947831 -0.7664021 -0.4096553 -0.494763 0.8648442 0.08517259 -0.4947661 0.8648423 0.08517259 -0.4947674 0.8648415 0.08517253 -0.4947676 -0.6717675 -0.5513015 -0.4947749 -0.6717613 -0.5513026 -0.4947643 -0.6717704 -0.5513011 -0.4947675 0.8316039 0.2522702 -0.4947729 0.8316011 0.2522687 -0.4947752 0.8315999 0.2522681 -0.4947711 -0.5513013 -0.6717653 -0.4947667 -0.5513051 -0.6717654 -0.494773 -0.5512996 -0.6717652 -0.4947763 0.7664064 0.4096554 -0.4947952 0.7663999 0.4096449 -0.4948031 0.7663971 0.4096405 -0.4947754 -0.4096587 -0.7664054 -0.4947783 -0.4096565 -0.7664046 -0.494774 -0.4096598 -0.7664057 -0.4947606 -0.08518457 0.8648443 -0.4947642 -0.08518481 0.8648423 -0.4947656 -0.08518493 0.8648414 -0.4947903 0.6717614 0.5512888 -0.4947696 0.6717647 0.5513032 -0.4947609 0.6717661 0.5513094 -0.4947669 -0.2522585 -0.8316076 -0.4947659 -0.2522571 -0.8316088 -0.4947674 -0.2522592 -0.8316072 -0.4947912 -0.2522614 0.8315924 -0.4947671 -0.2522593 0.8316074 -0.4948021 -0.2522624 0.8315857 -0.4947631 0.5512984 0.6717735 -0.4947775 0.551295 0.6717657 -0.4947835 0.5512935 0.6717624 -0.4947637 -0.08518457 -0.8648424 -0.4947613 -0.08518576 -0.8648439 -0.494765 -0.08518409 -0.8648418 -0.4947736 -0.4096544 0.7664089 -0.4947838 -0.4096534 0.7664027 -0.494769 -0.4096549 0.7664116 -0.4947795 0.4096575 0.7664034 -0.4947795 0.4096529 0.7664059 -0.4947795 0.4096509 0.7664069 -0.4947592 0.08518481 -0.8648452 -0.4947603 0.0851857 -0.8648443 -0.4947608 0.08518612 -0.864844 -0.4947813 -0.5512974 0.6717609 -0.4947887 -0.5512912 0.6717606 -0.4947918 -0.5512886 0.6717604 -0.4947667 0.2522578 0.8316082 -0.4947521 0.2522571 0.8316169 -0.4947459 0.2522568 0.8316208 -0.4947627 0.252268 -0.8316074 -0.494768 0.2522647 -0.8316053 -0.4947702 0.2522633 -0.8316044 -0.4947806 -0.6717625 0.5512961 -0.4947838 -0.6717606 0.5512955 -0.4947791 -0.6717634 0.5512964 -0.4947676 0.08518487 0.8648402 -0.4947608 0.08518534 0.8648441 -0.4947579 0.08518558 0.8648457 -0.4947693 0.4096519 -0.7664129 -0.4947674 0.4096531 -0.7664135 -0.4947666 0.4096536 -0.7664137 -0.4947825 -0.7664028 0.409655 -0.4947745 -0.7664074 0.4096559 -0.4947711 -0.7664094 0.4096562 -0.4947593 0.5513096 -0.6717671 -0.4947611 0.5513089 -0.6717664 -0.4947585 0.55131 -0.6717674 -0.4947734 -0.8316038 0.252259 -0.4947819 -0.8315982 0.2522606 -0.4947854 -0.8315958 0.2522613 -0.4947621 0.6717653 -0.5513092 -0.4947581 0.6717674 -0.5513103 -0.4947564 0.6717683 -0.5513108 -0.4947847 -0.8648307 0.08518236 -0.4947708 -0.8648393 0.08517599 -0.4947648 -0.864843 0.0851733 -0.4947711 0.7664124 -0.4096508 -0.4947659 0.7664135 -0.4096549 -0.4947734 0.7664118 -0.409649 -0.4947617 -0.864845 -0.08517193 -0.4947633 -0.8648439 -0.08517187 -0.4947609 -0.8648453 -0.08517193 -0.4947707 0.8316032 -0.2522664 -0.4947675 0.831605 -0.2522664 -0.4947721 0.8316022 -0.2522664 -0.4947686 -0.8316037 -0.2522685 -0.4947628 -0.8316074 -0.2522675 -0.4947711 -0.831602 -0.252269 -0.4947635 0.8648437 -0.08517253 -0.4947662 0.8648422 -0.08517253 -0.4947623 0.8648445 -0.08517253 0 -0.8819218 -0.4713957 0 -0.8819218 -0.4713957 0 0.9951856 0.09800893 0 0.9951856 0.09800893 0 0.9951856 0.09800899 0 -0.7730074 -0.6343971 0 -0.7730078 -0.6343966 0 -0.7730072 -0.6343975 0 0.9569388 0.2902899 0 0.9569388 0.2902899 0 0.9569388 0.2902899 0 -0.6343962 -0.7730082 0 -0.6343964 -0.7730079 0 -0.634396 -0.7730083 1.73195e-6 0.8819233 0.471393 4.41184e-6 0.8819208 0.4713976 0 0.8819249 0.47139 0 -0.4714004 -0.8819193 0 -0.4714001 -0.8819196 0 -0.4714007 -0.8819192 0 -0.09802198 0.9951843 0 -0.09802192 0.9951843 0 -0.09802204 0.9951843 3.78975e-6 0.77301 0.6343939 1.48772e-6 0.773013 0.6343902 5.27746e-6 0.7730081 0.6343962 0 -0.2902765 -0.9569428 0 -0.2902767 -0.9569428 0 -0.2902764 -0.9569429 0 -0.2902767 0.9569428 0 -0.2902765 0.9569428 0 -0.2902768 0.9569428 0 0.6343898 0.7730134 0 -0.09802359 -0.9951842 0 -0.09802365 -0.9951841 0 -0.09802353 -0.9951842 0 -0.4714017 0.8819186 0 -0.471402 0.8819185 0 -0.4714015 0.8819189 0 0.4713956 0.881922 0 0.4713954 0.881922 0 0.09802359 -0.9951841 0 0.09802365 -0.9951841 0 0.09802359 -0.9951841 0 -0.6343878 0.7730151 0 -0.6343874 0.7730154 0 -0.6343881 0.7730147 0 0.2902728 0.9569439 0 0.2902848 -0.9569403 0 0.2902848 -0.9569404 0 -0.7730138 0.6343893 0 -0.7730135 0.6343897 0 -0.773014 0.6343889 0 0.09802329 0.9951842 0 0.09802329 0.9951841 0 0.4713956 -0.881922 0 0.4713954 -0.881922 0 0.4713957 -0.8819218 0 -0.8819218 0.4713957 0 -0.8819218 0.4713957 0 0.6343966 -0.7730078 0 0.6343967 -0.7730076 0 0.6343965 -0.7730078 0 -0.9569401 0.2902854 0 -0.9569404 0.2902848 0 -0.95694 0.2902858 0 0.7730073 -0.6343972 0 0.7730076 -0.6343968 0 0.7730072 -0.6343973 0 -0.9951854 0.09801059 0 -0.9951854 0.09801054 0 -0.9951854 0.09801059 0 0.881922 -0.4713953 0 0.881922 -0.4713954 0 0.8819221 -0.4713953 0 -0.9951856 -0.0980091 0 -0.9951856 -0.0980091 0 -0.9951856 -0.0980091 0 0.9569401 -0.2902857 0 0.9569401 -0.2902856 0 0.95694 -0.2902858 0 -0.9569403 -0.2902848 0 -0.9569402 -0.2902853 0 -0.9569404 -0.2902845 0 0.9951856 -0.09800899 0 0.9951856 -0.09800893 0 0.9951856 -0.09800899 0.5028456 0.7623084 -0.4074705 0.5028599 0.7623041 -0.4074611 0.5028662 0.7623021 -0.4074569 0.5028617 -0.8602052 -0.08471864 0.5028549 -0.8602094 -0.08471679 0.5028518 -0.8602112 -0.08471596 0.5028459 0.8271582 -0.2509092 0.5028572 0.8271502 -0.2509128 0.5028405 0.8271619 -0.2509075 0.5028447 -0.8271585 -0.2509102 0.5028569 -0.8271505 -0.2509125 0.5028624 -0.827147 -0.2509136 0.5028615 0.8602052 -0.08471989 0.5028557 0.8602089 -0.08471727 0.5028643 0.8602036 -0.08472114 0.5028476 -0.7623078 -0.4074695 0.5028597 -0.7623046 -0.4074602 0.5028418 -0.7623091 -0.4074739 0.5028531 0.86021 0.0847209 0.5028622 0.860205 0.08471721 0.5028488 0.8602123 0.08472269 0.502841 -0.6681781 -0.5483512 0.5028579 -0.6681659 -0.5483506 0.5028654 -0.6681604 -0.5483503 0.502868 0.8271432 0.2509146 0.5028651 0.8271445 0.2509157 0.5028693 0.8271425 0.2509141 0.5028398 -0.5483576 -0.6681738 0.502835 -0.5483609 -0.6681747 0.502833 -0.5483624 -0.6681751 0.5028568 0.762308 0.4074575 0.5028439 0.7623124 0.4074652 0.5028629 0.7623059 0.4074539 0.5028629 -0.4074572 -0.7623043 0.5028463 -0.4074653 -0.7623108 0.5028389 -0.407469 -0.7623137 0.5028483 -0.08472275 0.8602127 0.5028423 -0.08472627 0.8602158 0.5028397 -0.08472788 0.8602172 0.5028455 0.6681725 0.5483539 0.5028511 0.6681725 0.5483488 0.5028429 0.6681725 0.5483562 0.5028492 -0.2509151 -0.8271544 0.5028566 -0.250908 -0.827152 0.50286 -0.2509049 -0.827151 0.50286 -0.250916 0.8271476 0.5028443 -0.2509126 0.8271582 0.5028373 -0.250911 0.8271629 0.5028552 0.5483489 0.6681692 0.5028449 0.5483538 0.668173 0.5028601 0.5483466 0.6681675 0.5028465 -0.08472567 -0.8602133 0.5028379 -0.08472871 -0.8602181 0.502834 -0.08473002 -0.8602203 0.502858 -0.4074585 0.7623068 0.5028433 -0.4074661 0.7623123 0.502865 -0.4074549 0.7623041 0.5028571 0.4074555 0.7623089 0.5028644 0.4074578 0.7623028 0.5028536 0.4074543 0.7623118 0.5028409 0.08472472 -0.8602168 0.5028436 0.08472794 -0.8602149 0.5028447 0.08472931 -0.8602141 0.5028501 -0.5483517 0.6681708 0.5028548 -0.5483471 0.6681711 0.5028478 -0.5483539 0.6681708 0.502864 0.2509122 0.8271462 0.5028417 0.2509094 0.8271607 0.5028746 0.2509135 0.8271394 0.5028381 0.2509182 -0.8271602 0.502833 0.2509191 -0.8271631 0.5028307 0.2509194 -0.8271644 0.5028522 -0.6681687 0.5483524 0.5028485 -0.6681728 0.5483509 0.5028539 -0.6681667 0.5483531 0.502845 0.08472418 0.8602144 0.5028446 0.08472728 0.8602144 0.5028452 0.08472269 0.8602144 0.502846 0.4074689 -0.7623092 0.5028614 0.4074612 -0.762303 0.5028386 0.4074724 -0.7623119 0.5028492 -0.7623092 0.4074645 0.5028409 -0.7623146 0.407465 0.5028533 -0.7623068 0.4074644 0.5028559 0.5483484 -0.6681692 0.5028571 0.5483533 -0.6681642 0.5028576 0.5483556 -0.668162 0.5028445 -0.8271592 0.2509087 0.5028568 -0.8271507 0.250912 0.5028386 -0.8271633 0.2509071 0.5028568 0.6681658 -0.5483518 0.5028616 0.6681622 -0.5483516 0.5028545 0.6681674 -0.5483518 0.5028604 -0.8602058 0.08472007 0.5028519 -0.860211 0.08471786 0.5028644 -0.8602034 0.08472108 -0.9987935 0.01886266 -0.0453431 -0.9988064 0.02705568 -0.04066777 -0.9988514 0.02270519 -0.04219549 -0.9988373 -0.04610246 0.01409816 -0.9988349 -0.04018396 0.02672433 -0.9988206 -0.04489922 0.01848614 -0.9988205 0.03426074 -0.03440737 -0.9988208 0.03439104 -0.03426921 -0.9988117 -0.04849863 0.004815042 -0.9988064 -0.04792571 0.009432375 -0.9988349 0.04006814 -0.0268979 -0.9988107 0.03780776 -0.03078716 -0.9988024 -0.04870092 -0.004692375 -0.9987933 -0.04911398 -8.96941e-5 -0.9988491 0.04427582 -0.01844823 -0.9988493 0.04434096 -0.01827555 -0.9987816 -0.04841345 -0.009564578 -0.9987815 -0.04838871 -0.009703397 -0.9988625 0.04675084 -0.009395122 -0.9988627 0.04677957 -0.009225308 -0.9987719 -0.04579514 -0.01891434 -0.9987717 -0.04575455 -0.01901823 -0.9988746 0.04743105 -8.34995e-5 -0.9988747 0.04742664 6.9736e-5 -0.9987644 -0.04134041 -0.02758032 -0.9987643 -0.04129868 -0.02764523 -0.998885 0.0463165 0.009141206 -0.9988852 0.04628765 0.009267032 -0.9987599 -0.03521817 -0.03519248 -0.9987599 -0.03518992 -0.03522068 -2.08103e-5 -0.8314714 0.5555678 -2.32584e-5 -0.8314688 0.5555716 -2.27338e-5 -0.831477 0.5555593 -0.9988936 0.04347056 0.01794642 -0.9988937 0.0434302 0.0180391 -0.9987463 -0.03175729 -0.0386964 -0.9987463 -0.03175693 -0.03869646 -0.9988998 0.03901422 0.02602285 -0.9988998 0.03897553 0.02607977 -0.9987463 -0.02359741 -0.0441482 -0.9987598 -0.0190733 -0.04598987 -0.9987599 -0.01903533 -0.04600471 -0.9988852 -0.009152173 0.04631125 -0.9988935 -5.54243e-5 0.04702931 -0.9988851 -0.009278476 0.04628878 -0.9989036 0.03311663 0.03308945 -0.9989036 0.033091 0.03311389 -0.9987644 -0.009736895 -0.04873365 -0.9987645 -0.009660184 -0.04874765 -0.9988747 -0.01808643 0.0438435 -0.9988746 -0.01822936 0.04378825 -0.9989049 0.02599257 0.03890228 -0.9989049 0.02599275 0.03890234 -0.9987718 -6.09074e-5 -0.04954928 -0.9987719 5.08653e-5 -0.04954719 -0.9988626 -0.02642422 0.03968858 -0.9988625 -0.02657073 0.03959715 -0.9989037 0.01793056 0.04324483 -0.9989037 0.01789706 0.04325848 -0.9987815 0.009551048 -0.04841899 -0.9987817 0.00968939 -0.04838836 -0.9988493 -0.03385215 0.03397196 -0.9988491 -0.03398776 0.03384524 -0.9988999 0.009180068 0.04598844 -0.9988998 0.009111642 0.04600262 -0.9987933 0.01871186 -0.04541003 -0.9988352 -0.04007315 0.02687984 -0.9988936 4.53797e-5 0.0470277 -0.9040521 -0.3304051 -0.2711498 -0.9040557 -0.3303971 -0.2711477 -0.9040565 -0.3303955 -0.2711473 -0.8936242 0.1302887 0.4294889 -0.8936121 0.1302874 0.4295145 -0.8936098 0.1302871 0.4295193 -0.9024075 0.1250818 -0.4123293 -0.9024077 0.125082 -0.4123287 -0.9024074 0.1250818 -0.4123295 -0.9042419 -0.2708984 -0.3300918 -0.9042478 -0.2708901 -0.3300827 -0.904249 -0.2708885 -0.3300809 -0.8940449 0.04390823 0.4458206 -0.8940575 0.04391062 0.445795 -0.8940599 0.04391109 0.4457902 -0.9015407 0.2039679 -0.3816036 -0.9015534 0.2039595 -0.3815785 -0.9015381 0.2039698 -0.3816093 -0.90424 -0.2013037 -0.3765991 -0.9042429 -0.2012947 -0.3765969 -0.9042394 -0.2013058 -0.3765997 -0.8946844 -0.043783 0.4445482 -0.8946819 -0.04378825 0.4445524 -0.8946815 -0.0437892 0.4445532 -0.9005865 0.2757549 -0.3360107 -0.9005855 0.275753 -0.336015 -0.9005867 0.2757554 -0.3360098 -0.9040585 -0.1240685 -0.4090054 -0.9040477 -0.1240816 -0.4090251 -0.9040609 -0.1240655 -0.4090009 -0.8954791 -0.1292085 0.4259371 -0.895497 -0.1291921 0.4259043 -0.8955004 -0.129189 0.4258981 -0.899549 0.3376702 -0.2771114 -0.8995627 0.3376497 -0.2770918 -0.899546 0.3376746 -0.2771157 -0.9036691 -0.04197305 -0.4261694 -0.9036793 -0.04196494 -0.4261487 -0.9036669 -0.04197484 -0.4261741 -0.8964263 -0.2089172 0.3908626 -0.8964142 -0.2089326 0.3908823 -0.8964118 -0.2089356 0.390886 -0.8984907 0.3871595 -0.2069354 -0.8984853 0.3871658 -0.2069468 -0.8984918 0.3871582 -0.206933 -2.42538e-5 -0.8314744 0.5555632 -2.20177e-5 -0.831489 0.5555413 -0.8974281 -0.2798699 0.3410217 -0.8974201 -0.2798838 0.3410313 -0.8974185 -0.2798865 0.3410332 -0.8974261 0.4221672 -0.128067 -0.8974291 0.4221622 -0.1280627 -0.8974255 0.4221683 -0.128068 -0.8984802 -0.3393652 0.2785043 -0.8984927 -0.3393398 0.2784948 -0.8984951 -0.3393349 0.2784931 -0.8964021 0.4411079 -0.04344224 -0.8964107 0.4410908 -0.04343885 -0.8964002 0.4411115 -0.04344296 -0.8995589 -0.3852227 0.205906 -0.8995593 -0.3852218 0.2059063 -0.8995593 -0.3852216 0.2059063 -0.8954836 0.4429519 0.04362362 -0.895479 0.4429609 0.04362356 -0.8954845 0.44295 0.04362368 -0.9005894 -0.4159559 0.1261729 -0.900586 -0.4159629 0.1261738 -0.9005853 -0.4159643 0.126174 -0.8946903 0.4274522 0.1296691 -0.894687 0.4274586 0.1296705 -0.8946909 0.4274508 0.1296688 -0.9015458 -0.4306003 0.04240936 -0.9015527 -0.4305856 0.04241198 -0.9015541 -0.4305827 0.04241251 -0.8940495 0.3950763 0.2111644 -0.8940581 0.3950574 0.2111631 -0.8940476 0.3950804 0.2111648 -0.9024019 -0.4288207 -0.04223299 -0.9023978 -0.4288289 -0.04223877 -0.9023969 -0.4288305 -0.0422399 -0.8936049 0.3469725 0.2847462 -0.8936129 0.3469578 0.2847392 -0.8936033 0.3469756 0.2847478 -0.9031133 -0.4109125 -0.1246493 -0.9031116 -0.410915 -0.1246531 -0.9031112 -0.4109154 -0.1246538 -0.893387 0.2850253 0.3473044 -0.8933854 0.2850278 0.3473068 -0.8933873 0.2850248 0.3473038 -0.9036676 -0.3776701 -0.2018668 -0.9036752 -0.3776565 -0.2018585 -0.9036767 -0.3776537 -0.2018567 -0.8933941 0.2117835 0.3962258 -0.8933967 0.2117851 0.3962189 -0.8933973 0.2117854 0.3962176 -0.9031196 0.04208558 -0.4273218 -0.9031168 0.04208356 -0.4273276 -0.9031202 0.04208606 -0.4273205 -0.9956055 0.0931968 -0.009178757 -0.9956052 0.09319859 -0.009178757 -0.9956054 0.09319669 -0.009178757 -0.9955595 0.08301961 -0.04437512 -0.9955593 0.08301925 -0.04437804 -0.9955595 0.08301967 -0.04437494 -0.995541 0.05984288 -0.07291859 -0.995541 0.0598433 -0.07291764 -0.995541 0.05984288 -0.07291865 -0.9955534 0.02735054 -0.09014153 -0.9955534 0.02734506 -0.09014207 -0.9955534 0.0273447 -0.09014213 -0.9955946 -0.009193539 -0.09331095 -0.9955946 -0.009188055 -0.09331154 -0.9955946 -0.009187698 -0.09331154 -0.9956569 -0.04389238 -0.08210331 -0.9956572 -0.04388511 -0.08210361 -0.9956572 -0.04388463 -0.08210361 -0.9957308 -0.07134962 -0.05856102 -0.9957304 -0.07135701 -0.05855989 -0.9957304 -0.07135748 -0.05855983 -0.9958033 -0.0875777 -0.0265693 -0.995803 -0.08758211 -0.02656793 -0.9958029 -0.08758234 -0.02656787 -0.9958642 -0.09041714 0.008904457 -0.9958643 -0.09041696 0.008904874 -0.9958642 -0.09041696 0.008904874 -0.9959059 -0.07972264 0.04261219 -0.9959056 -0.07972484 0.04261457 -0.9959056 -0.07972496 0.04261469 -0.9959217 -0.05723416 0.06974381 -0.9959219 -0.0572341 0.06974208 -0.9959219 -0.0572341 0.06974196 -0.9959108 -0.02622777 0.08645159 -0.995911 -0.02622109 0.08645188 -0.9959108 -0.02622818 0.08645153 -0.9958741 0.00889647 0.09030884 -0.9958741 0.008890807 0.09030908 -0.9958741 0.008896827 0.09030884 -0.9958162 0.04307478 0.08058935 -0.9958161 0.04307967 0.08058887 -0.9958162 0.04307442 0.08058935 -0.9957451 0.0712341 0.05845916 -0.995745 0.07123577 0.05845743 -0.9957451 0.07123404 0.05845928 -0.9956709 0.08894664 0.02698266 -0.9956712 0.08894431 0.02698248 -0.9956709 0.08894675 0.02698266 -0.9778802 0.09860599 0.1844652 -0.9778802 0.09860396 0.1844655 -0.9778801 0.09860634 0.1844651 -0.9778805 0.02049601 -0.2081577 -0.9778809 0.02049994 -0.2081555 -0.977881 0.02050125 -0.2081547 -0.9778808 -0.1326933 0.161684 -0.9778814 -0.1327054 0.1616704 -0.9778816 -0.1327095 0.1616659 -0.9778805 0.06070715 0.2001612 -0.977881 0.06069833 0.2001615 -0.9778811 0.06069535 0.2001616 -0.9778804 0.06070715 -0.2001612 -0.977881 0.06069833 -0.2001615 -0.9778804 0.06070876 -0.2001612 -0.9778811 -0.1616862 0.1326889 -0.9778811 -0.1616799 0.132696 -0.9778811 -0.1616778 0.1326984 -0.9778805 0.02049601 0.2081577 -0.9778809 0.02049994 0.2081555 -0.9778804 0.02049529 0.2081581 -0.9778802 0.09860599 -0.1844652 -0.9778802 0.09860396 -0.1844655 -0.9778804 0.0986033 -0.1844657 -0.97788 -0.184463 0.09861081 -0.9778786 -0.1844695 0.09861254 -0.9778803 -0.1844618 0.09861052 -0.9778809 0.1326886 -0.1616874 -0.9778804 0.1326956 -0.1616846 -0.977881 0.1326873 -0.161688 -0.9778816 -0.2001521 0.06072014 -0.9778814 -0.2001538 0.06071561 -0.9778816 -0.2001519 0.06072098 -0.9778816 0.1616857 -0.132685 -0.9778814 0.1616902 -0.1326812 -0.9778813 0.1616917 -0.1326799 -0.9778808 -0.2081562 0.02049744 -0.9778813 -0.2081562 0.02048069 -0.9778813 -0.2081562 0.02047502 -0.9778803 0.1844673 -0.09860002 -0.9778803 0.1844647 -0.09860521 -0.9778803 0.1844677 -0.09859907 -0.9778804 -0.2081581 -0.02049762 -0.9778824 -0.2081508 -0.02048015 -0.9778801 -0.2081594 -0.02050077 -0.977882 0.20015 -0.06071931 -0.9778809 0.2001568 -0.06071496 -0.9778823 0.2001488 -0.06072008 -0.977882 -0.20015 -0.06071954 -0.9778808 -0.2001568 -0.0607165 -0.9778804 -0.200159 -0.06071555 -0.9778801 0.2081592 -0.02050179 -0.9778803 0.2081578 -0.02050721 -0.9778804 0.2081573 -0.020509 -0.9778801 -0.1844627 -0.09861069 -0.977879 -0.1844679 -0.09861165 -0.9778787 -0.1844695 -0.09861201 -0.9778807 0.2081565 0.02050149 -0.9778803 0.2081577 0.02050721 -0.9778807 0.2081562 0.02050048 -0.9778822 -0.1616823 -0.1326858 -0.9778805 -0.1616818 -0.1326976 -0.9778823 -0.1616824 -0.1326836 -0.9778816 0.2001521 0.0607199 -0.9778816 0.2001538 0.06071406 -0.9778815 0.2001543 0.06071209 -0.9778805 -0.132694 -0.1616848 -0.9778819 -0.132704 -0.1616687 -0.9778803 -0.1326921 -0.1616877 -0.9778823 0.184462 0.09859126 -0.9778807 0.1844605 0.09860926 -0.9778825 0.1844622 0.09858798 -0.9778804 -0.09860539 -0.1844639 -0.9778804 -0.09860444 -0.1844649 -0.9778805 -0.09860563 -0.1844637 -0.9778809 -0.02050101 0.2081555 -0.9778809 -0.02049893 0.2081559 -0.9778809 -0.02050137 0.2081555 -0.9778813 0.1616815 0.132692 -0.9778811 0.1616926 0.1326809 -0.9778814 0.1616795 0.1326941 -0.9778801 -0.06070756 -0.2001631 -0.9778803 -0.06069839 -0.2001648 -0.9778803 -0.06069529 -0.2001654 -0.9778795 -0.0607208 0.2001615 -0.9778801 -0.06070166 0.2001644 -0.9778795 -0.06072425 0.200161 -0.9778802 0.1326906 0.1616898 -0.9778798 0.1326972 0.1616866 -0.9778797 0.1326994 0.1616855 -0.9778808 -0.02050101 -0.2081557 -0.9778806 -0.02049911 -0.2081571 -0.9778804 -0.02049845 -0.2081576 -0.97788 -0.09859967 0.1844695 -0.9778806 -0.09859287 0.1844698 -0.9778798 -0.09860092 0.1844695 -0.9616838 0.1292507 -0.2417821 -0.9616856 0.129261 -0.2417693 -0.9616872 0.1292696 -0.2417585 -0.9616867 -0.2417731 0.1292464 -0.961687 -0.2417755 0.1292397 -0.9616865 -0.2417716 0.1292506 -0.9616853 0.1739237 -0.2119243 -0.9616852 0.1739227 -0.2119254 -0.9616853 0.1739218 -0.2119263 -0.9616852 -0.2623509 0.07958495 -0.9616836 -0.2623559 0.07958704 -0.9616861 -0.2623478 0.07958364 -0.9616775 0.2119545 -0.1739302 -0.9616827 0.2119234 -0.1739394 -0.9616742 0.2119744 -0.1739242 -0.9616848 -0.2728397 0.02684897 -0.9616817 -0.2728495 0.02686309 -0.9616789 -0.2728578 0.02687507 -0.9616803 0.2417919 -0.1292589 -0.9616805 0.241795 -0.1292513 -0.9616801 0.24179 -0.1292637 -0.9616832 -0.2728452 -0.0268495 -0.9616839 -0.2728418 -0.02686238 -0.9616829 -0.2728474 -0.02684134 -0.9616779 0.2623756 -0.07959043 -0.9616771 0.2623782 -0.07959187 -0.9616765 0.2623803 -0.07959312 -0.9616852 -0.2623509 -0.07958495 -0.9616836 -0.2623559 -0.07958704 -0.9616824 -0.26236 -0.07958883 -0.9616817 0.2728477 -0.0268805 -0.9616814 0.2728487 -0.02687972 -0.9616818 0.2728471 -0.02688097 -0.9616864 -0.2417737 -0.1292467 -0.9616864 -0.2417769 -0.1292405 -0.9616864 -0.2417796 -0.1292353 -0.9616812 0.2728493 0.02688068 -0.9616802 0.2728528 0.02688014 -0.9616794 0.2728559 0.02687972 -0.9616807 -0.2119379 -0.1739324 -0.9616804 -0.2119424 -0.1739286 -0.9616802 -0.2119463 -0.1739252 -0.961681 0.2623657 0.07958745 -0.9616785 0.2623736 0.07959049 -0.9616825 0.2623606 0.07958549 -0.9616863 -0.1739381 -0.2119086 -0.9616821 -0.1739361 -0.2119292 -0.9616889 -0.1739393 -0.2118955 -0.9616804 0.2417913 0.1292586 -0.961681 0.2417935 0.1292505 -0.9616814 0.2417953 0.1292437 -0.9616874 -0.1292295 -0.2417793 -0.9616857 -0.1292397 -0.2417805 -0.9616842 -0.1292485 -0.2417815 -0.9616805 -0.02686184 0.2728537 -0.9616822 -0.02685815 0.2728485 -0.9616795 -0.02686417 0.2728571 -0.9616793 0.2119495 0.173926 -0.9616844 0.211919 0.1739358 -0.9616886 0.211893 0.1739441 -0.961685 -0.07956486 -0.2623578 -0.9616808 -0.07960098 -0.2623616 -0.9616774 -0.07963168 -0.2623648 -0.961685 -0.07956486 0.2623578 -0.9616808 -0.07960098 0.2623616 -0.9616875 -0.07954174 0.2623554 -0.9616872 0.1739196 0.2119193 -0.9616838 0.173926 0.2119295 -0.9616894 0.1739155 0.2119128 -0.9616816 -0.02686142 -0.2728498 -0.9616826 -0.02685797 -0.2728467 -0.9616834 -0.02685499 -0.272844 -0.9616863 -0.1292313 0.2417827 -0.961686 -0.1292393 0.2417796 -0.9616864 -0.1292262 0.2417846 -0.961685 0.1292489 0.2417787 -0.9616854 0.1292614 0.2417702 -0.9616847 0.1292409 0.2417842 -0.9616819 0.02686434 -0.2728485 -0.9616797 0.02686005 -0.2728567 -0.9616779 0.02685642 -0.2728636 -0.9616863 -0.1739381 0.2119086 -0.9616821 -0.1739361 0.2119292 -0.9616785 -0.1739345 0.2119466 -0.961683 0.07956671 0.262364 -0.9616793 0.07960265 0.2623671 -0.961676 0.07963317 0.2623697 -0.9616823 0.07956749 -0.2623665 -0.9616789 0.07960301 -0.2623682 -0.9616845 0.07954478 -0.2623654 -0.9616793 -0.2119419 0.1739357 -0.9616798 -0.2119443 0.1739301 -0.9616789 -0.2119404 0.1739394 -0.9616823 0.02686423 0.2728472 -0.9616807 0.02685976 0.2728534 -0.9616833 0.02686709 0.2728433 -1 3.10315e-6 0 -1 8.46885e-6 0 -1 -5.63658e-6 0 1 0 0 1 -2.7237e-7 0 1 5.21708e-7 0 1 -3.72473e-7 0 1 -4.6544e-7 0 1 3.69416e-7 0 1 2.72376e-7 0 1 0 0 1 0 0 1 6.98136e-7 0 1 -5.21713e-7 0 1 0 0 1 -8.14504e-7 0 1 -2.32715e-7 0 1 -8.14512e-7 0 1 3.69405e-7 0 1 2.1135e-7 0 1 0 0 1 0 0 1 7.77458e-7 0 1 7.3886e-7 0 1 -2.11352e-7 0 1 -1.06756e-6 0 1 8.14495e-7 0 1 0 0 1 -5.33595e-7 0 1 -1.04343e-6 0 1 8.14508e-7 0 1 -7.38822e-7 0 1 0 0 1 7.38822e-7 0 1 -3.17027e-7 0 1 0 0 1 5.21706e-7 0 1 -2.32715e-7 0 1 -1.10826e-6 0 1 3.72473e-7 0 1 -2.72375e-7 0 1 4.65437e-7 0 1 0 0 1 2.72371e-7 0 1 1.61124e-7 0 1 -1.61122e-7 0 1 -5.21711e-7 0 1 -7.38838e-7 0 1 7.38844e-7 0 0.945108 -0.3251843 -0.03203237 0.9451114 -0.3251746 -0.03203243 0.945112 -0.3251726 -0.03203248 0.9451134 0.2525722 0.2072873 0.9451085 0.2525899 0.2072884 0.9451075 0.2525935 0.2072886 0.9451124 -0.3126771 -0.09484601 0.9451085 -0.3126885 -0.09484642 0.9451078 -0.3126908 -0.09484648 0.9451091 0.2072875 0.2525879 0.9451099 0.207289 0.252584 0.94511 0.2072893 0.2525832 0.9451153 -0.288156 -0.1540235 0.9451168 -0.288151 -0.1540237 0.9451172 -0.28815 -0.1540237 0.9451064 0.1540423 0.2881751 0.9451037 0.1540415 0.2881849 0.9451071 0.1540425 0.2881729 0.945109 0.03202652 -0.3251824 0.9451076 0.0320279 -0.3251859 0.9451074 0.03202819 -0.3251866 0.9451134 -0.2525763 -0.207282 0.9451172 -0.2525695 -0.2072731 0.9451126 -0.2525779 -0.2072839 0.9451068 0.09485048 0.3126927 0.9451087 0.09485042 0.3126869 0.9451063 0.09485048 0.312694 0.9451075 0.09484726 -0.3126913 0.9451055 0.09485369 -0.3126953 0.9451079 0.09484577 -0.3126904 0.9451153 -0.2072795 -0.2525713 0.9451163 -0.2072764 -0.2525703 0.9451165 -0.2072758 -0.2525701 0.9451073 0.03202641 0.325187 0.9451122 0.03202378 0.3251731 0.9451062 0.032027 0.3251902 0.9451075 0.1540358 -0.2881752 0.9451118 0.1540275 -0.2881653 0.9451065 0.1540377 -0.2881774 0.9451085 -0.1540315 -0.2881743 0.9451127 -0.1540234 -0.2881646 0.9451136 -0.1540217 -0.2881626 0.9451093 -0.03202331 0.3251814 0.9451101 -0.03202611 0.3251789 0.9451091 -0.03202271 0.325182 0.9451144 0.2072822 -0.252573 0.9451108 0.2072913 -0.2525786 0.9451151 0.2072801 -0.2525718 0.9451047 -0.09485375 -0.3126977 0.9451085 -0.09485089 -0.3126872 0.9451038 -0.09485441 -0.3127 0.9451118 -0.09484404 0.3126794 0.9451084 -0.09485286 0.312687 0.9451126 -0.09484201 0.3126777 0.9451146 0.2525685 -0.2072863 0.9451149 0.2525697 -0.2072835 0.9451145 0.2525682 -0.207287 0.9451088 -0.03202652 -0.3251828 0.9451075 -0.0320279 -0.3251863 0.945109 -0.03202617 -0.325182 0.9451076 -0.1540367 0.2881742 0.9451065 -0.1540415 0.2881754 0.9451079 -0.1540356 0.288174 0.945107 0.2881775 -0.1540341 0.9451124 0.288167 -0.1540213 0.9451134 0.2881649 -0.1540187 0.9451081 -0.2072865 0.2525925 0.9451051 -0.2072976 0.2525947 0.9451089 -0.207284 0.252592 0.9451049 0.3126976 -0.0948531 0.9451074 0.3126902 -0.09485173 0.9451043 0.3126993 -0.0948534 0.945106 -0.2525887 0.207301 0.9451014 -0.2526059 0.207301 0.9451071 -0.2525848 0.2073011 0.9451088 0.325182 -0.03203231 0.9451114 0.3251742 -0.03203332 0.9451082 0.3251838 -0.03203207 0.9451034 -0.2881891 0.1540352 0.9451131 -0.288161 0.1540281 0.9451012 -0.2881954 0.1540369 0.9451099 0.325179 0.03203159 0.9451066 0.3251884 0.03203243 0.9451059 0.3251903 0.0320326 0.9451188 -0.3126592 0.09484153 0.9451138 -0.3126727 0.09484606 0.9451128 -0.3126755 0.09484696 0.9451054 0.3126962 0.09485268 0.9451069 0.3126916 0.09485214 0.9451072 0.3126906 0.09485208 0.9451129 -0.3251703 0.03203058 0.9451148 -0.3251655 0.03202354 0.9451152 -0.3251645 0.03202211 0.9451088 0.288173 0.1540314 0.9451079 0.288176 0.1540318 0.9451077 0.2881765 0.1540319 0.9970536 0.07633864 0.007519721 0.9970536 0.07633942 0.007520079 0.9970536 0.0763396 0.007520198 0.997069 0.0674743 0.03606593 0.9970687 0.06747734 0.03606718 0.9970687 0.067478 0.03606742 0.9971024 0.0482608 0.05880242 0.9971026 0.04825788 0.05880105 0.9971027 0.04825723 0.05880075 0.9971486 0.02190351 0.07221496 0.9971486 0.02190679 0.0722149 0.9971486 0.02190744 0.0722149 0.9971993 -0.007328927 0.07443064 0.9971993 -0.007335484 0.07443052 0.9971993 -0.007336795 0.07443052 0.997247 -0.03495472 0.06539607 0.9972469 -0.03495538 0.06539607 0.997247 -0.03495556 0.06539607 0.9972847 -0.05692636 0.04671829 0.9972849 -0.05692225 0.04671972 0.9972849 -0.05692142 0.04672002 0.9973076 -0.07017427 0.02128666 0.9973075 -0.07017576 0.02128565 0.9973075 -0.07017606 0.02128541 0.9973126 -0.07291191 -0.007182121 0.9973126 -0.07291251 -0.007181704 0.9973126 -0.07291185 -0.007182121 0.9972992 -0.06477457 -0.03462296 0.9972991 -0.06477427 -0.03462362 0.9972991 -0.06477457 -0.0346229 0.9972688 -0.04685556 -0.05709189 0.9972687 -0.04685938 -0.05709111 0.9972688 -0.04685533 -0.05709195 0.9972258 -0.02160555 -0.07123106 0.9972258 -0.02160811 -0.07123076 0.9972259 -0.02160537 -0.07123112 0.9971758 0.007359504 -0.07474195 0.9971756 0.007365107 -0.07474356 0.9971758 0.007359147 -0.07474189 0.9971261 0.03571492 -0.06681281 0.9971264 0.03570401 -0.06681585 0.9971262 0.03571563 -0.06681257 0.9970852 0.05897825 -0.0484032 0.9970849 0.05898356 -0.04840165 0.9970851 0.0589779 -0.04840326 0.9970595 0.07333242 -0.0222454 0.9970596 0.07333207 -0.02224421 0.9970595 0.07333242 -0.02224552 -0.989103 -0.09340214 0.1138043 -0.9891032 -0.09339809 0.113806 -0.9891032 -0.09339666 0.1138065 0.9891026 -0.04273706 -0.1408886 0.9891031 -0.04272872 -0.1408874 0.9891026 -0.04273867 -0.1408889 -0.9891029 0.04274994 -0.1408833 -0.9891036 0.04273223 -0.1408833 -0.9891039 0.04272615 -0.1408833 0.9891021 0.1138074 -0.09340715 0.9891027 0.1137991 -0.09341144 0.9891029 0.1137962 -0.09341293 -0.9891027 0.01443183 0.1465189 -0.9891033 0.01443189 0.1465151 -0.9891026 0.01443183 0.1465196 0.9891026 -0.06940132 0.1298451 0.9891027 -0.06939703 0.1298458 0.9891028 -0.06939554 0.1298461 -0.9891029 -0.1298422 0.06940299 -0.9891033 -0.1298439 0.06939226 -0.9891036 -0.1298445 0.0693885 -0.9891028 0.09340256 -0.1138058 -0.9891036 0.09339708 -0.1138027 -0.989104 0.09339523 -0.1138017 0.9891027 0.1408894 -0.0427342 0.9891024 0.140889 -0.04274201 0.9891027 0.1408895 -0.04273271 0.989102 -0.1138145 0.09339946 0.9891025 -0.1138084 0.09340316 0.989102 -0.1138157 0.0933988 -0.9891021 -0.1465231 0.01443195 -0.9891024 -0.1465209 0.01442325 -0.9891027 -0.1465201 0.01442027 -0.9891024 0.1298447 -0.06940525 -0.9891026 0.1298484 -0.06939566 -0.9891026 0.1298497 -0.06939232 0.9891021 0.1465225 0.01443105 0.9891034 0.1465146 0.01442241 0.9891039 0.1465119 0.01441943 0.989103 -0.1408863 0.04273551 0.989103 -0.1408842 0.04274356 0.989103 -0.1408867 0.04273402 -0.989103 -0.1408863 -0.04273658 -0.989103 -0.1408842 -0.04274231 -0.989103 -0.1408867 -0.04273551 -0.9891021 0.1465225 -0.01443088 -0.9891034 0.1465146 -0.0144239 -0.9891038 0.1465119 -0.01442146 0.9891026 0.1298431 0.0694034 0.9891025 0.1298491 0.06939506 0.9891023 0.1298512 0.06939214 0.9891021 -0.1465231 -0.01443177 0.9891024 -0.1465209 -0.01442474 0.9891026 -0.1465201 -0.01442229 -0.989102 -0.1138149 -0.09339946 -0.9891019 -0.1138105 -0.0934056 -0.989102 -0.1138157 -0.09339827 -0.9891027 0.1408894 0.04273313 -0.9891024 0.140889 0.04274326 -0.9891028 0.1408895 0.04273122 0.9891029 0.09340262 0.1138049 0.9891034 0.09339708 0.1138047 0.9891036 0.09339517 0.1138046 0.9891026 -0.1298425 -0.06940412 0.989103 -0.1298459 -0.06939435 0.989103 -0.1298471 -0.06939095 -0.9891023 -0.06940186 -0.1298467 -0.9891025 -0.06939756 -0.1298478 -0.9891025 -0.06939607 -0.1298481 0.9891029 0.01443189 -0.1465178 0.9891034 0.01443201 -0.1465135 0.9891027 0.01443183 -0.1465186 -0.9891025 0.113806 0.09340536 -0.9891024 0.1137998 0.09341329 -0.9891024 0.1137976 0.09341609 0.9891029 0.04274946 0.1408828 0.9891035 0.04273265 0.1408841 0.9891036 0.04272681 0.1408845 -0.9891027 -0.04273706 0.1408889 -0.989103 -0.04272872 0.1408889 -0.9891026 -0.04273867 0.1408889 0.9891029 -0.09340214 -0.1138052 0.9891034 -0.09339809 -0.1138039 0.9891036 -0.09339672 -0.1138035 -0.9891031 -0.01441764 -0.1465178 -0.9891028 -0.01442766 -0.1465186 -0.9891027 -0.01443111 -0.1465189 0.9891027 0.06940817 -0.1298409 0.9891024 0.06940984 -0.1298415 0.9891027 0.06940788 -0.1298408 -0.9891026 0.06940817 0.1298413 -0.9891028 0.06940984 0.1298386 -0.9891026 0.06940788 0.1298418 0.9891029 -0.01441764 0.1465191 0.9891027 -0.01442754 0.1465196 0.9891025 -0.01443099 0.1465197 0.9497161 0.2996275 -0.09089934 0.949719 0.2996224 -0.09088701 0.9497209 0.2996187 -0.09087818 0.9497147 -0.2420248 0.1986605 0.9497155 -0.2420192 0.1986635 0.9497161 -0.2420153 0.1986657 -0.9497142 -0.3116117 0.03067845 -0.9497142 -0.3116108 0.03068947 -0.9497143 -0.3116121 0.03067272 -0.949709 0.2761729 -0.1475851 -0.9497107 0.2761689 -0.1475816 -0.9497119 0.276166 -0.1475792 0.9497182 0.3115998 0.03067511 0.9497143 0.3116101 0.0306912 0.9497116 0.3116174 0.03070265 0.9497146 -0.2996317 0.09090191 0.9497163 -0.2996291 0.09089165 0.9497177 -0.2996272 0.09088432 -0.9497146 -0.2996317 -0.09090214 -0.9497168 -0.2996292 -0.09088653 -0.9497185 -0.2996274 -0.09087538 -0.9497182 0.3115998 -0.03067535 -0.9497145 0.3116102 -0.03068596 -0.9497117 0.3116176 -0.03069359 0.9497107 0.276168 0.1475835 0.9497111 0.2761667 0.1475836 0.9497114 0.2761658 0.1475836 0.9497143 -0.3116117 -0.03067618 0.9497142 -0.3116107 -0.03068852 0.9497143 -0.3116121 -0.03066968 -0.9497168 -0.2420206 -0.1986556 -0.9497149 -0.2420171 -0.1986691 -0.9497135 -0.2420146 -0.1986788 -0.9497162 0.2996276 0.0908991 -0.9497185 0.2996222 0.09089219 -0.9497202 0.2996184 0.09088718 0.9497179 0.1986414 0.242028 0.9497187 0.1986621 0.2420077 0.9497193 0.198677 0.2419933 0.9497137 -0.2761591 -0.1475804 0.9497095 -0.2761743 -0.14758 0.9497064 -0.2761852 -0.1475797 -0.9497113 -0.1475787 -0.2761687 -0.9497135 -0.147568 -0.2761667 -0.949715 -0.1475604 -0.2761654 0.9497132 0.03071719 -0.311611 0.9497112 0.03070533 -0.3116183 0.9497142 0.03072339 -0.3116072 -0.9497084 0.2420291 0.1986852 -0.9497085 0.2420333 0.1986795 -0.9497087 0.2420364 0.1986756 0.9497098 0.09090602 0.2996456 0.9497122 0.09094458 0.2996265 0.9497138 0.09097212 0.2996128 -0.9497088 -0.09088212 0.2996561 -0.9497086 -0.09087359 0.2996593 -0.9497088 -0.09088653 0.2996545 0.9497081 -0.1986676 -0.2420449 0.9497112 -0.1986675 -0.2420327 0.9497135 -0.1986675 -0.242024 -0.9497116 -0.03066176 -0.3116214 -0.949714 -0.03063338 -0.3116168 -0.9497157 -0.03061312 -0.3116136 0.9497119 0.1476065 -0.2761514 0.9497148 0.1475781 -0.2761568 0.9497168 0.1475579 -0.2761607 -0.9497119 0.1476065 0.2761514 -0.9497148 0.1475781 0.2761568 -0.9497168 0.1475579 0.2761607 0.9497098 -0.0306617 0.3116265 0.9497125 -0.03063333 0.3116214 0.9497143 -0.03061306 0.3116176 -0.9497081 -0.1986676 0.2420451 -0.9497125 -0.1986678 0.2420278 -0.9497156 -0.198668 0.2420154 0.949709 -0.09088212 -0.2996551 0.9497094 -0.09087365 -0.2996564 0.9497088 -0.09088653 -0.2996545 -0.9497105 0.09090608 -0.2996435 -0.9497125 0.09094464 -0.2996256 -0.9497138 0.09097212 -0.2996128 0.9497087 0.2420292 -0.1986837 0.9497072 0.242033 -0.1986866 0.949706 0.2420356 -0.1986886 -0.9497123 0.03071701 0.3116137 -0.9497103 0.03070491 0.3116211 -0.9497134 0.03072333 0.3116099 0.9497113 -0.1475787 0.2761687 0.9497135 -0.147568 0.2761667 0.949715 -0.1475604 0.2761654 -0.9497136 -0.2761591 0.1475814 -0.949709 -0.2761742 0.147583 -0.9497057 -0.276185 0.1475841 -0.9497179 0.1986414 -0.2420278 -0.9497176 0.1986619 -0.2420126 -0.9497172 0.1986765 -0.2420018 1 -9.14262e-6 0 1 -2.30485e-6 0 1 -5.98915e-7 0 -0.4947754 -0.7664073 -0.409655 -0.4947615 0.864845 0.08517259 -0.494778 -0.6717586 -0.5513031 -0.494765 0.8316051 0.2522709 -0.4947648 -0.5513066 -0.6717655 -0.4947679 0.7664094 0.4096601 -0.4947797 -0.4096556 -0.7664043 -0.494759 -0.08518445 0.8648452 -0.4947996 0.6717599 0.5512822 -0.4947655 -0.2522565 -0.8316092 -0.4947568 -0.2522584 0.8316137 -0.4947566 0.5512999 0.671777 -0.4947602 -0.08518618 -0.8648444 -0.4947882 -0.4096529 0.7664002 -0.4947794 0.4096596 0.7664022 -0.4947586 0.08518439 -0.8648455 -0.494778 -0.5513002 0.671761 -0.4947732 0.2522581 0.8316041 -0.4947603 0.2522695 -0.8316082 -0.4947853 -0.6717597 0.5512952 -0.4947706 0.08518469 0.8648386 -0.4947702 0.4096512 -0.7664126 -0.4947861 -0.7664007 0.4096546 -0.4947618 0.5513085 -0.6717662 -0.4947696 -0.8316063 0.2522583 -0.494764 0.6717644 -0.5513087 -0.4947909 -0.8648267 0.08518522 -0.4947638 0.7664139 -0.4096567 -0.494764 -0.8648436 -0.08517181 -0.4947662 0.8316058 -0.2522664 -0.4947605 -0.831609 -0.2522671 -0.4947674 0.8648415 -0.08517253 0 0.9951856 0.09800893 0 -0.7730081 -0.6343963 0 0.9569388 0.2902899 0 -0.6343967 -0.7730078 6.14378e-6 0.8819193 0.4714007 0 -0.4713998 -0.8819196 0 -0.09802192 0.9951843 0 0.773015 0.6343879 0 -0.2902768 -0.9569428 0 -0.2902764 0.9569429 0 -0.09802371 -0.9951841 0 -0.4714022 0.8819184 0 0.4713954 0.881922 0 0.09802365 -0.9951841 0 -0.634387 0.7730156 0 0.2902847 -0.9569404 0 -0.7730132 0.6343901 0 0.4713953 -0.8819221 0 0.6343969 -0.7730076 0 -0.9569405 0.2902843 0 0.7730078 -0.6343967 0 -0.9951854 0.09801054 0 0.881922 -0.4713954 0 -0.9951856 -0.09800904 0 0.9569401 -0.2902855 0 -0.9569401 -0.2902856 0 0.9951856 -0.09800887 0.5028389 0.7623105 -0.407475 0.502865 -0.8602032 -0.08471953 0.5028623 0.8271467 -0.2509144 0.5028389 -0.8271625 -0.2509092 0.5028532 0.8602104 -0.08471608 0.5028651 -0.7623034 -0.4074562 0.5028663 0.8602028 0.08471554 0.502833 -0.6681839 -0.5483514 0.5028639 0.827145 0.2509162 0.502842 -0.5483561 -0.6681734 0.5028381 0.7623144 0.4074686 0.5028707 -0.4074532 -0.762301 0.5028511 -0.08472108 0.8602111 0.5028535 0.6681725 0.5483465 0.5028457 -0.2509184 -0.8271556 0.5028675 -0.2509177 0.8271425 0.5028403 0.548356 0.6681746 0.5028507 -0.08472424 -0.860211 0.5028368 -0.4074696 0.7623149 0.5028676 0.4074589 0.7623002 0.5028397 0.08472323 -0.8602175 0.5028569 -0.5483452 0.6681711 0.5028317 0.2509082 0.8271672 0.5028406 0.2509177 -0.8271589 0.5028467 -0.6681746 0.5483502 0.5028445 0.08472865 0.8602143 0.5028684 0.4074578 -0.7623003 0.5028371 -0.762317 0.4074652 0.5028554 0.548346 -0.6681715 0.5028624 -0.827147 0.2509136 0.5028638 0.6681607 -0.5483515 0.5028481 -0.8602133 0.08471691 -2.06877e-5 -0.8314716 0.5555675 -0.9987462 -0.02359932 -0.04414832 -0.9040513 -0.3304069 -0.2711503 -0.8936268 0.130289 0.4294835 -0.9024078 0.1250821 -0.4123286 -0.9042406 -0.2709003 -0.3300939 -0.8940421 0.04390776 0.4458259 -0.9015558 0.2039578 -0.3815734 -0.9042435 -0.2012929 -0.3765965 -0.8946848 -0.04378187 0.4445472 -0.9005853 0.2757526 -0.3360158 -0.9040455 -0.1240842 -0.4090291 -0.8954753 -0.1292119 0.4259442 -0.8995653 0.3376457 -0.2770879 -0.9036813 -0.04196333 -0.4261445 -0.896429 -0.2089139 0.3908584 -0.8984842 0.3871669 -0.206949 -0.8974298 -0.2798668 0.3410196 -0.8974297 0.4221614 -0.128062 -0.8984775 -0.3393707 0.2785063 -0.8964123 0.4410876 -0.04343819 -0.8995589 -0.3852229 0.2059059 -0.8954783 0.4429627 0.04362356 -0.9005901 -0.4159542 0.1261727 -0.8946864 0.4274598 0.1296707 -0.9015443 -0.4306035 0.04240876 -0.8940598 0.3950538 0.2111628 -0.9024029 -0.428819 -0.04223167 -0.8936144 0.3469551 0.2847379 -0.9031136 -0.4109119 -0.1246485 -0.8933849 0.2850282 0.3473073 -0.903666 -0.3776732 -0.2018687 -0.8933936 0.2117832 0.3962273 -0.9031164 0.04208314 -0.4273288 -0.9956053 0.09319895 -0.009178757 -0.9955593 0.08301913 -0.04437863 -0.995541 0.05984336 -0.07291746 -0.9955534 0.02735167 -0.09014147 -0.9955946 -0.009194672 -0.09331083 -0.9956569 -0.04389387 -0.08210331 -0.9957309 -0.07134813 -0.05856126 -0.9958034 -0.0875768 -0.0265696 -0.9958643 -0.0904172 0.008904397 -0.9959059 -0.07972222 0.04261171 -0.9959217 -0.05723416 0.06974416 -0.995911 -0.02621978 0.08645194 -0.9958741 0.008889675 0.09030914 -0.995816 0.04308062 0.08058875 -0.9957451 0.07123613 0.05845707 -0.9956712 0.08894383 0.02698242 -0.9778804 0.0986033 0.1844657 -0.9778804 0.02049529 -0.2081581 -0.9778807 -0.1326912 0.1616865 -0.9778804 0.06070876 0.2001612 -0.9778811 0.06069535 -0.2001616 -0.977881 -0.1616873 0.1326877 -0.977881 0.02050125 0.2081547 -0.9778801 0.09860634 -0.1844651 -0.9778782 -0.1844717 0.09861314 -0.9778802 0.1326979 -0.1616836 -0.9778814 -0.2001543 0.06071412 -0.9778816 0.1616848 -0.1326857 -0.9778807 -0.2081562 0.02050048 -0.9778803 0.1844638 -0.09860694 -0.9778831 -0.2081483 -0.02047425 -0.9778805 0.200159 -0.06071352 -0.9778823 -0.2001488 -0.06072008 -0.9778801 0.2081594 -0.02050077 -0.9778803 -0.1844618 -0.09861052 -0.9778802 0.2081581 0.02050906 -0.9778801 -0.1616816 -0.1327015 -0.9778816 0.2001519 0.06072098 -0.9778823 -0.1327074 -0.1616633 -0.9778801 0.1844601 0.09861534 -0.9778803 -0.09860408 -0.1844652 -0.9778809 -0.02049827 0.208156 -0.977881 0.1616963 0.1326771 -0.97788 -0.06070923 -0.2001627 -0.9778803 -0.06069529 0.2001654 -0.9778802 0.1326894 0.1616904 -0.9778809 -0.02050137 -0.2081555 -0.9778808 -0.09859061 0.1844698 -0.9616826 0.1292442 -0.2417904 -0.9616872 -0.2417774 0.1292341 -0.9616854 0.1739243 -0.2119235 -0.9616824 -0.26236 0.07958883 -0.961687 0.211897 -0.1739473 -0.9616869 -0.2728335 0.02683997 -0.9616807 0.2417975 -0.1292449 -0.9616844 -0.2728388 -0.02687323 -0.9616784 0.262374 -0.07958954 -0.9616861 -0.2623478 -0.07958364 -0.9616813 0.2728496 -0.02687913 -0.9616865 -0.2417716 -0.1292506 -0.9616818 0.2728471 0.02688097 -0.961681 -0.2119351 -0.1739349 -0.9616765 0.2623803 0.07959312 -0.9616785 -0.1739345 -0.2119466 -0.9616801 0.24179 0.1292637 -0.9616885 -0.1292229 -0.2417785 -0.9616834 -0.02685499 0.272844 -0.9616762 0.211969 0.1739198 -0.9616875 -0.07954174 -0.2623554 -0.9616774 -0.07963168 0.2623648 -0.961681 0.1739314 0.2119381 -0.961681 -0.02686369 -0.2728519 -0.9616857 -0.1292461 0.2417771 -0.9616858 0.129272 0.2417629 -0.9616833 0.02686709 -0.2728433 -0.9616889 -0.1739393 0.2118955 -0.9616855 0.07954376 0.2623621 -0.961676 0.07963317 -0.2623697 -0.9616802 -0.2119463 0.1739252 -0.9616793 0.02685594 0.2728586 -1 0 0 -1 7.04797e-5 0 -1 3.98311e-6 0 -1 -7.30542e-5 0 -1 1.17925e-4 0 -1 -2.04251e-5 0 -1 -5.89901e-5 0 -1 -1.88625e-6 0 -1 -1.02153e-5 0 -1 -1.17935e-4 0 -1 -3.9313e-6 0 -1 -7.57893e-5 0 -1 -1.29003e-6 0 -1 1.96489e-6 0 -1 5.89623e-5 0 0.9451072 -0.3251865 -0.03203231 0.9451145 0.2525682 0.207287 0.9451133 -0.3126746 -0.09484595 0.945109 0.2072871 0.2525888 0.945115 -0.2881572 -0.1540234 0.9451031 0.1540413 0.2881868 0.9451092 0.03202617 -0.3251816 0.945118 -0.2525681 -0.2072713 0.9451091 0.09485042 0.3126857 0.9451051 0.09485501 -0.3126962 0.9451151 -0.2072801 -0.2525715 0.9451132 0.03202325 0.3251703 0.9451127 0.1540259 -0.2881634 0.9451074 -0.1540333 -0.2881765 0.9451102 -0.0320267 0.3251783 0.9451102 0.2072932 -0.2525797 0.9451093 -0.09485036 -0.3126851 0.9451076 -0.09485459 0.3126885 0.9451149 0.2525699 -0.2072829 0.9451072 -0.03202819 -0.325187 0.9451062 -0.1540424 0.2881757 0.9451058 0.2881799 -0.1540371 0.9451045 -0.2072998 0.2525951 0.945108 0.3126887 -0.09485149 0.9451004 -0.2526094 0.207301 0.9451121 0.3251726 -0.0320335 0.945115 -0.2881554 0.1540266 0.9451106 0.3251768 0.03203135 0.9451199 -0.3126561 0.09484052 0.945105 0.3126972 0.0948528 0.9451124 -0.3251714 0.03203219 0.945109 0.2881724 0.1540313 0.9970536 0.07633858 0.007519662 0.997069 0.06747412 0.03606587 0.9971024 0.04826098 0.05880248 0.9971486 0.02190327 0.07221496 0.9971992 -0.00732845 0.07443064 0.997247 -0.03495466 0.06539601 0.9972848 -0.0569266 0.04671823 0.9973077 -0.07017415 0.02128672 0.9973125 -0.07291263 -0.007181644 0.9972992 -0.06477421 -0.03462374 0.9972687 -0.04686015 -0.05709093 0.9972259 -0.02160865 -0.0712307 0.9971756 0.007366299 -0.07474392 0.9971264 0.03570169 -0.0668165 0.9970848 0.05898463 -0.04840135 0.9970596 0.07333201 -0.02224397 -0.9891029 -0.09340292 0.1138041 0.9891033 -0.04272586 -0.140887 -0.9891027 0.04275327 -0.1408833 0.989102 0.1138089 -0.09340637 -0.9891034 0.01443195 0.1465138 0.9891025 -0.06940209 0.129845 -0.9891027 -0.1298419 0.06940501 -0.9891027 0.09340363 -0.1138064 0.9891023 0.1408888 -0.04274469 0.9891026 -0.1138063 0.09340447 -0.9891018 -0.1465235 0.01443362 -0.9891023 0.129844 -0.0694071 0.9891018 0.146524 0.01443266 0.989103 -0.1408835 0.0427463 -0.989103 -0.1408835 -0.04274427 -0.9891018 0.146524 -0.01443219 0.9891027 0.1298419 0.06940501 0.989102 -0.1465235 -0.01443308 -0.9891019 -0.113809 -0.09340769 -0.9891021 0.1408888 0.04274672 0.9891028 0.09340363 0.1138049 0.9891026 -0.1298419 -0.06940603 -0.9891023 -0.06940263 -0.1298465 0.9891036 0.01443207 -0.146512 -0.9891026 0.1138072 0.09340387 0.9891029 0.04275262 0.1408826 -0.989103 -0.0427258 0.1408889 0.9891029 -0.09340286 -0.1138055 -0.9891031 -0.0144158 -0.1465176 0.9891023 0.06941038 -0.1298416 -0.9891029 0.06941044 0.1298376 0.9891029 -0.0144158 0.146519 0.9497147 0.2996302 -0.09090578 0.9497144 -0.2420278 0.198659 -0.9497141 -0.3116101 0.03069734 -0.9497081 0.276175 -0.1475869 0.9497202 0.3115944 0.03066676 0.9497137 -0.2996331 0.09090727 -0.9497134 -0.299633 -0.09091025 -0.9497202 0.3115944 -0.0306698 0.9497106 0.2761687 0.1475835 0.9497141 -0.3116101 -0.03069734 -0.9497178 -0.2420225 -0.1986486 -0.949715 0.2996303 0.09090274 0.9497175 0.1986305 0.2420386 0.9497161 -0.2761512 -0.1475806 -0.9497101 -0.1475841 -0.2761696 0.9497097 0.03069686 -0.3116235 -0.9497084 0.2420269 0.1986881 0.9497087 0.09088593 0.2996555 -0.9497085 -0.09086751 0.2996615 0.9497064 -0.1986677 -0.2420513 -0.9497103 -0.0306766 -0.3116238 0.9497105 0.1476213 -0.2761486 -0.9497105 0.1476213 0.2761486 0.9497085 -0.03067654 0.3116292 -0.9497058 -0.1986675 0.2420542 0.9497098 -0.09086763 -0.2996574 -0.9497094 0.09088599 -0.2996528 0.9497095 0.2420272 -0.1986823 -0.9497088 0.03069627 0.3116263 0.9497101 -0.1475841 0.2761696 -0.9497161 -0.2761512 0.1475806 -0.9497182 0.1986307 -0.2420358 1 -4.1366e-6 0 1 -1.23962e-4 0 1 -4.13738e-6 0 1 -8.68167e-6 0 1 -1.23854e-4 0 1 1.02511e-5 0 1 -1.54818e-5 0 1 5.475e-7 0 1 4.13393e-6 0 1 1.23854e-4 0 1 9.74625e-6 0 1 -7.97437e-5 0 1 4.13686e-6 0 1 1.23946e-4 0</float_array>
          <technique_common>
            <accessor source="#Circle_003-mesh-normals-array" count="1419" stride="3">
              <param name="X" type="float"/>
              <param name="Y" type="float"/>
              <param name="Z" type="float"/>
            </accessor>
          </technique_common>
        </source>
        <source id="Circle_003-mesh-map-0">
          <float_array id="Circle_003-mesh-map-0-array" count="4992">0.678385 0.645745 0.666866 0.675348 0.666835 0.643826 0.491435 0.503738 0.479941 0.483805 0.491497 0.478695 0.678368 0.611011 0.666835 0.643826 0.666818 0.610363 0.243006 0.733606 0.2313989 0.701047 0.242951 0.70416 0.678368 0.575596 0.666818 0.610363 0.666818 0.576243 0.242951 0.70416 0.23136 0.669524 0.24291 0.671441 0.678385 0.540861 0.666818 0.576243 0.666835 0.54278 0.242951 0.504391 0.231452 0.484461 0.243006 0.479349 0.24291 0.671441 0.2313359 0.636061 0.2428849 0.636706 0.678418 0.508142 0.666835 0.54278 0.666866 0.511258 0.05596095 0.704859 0.04444998 0.729703 0.04440599 0.701649 0.2428849 0.636706 0.2313269 0.601942 0.242877 0.601291 0.678466 0.478695 0.666866 0.511258 0.666913 0.482889 0.05592697 0.672366 0.04440599 0.701649 0.04437297 0.670346 0.242877 0.601291 0.2313359 0.568478 0.2428849 0.566556 0.491497 0.757996 0.479882 0.72876 0.491435 0.732953 0.05592697 0.672366 0.04435294 0.636996 0.05590599 0.63775 0.2428849 0.566556 0.23136 0.536956 0.24291 0.533837 0.491435 0.732953 0.479836 0.70039 0.491387 0.703506 0.05589896 0.60234 0.04435294 0.636996 0.04434698 0.602882 0.24291 0.533837 0.2313989 0.508587 0.242951 0.504391 0.491387 0.703506 0.479804 0.668869 0.491354 0.670787 0.05589896 0.60234 0.04435294 0.569313 0.05590599 0.567497 0.491337 0.636053 0.479804 0.668869 0.479788 0.635405 0.05590599 0.567497 0.04437297 0.537581 0.05592697 0.534559 0.491337 0.636053 0.479788 0.601286 0.491337 0.600638 0.05592697 0.534559 0.04440599 0.508905 0.05596095 0.504794 0.491354 0.565904 0.479788 0.601286 0.479804 0.567822 0.05600595 0.479343 0.04440599 0.508905 0.04444998 0.484385 0.491387 0.533184 0.479804 0.567822 0.479836 0.5363 0.678418 0.678464 0.666913 0.703717 0.666866 0.675348 0.491435 0.503738 0.479836 0.5363 0.479882 0.507931 0.678385 0.645745 0.75317 0.678464 0.678418 0.678464 0.491497 0.478695 0.566188 0.503738 0.491435 0.503738 0.678368 0.611011 0.753137 0.645745 0.678385 0.645745 0.242951 0.70416 0.317759 0.733588 0.243006 0.733606 0.678368 0.575596 0.75312 0.611011 0.678368 0.611011 0.24291 0.671441 0.317704 0.704142 0.242951 0.70416 0.678385 0.540861 0.75312 0.575596 0.678368 0.575596 0.243006 0.479349 0.317704 0.504373 0.242951 0.504391 0.2428849 0.636706 0.317663 0.671422 0.24291 0.671441 0.678418 0.508142 0.753137 0.540861 0.678385 0.540861 0.05596095 0.704859 0.130759 0.733966 0.05600595 0.733978 0.242877 0.601291 0.317638 0.636688 0.2428849 0.636706 0.678466 0.478695 0.75317 0.508142 0.678418 0.508142 0.05592697 0.672366 0.130713 0.704847 0.05596095 0.704859 0.2428849 0.566556 0.317629 0.601273 0.242877 0.601291 0.491435 0.732953 0.566249 0.757996 0.491497 0.757996 0.05590599 0.63775 0.130679 0.672354 0.05592697 0.672366 0.24291 0.533837 0.317638 0.566539 0.2428849 0.566556 0.491387 0.703506 0.566188 0.732953 0.491435 0.732953 0.05589896 0.60234 0.130658 0.637738 0.05590599 0.63775 0.242951 0.504391 0.317663 0.533819 0.24291 0.533837 0.491354 0.670787 0.56614 0.703506 0.491387 0.703506 0.05590599 0.567497 0.1306509 0.602327 0.05589896 0.60234 0.491337 0.636053 0.566106 0.670787 0.491354 0.670787 0.05592697 0.534559 0.130658 0.567484 0.05590599 0.567497 0.491337 0.600638 0.56609 0.636053 0.491337 0.636053 0.05596095 0.504794 0.130679 0.534546 0.05592697 0.534559 0.491354 0.565904 0.56609 0.600638 0.491337 0.600638 0.05600595 0.479343 0.130713 0.504781 0.05596095 0.504794 0.491387 0.533184 0.566106 0.565904 0.491354 0.565904 0.678418 0.678464 0.753218 0.707911 0.678466 0.707911 0.491435 0.503738 0.56614 0.533184 0.491387 0.533184 0.566106 0.565904 0.577972 0.601317 0.56609 0.600638 0.130759 0.479331 0.14259 0.509087 0.130713 0.504781 0.566106 0.565904 0.57802 0.536451 0.577988 0.567915 0.75317 0.678464 0.765097 0.703515 0.753218 0.707911 0.56614 0.533184 0.578066 0.508134 0.57802 0.536451 0.75317 0.678464 0.765019 0.643734 0.765051 0.675198 0.566188 0.503738 0.578125 0.484052 0.578066 0.508134 0.75312 0.611011 0.765019 0.643734 0.753137 0.645745 0.317759 0.733588 0.329583 0.700872 0.329636 0.72919 0.75312 0.575596 0.765003 0.610331 0.75312 0.611011 0.317704 0.704142 0.329544 0.669408 0.329583 0.700872 0.753137 0.540861 0.765003 0.576275 0.75312 0.575596 0.317759 0.479331 0.329583 0.508766 0.317704 0.504373 0.317663 0.671422 0.32952 0.636006 0.329544 0.669408 0.75317 0.508142 0.765019 0.542872 0.753137 0.540861 0.130713 0.704847 0.142634 0.72948 0.130759 0.733966 0.317638 0.636688 0.329512 0.60195 0.32952 0.636006 0.753218 0.478695 0.765051 0.511408 0.75317 0.508142 0.130713 0.704847 0.142558 0.670232 0.14259 0.701478 0.317629 0.601273 0.32952 0.568547 0.329512 0.60195 0.566188 0.732953 0.578125 0.752639 0.566249 0.757996 0.130679 0.672354 0.142538 0.636944 0.142558 0.670232 0.317638 0.566539 0.329544 0.537083 0.32952 0.568547 0.56614 0.703506 0.578066 0.728557 0.566188 0.732953 0.130658 0.637738 0.142531 0.602892 0.142538 0.636944 0.317663 0.533819 0.329583 0.508766 0.329544 0.537083 0.56614 0.703506 0.577988 0.668776 0.57802 0.70024 0.1306509 0.602327 0.142538 0.569385 0.142531 0.602892 0.56609 0.636053 0.577988 0.668776 0.566106 0.670787 0.130658 0.567484 0.142558 0.537711 0.142538 0.569385 0.56609 0.636053 0.577972 0.601317 0.577972 0.635374 0.130679 0.534546 0.14259 0.509087 0.142558 0.537711 0.234797 0.04430496 0.20671 0.09152299 0.200645 0.04430395 0.32824 0.352054 0.278456 0.327816 0.298994 0.314106 0.200645 0.04430395 0.182484 0.09633696 0.16715 0.05096095 0.352388 0.327928 0.298994 0.314106 0.31646 0.296657 0.16715 0.05096095 0.159664 0.10578 0.135598 0.06401699 0.371362 0.29956 0.31646 0.296657 0.330183 0.276139 0.135598 0.06401699 0.139126 0.11949 0.107202 0.082973 0.384432 0.268037 0.330183 0.276139 0.339636 0.253341 0.107202 0.082973 0.12166 0.13694 0.08305197 0.1070989 0.391095 0.234574 0.339636 0.253341 0.344455 0.229138 0.08305197 0.1070989 0.107937 0.157458 0.06407898 0.135468 0.391095 0.200455 0.344455 0.229138 0.344455 0.20446 0.06407898 0.135468 0.09848397 0.180257 0.05100899 0.166989 0.384432 0.1669909 0.344455 0.20446 0.339636 0.180258 0.666818 0.803825 0.675475 0.845091 0.667428 0.850375 0.05100899 0.166989 0.093665 0.204459 0.04434698 0.200453 0.371363 0.135469 0.339636 0.180258 0.330184 0.157459 0.04434698 0.200453 0.093665 0.229136 0.04434698 0.2345719 0.371363 0.135469 0.316461 0.13694 0.352389 0.1071 0.1671479 0.384066 0.159663 0.327816 0.182483 0.33726 0.04434698 0.2345719 0.09848397 0.253339 0.05100899 0.268036 0.352389 0.1071 0.298995 0.119491 0.328241 0.08297395 0.200644 0.390722 0.182483 0.33726 0.206709 0.342074 0.05100899 0.268036 0.107936 0.276138 0.06407797 0.299558 0.328241 0.08297395 0.278457 0.105781 0.299845 0.06401801 0.234795 0.390722 0.206709 0.342074 0.231409 0.342074 0.08305197 0.327927 0.107936 0.276138 0.121659 0.296656 0.299845 0.06401801 0.255637 0.09633797 0.268293 0.05096095 0.268291 0.384066 0.231409 0.342074 0.255636 0.33726 0.1072 0.352053 0.121659 0.296656 0.139125 0.314106 0.268293 0.05096095 0.231411 0.09152299 0.234797 0.04430496 0.299843 0.371009 0.255636 0.33726 0.278456 0.327816 0.135596 0.371009 0.139125 0.314106 0.159663 0.327816 0.093665 0.229136 0.103539 0.251774 0.09848397 0.253339 0.316461 0.13694 0.295877 0.123383 0.298995 0.119491 0.206709 0.342074 0.184114 0.332273 0.2073529 0.336891 0.09848397 0.253339 0.112607 0.273644 0.107936 0.276138 0.298995 0.119491 0.276176 0.110232 0.278457 0.105781 0.231409 0.342074 0.2073529 0.336891 0.231047 0.336892 0.121659 0.296656 0.112607 0.273644 0.12577 0.293326 0.278457 0.105781 0.254286 0.101173 0.255637 0.09633797 0.255636 0.33726 0.231047 0.336892 0.254285 0.332274 0.139125 0.314106 0.12577 0.293326 0.142524 0.310064 0.255637 0.09633797 0.231048 0.09655499 0.231411 0.09152299 0.278456 0.327816 0.254285 0.332274 0.276175 0.323215 0.159663 0.327816 0.142524 0.310064 0.1622239 0.323215 0.231411 0.09152299 0.207354 0.09655499 0.20671 0.09152299 0.298994 0.314106 0.276175 0.323215 0.295876 0.310064 0.667428 0.850375 0.677945 0.850093 0.670225 0.855161 0.20671 0.09152299 0.184116 0.101172 0.182484 0.09633696 0.31646 0.296657 0.295876 0.310064 0.31263 0.293327 0.182484 0.09633696 0.162225 0.110231 0.159664 0.10578 0.330183 0.276139 0.31263 0.293327 0.325793 0.273645 0.159664 0.10578 0.142525 0.123382 0.139126 0.11949 0.339636 0.253341 0.325793 0.273645 0.334861 0.251776 0.139126 0.11949 0.125771 0.14012 0.12166 0.13694 0.344455 0.229138 0.334861 0.251776 0.339483 0.228559 0.12166 0.13694 0.112607 0.159801 0.107937 0.157458 0.344455 0.20446 0.339483 0.228559 0.339483 0.204888 0.107937 0.157458 0.10354 0.181671 0.09848397 0.180257 0.339636 0.180258 0.339483 0.204888 0.334861 0.181672 0.09848397 0.180257 0.098917 0.204887 0.093665 0.204459 0.330184 0.157459 0.334861 0.181672 0.325794 0.159803 0.093665 0.204459 0.098917 0.228558 0.093665 0.229136 0.330184 0.157459 0.312631 0.140121 0.316461 0.13694 0.182483 0.33726 0.1622239 0.323215 0.184114 0.332273 0.31263 0.293327 0.249265 0.234543 0.325793 0.273645 0.276175 0.323215 0.240911 0.244713 0.295876 0.310064 0.231047 0.336892 0.229297 0.250914 0.254285 0.332274 0.209703 0.250914 0.2073529 0.336891 0.184114 0.332273 0.19809 0.2447119 0.1622239 0.323215 0.142524 0.310064 0.1897349 0.234542 0.12577 0.293326 0.112607 0.273644 0.185913 0.221953 0.103539 0.251774 0.098917 0.228558 0.187204 0.2088609 0.098917 0.204887 0.10354 0.181671 0.1934109 0.1972579 0.112607 0.159801 0.125771 0.14012 0.203591 0.188912 0.142525 0.123382 0.162225 0.110231 0.216192 0.185093 0.184116 0.101172 0.207354 0.09655499 0.254286 0.101173 0.222809 0.185093 0.231048 0.09655499 0.295877 0.123383 0.23541 0.188912 0.276176 0.110232 0.325794 0.159803 0.245589 0.1972579 0.312631 0.140121 0.339483 0.204888 0.251797 0.2088609 0.334861 0.181672 0.334861 0.251776 0.253088 0.221953 0.339483 0.228559 0.1897349 0.234542 0.2068 0.229062 0.1934109 0.240039 0.229297 0.186383 0.22725 0.204168 0.224273 0.202937 0.229297 0.250914 0.221114 0.234986 0.224273 0.2343569 0.19809 0.2447119 0.2068 0.229062 0.209078 0.231338 0.229297 0.186383 0.221114 0.202309 0.222809 0.185093 0.23541 0.2483839 0.224273 0.2343569 0.22725 0.233126 0.19809 0.2447119 0.211757 0.233126 0.20359 0.2483839 0.216192 0.185093 0.221114 0.202309 0.217893 0.202309 0.23541 0.2483839 0.229928 0.231338 0.240911 0.244713 0.216192 0.185093 0.214733 0.202937 0.209703 0.1863819 0.240911 0.244713 0.232206 0.229062 0.245589 0.240039 0.203591 0.188912 0.214733 0.202937 0.211757 0.204169 0.249265 0.234543 0.232206 0.229062 0.233996 0.226386 0.203591 0.188912 0.209079 0.205956 0.19809 0.192584 0.249265 0.234543 0.235229 0.223413 0.251797 0.2284359 0.19809 0.192584 0.2068 0.208232 0.1934109 0.1972579 0.253088 0.221953 0.235229 0.223413 0.235857 0.220256 0.189736 0.202754 0.2068 0.208232 0.205011 0.2109079 0.253087 0.215344 0.235857 0.220256 0.235857 0.217038 0.189736 0.202754 0.203778 0.213881 0.187204 0.2088609 0.253087 0.215344 0.235228 0.213882 0.251797 0.2088609 0.185913 0.2153429 0.203778 0.213881 0.203149 0.217038 0.251797 0.2088609 0.233996 0.2109079 0.249265 0.202754 0.185913 0.2153429 0.20315 0.220256 0.185913 0.221953 0.249265 0.202754 0.232206 0.208232 0.245589 0.1972579 0.20359 0.2483839 0.214733 0.2343569 0.209703 0.250914 0.185913 0.221953 0.203778 0.223413 0.187203 0.2284359 0.240911 0.192584 0.232206 0.208232 0.229928 0.2059569 0.209703 0.250914 0.217892 0.2349849 0.216192 0.252203 0.1897349 0.234542 0.203778 0.223413 0.205011 0.226386 0.23541 0.188912 0.229928 0.2059569 0.22725 0.204168 0.216192 0.252203 0.221114 0.234986 0.222808 0.252204 0.217893 0.202309 0.220613 0.207404 0.218396 0.207404 0.22725 0.233126 0.226678 0.227379 0.229928 0.231338 0.214733 0.202937 0.218396 0.207404 0.216222 0.207836 0.229928 0.231338 0.228245 0.225813 0.232206 0.229062 0.214733 0.202937 0.214174 0.208683 0.211757 0.204169 0.233996 0.226386 0.228245 0.225813 0.229477 0.223972 0.211757 0.204169 0.2123309 0.209914 0.209079 0.205956 0.233996 0.226386 0.230325 0.221926 0.235229 0.223413 0.2068 0.208232 0.2123309 0.209914 0.210763 0.21148 0.235857 0.220256 0.230325 0.221926 0.230758 0.219754 0.2068 0.208232 0.209532 0.213321 0.205011 0.2109079 0.235857 0.217038 0.230758 0.219754 0.230758 0.217539 0.203778 0.213881 0.209532 0.213321 0.208683 0.215367 0.235228 0.213882 0.230758 0.217539 0.230325 0.215368 0.203778 0.213881 0.2082509 0.217539 0.203149 0.217038 0.235228 0.213882 0.229477 0.213321 0.233996 0.2109079 0.20315 0.220256 0.2082509 0.217539 0.2082509 0.219754 0.232206 0.208232 0.229477 0.213321 0.228245 0.21148 0.211757 0.233126 0.216222 0.229457 0.214733 0.2343569 0.203778 0.223413 0.2082509 0.219754 0.208684 0.221926 0.229928 0.2059569 0.228245 0.21148 0.226678 0.209914 0.214733 0.2343569 0.218396 0.229889 0.217892 0.2349849 0.203778 0.223413 0.209532 0.223972 0.205011 0.226386 0.22725 0.204168 0.226678 0.209914 0.224835 0.208683 0.217892 0.2349849 0.220613 0.229889 0.221114 0.234986 0.205011 0.226386 0.210763 0.225813 0.2068 0.229062 0.224273 0.202937 0.224835 0.208683 0.222787 0.207836 0.224273 0.2343569 0.220613 0.229889 0.222787 0.229457 0.209078 0.231338 0.210763 0.225813 0.2123309 0.227379 0.224273 0.202937 0.220613 0.207404 0.221114 0.202309 0.224273 0.2343569 0.224834 0.22861 0.22725 0.233126 0.209078 0.231338 0.214174 0.22861 0.211757 0.233126 0.218396 0.229889 0.2082509 0.217539 0.220613 0.207404 0.787265 0.327407 0.761135 0.275023 0.806204 0.29909 0.486438 0.166765 0.530644 0.205171 0.479788 0.200167 0.787265 0.327407 0.730741 0.312023 0.747762 0.295018 0.486438 0.166765 0.544552 0.159368 0.535341 0.181585 0.763161 0.351489 0.710727 0.325384 0.730741 0.312023 0.499484 0.1353009 0.557925 0.139372 0.544552 0.159368 0.703322 0.383442 0.710727 0.325384 0.734816 0.37041 0.669888 0.04430395 0.688488 0.09980398 0.664879 0.09511297 0.518422 0.106984 0.574946 0.122367 0.557925 0.139372 0.703322 0.383442 0.664879 0.339278 0.688488 0.334587 0.734816 0.06398099 0.688488 0.09980398 0.703322 0.05094796 0.570871 0.06398099 0.574946 0.122367 0.542527 0.08290195 0.635799 0.390087 0.664879 0.339278 0.669888 0.390087 0.734816 0.06398099 0.730741 0.122367 0.710727 0.109007 0.602365 0.05094897 0.594961 0.109007 0.570871 0.06398099 0.635799 0.390087 0.617199 0.334587 0.640808 0.339278 0.787265 0.106984 0.730741 0.122367 0.76316 0.08290195 0.602365 0.05094897 0.640808 0.09511297 0.6172 0.09980398 0.570871 0.370409 0.617199 0.334587 0.602365 0.383443 0.787265 0.106984 0.761135 0.159367 0.747762 0.139372 0.669888 0.04430395 0.640808 0.09511297 0.635799 0.04430395 0.542527 0.351489 0.59496 0.325384 0.570871 0.370409 0.819249 0.166765 0.761135 0.159367 0.806204 0.1353009 0.542527 0.351489 0.557925 0.295019 0.574946 0.312023 0.8259 0.200167 0.770347 0.181585 0.819249 0.166765 0.499483 0.29909 0.557925 0.295019 0.518422 0.327407 0.8259 0.200167 0.775043 0.229219 0.775043 0.205171 0.499483 0.29909 0.53534 0.252806 0.544552 0.275023 0.819249 0.267626 0.775043 0.229219 0.8259 0.234223 0.479788 0.234224 0.53534 0.252806 0.486438 0.267626 0.819249 0.267626 0.761135 0.275023 0.770347 0.252806 0.479788 0.200167 0.530644 0.22922 0.479788 0.234224 0.535341 0.181585 0.535976 0.205696 0.530644 0.205171 0.730741 0.312023 0.74362 0.291623 0.747762 0.295018 0.544552 0.159368 0.540467 0.183139 0.535341 0.181585 0.710727 0.325384 0.727342 0.307886 0.730741 0.312023 0.557925 0.139372 0.549277 0.161891 0.544552 0.159368 0.710727 0.325384 0.686933 0.329465 0.708201 0.320663 0.688488 0.09980398 0.664354 0.100439 0.664879 0.09511297 0.557925 0.139372 0.578345 0.126505 0.562067 0.142768 0.688488 0.334587 0.664354 0.333952 0.686933 0.329465 0.688488 0.09980398 0.708201 0.113727 0.686932 0.104926 0.594961 0.109007 0.578345 0.126505 0.574946 0.122367 0.664879 0.339278 0.641333 0.333951 0.664354 0.333952 0.710727 0.109007 0.727342 0.126505 0.708201 0.113727 0.6172 0.09980398 0.597486 0.113728 0.594961 0.109007 0.640808 0.339278 0.618755 0.329465 0.641333 0.333951 0.730741 0.122367 0.74362 0.142768 0.727342 0.126505 0.6172 0.09980398 0.641333 0.100439 0.618755 0.104926 0.617199 0.334587 0.597486 0.320664 0.618755 0.329465 0.747762 0.139372 0.75641 0.16189 0.74362 0.142768 0.640808 0.09511297 0.664354 0.100439 0.641333 0.100439 0.59496 0.325384 0.578345 0.307886 0.597486 0.320664 0.770347 0.181585 0.75641 0.16189 0.761135 0.159367 0.574946 0.312023 0.562066 0.291623 0.578345 0.307886 0.770347 0.181585 0.769711 0.205696 0.76522 0.183139 0.557925 0.295019 0.549276 0.2725 0.562066 0.291623 0.775043 0.205171 0.769711 0.228695 0.769711 0.205696 0.544552 0.275023 0.540467 0.251252 0.549276 0.2725 0.770347 0.252806 0.769711 0.228695 0.775043 0.229219 0.530644 0.22922 0.540467 0.251252 0.53534 0.252806 0.761135 0.275023 0.76522 0.251252 0.770347 0.252806 0.530644 0.205171 0.535976 0.228695 0.530644 0.22922 0.747762 0.295018 0.75641 0.2725 0.761135 0.275023 0.769711 0.228695 0.686911 0.22714 0.688195 0.2206889 0.75641 0.2725 0.680732 0.238689 0.684391 0.233219 0.727342 0.307886 0.670601 0.246995 0.676076 0.24334 0.686933 0.329465 0.658059 0.250796 0.664517 0.249513 0.641333 0.333951 0.645015 0.249513 0.651474 0.250796 0.597486 0.320664 0.633457 0.24334 0.638932 0.246995 0.562066 0.291623 0.625142 0.233219 0.628801 0.238688 0.540467 0.251252 0.621338 0.220688 0.622622 0.227141 0.540467 0.183139 0.621338 0.21411 0.535976 0.205696 0.562067 0.142768 0.625142 0.20158 0.549277 0.161891 0.597486 0.113728 0.633457 0.191458 0.578345 0.126505 0.641333 0.100439 0.645015 0.185286 0.618755 0.104926 0.686932 0.104926 0.658059 0.184002 0.664354 0.100439 0.727342 0.126505 0.670601 0.187803 0.708201 0.113727 0.75641 0.16189 0.680732 0.19611 0.74362 0.142768 0.769711 0.205696 0.686911 0.2076579 0.76522 0.183139 0.486372 0.869041 0.481463 0.852075 0.484702 0.852075 0.658059 0.250796 0.659564 0.233199 0.664517 0.249513 0.921177 0.288828 0.916264 0.271863 0.919504 0.271863 0.628801 0.238688 0.640191 0.2251819 0.641992 0.227873 0.326605 0.844654 0.331519 0.827687 0.33319 0.844654 0.670601 0.187803 0.665251 0.204636 0.662557 0.202838 0.921178 0.177785 0.916267 0.16082 0.919507 0.1608189 0.921177 0.06673997 0.916264 0.049775 0.919503 0.049775 0.621338 0.220688 0.638952 0.222192 0.622622 0.227141 0.68439 0.20158 0.667542 0.206925 0.680732 0.19611 0.773223 0.930003 0.768312 0.913039 0.771552 0.913038 0.868501 0.818957 0.863587 0.801991 0.866827 0.801991 0.621338 0.21411 0.638952 0.212607 0.63832 0.215781 0.688195 0.21411 0.670582 0.212607 0.686911 0.2076579 0.955653 0.589748 0.95074 0.606712 0.949068 0.589748 0.85379 0.478695 0.858704 0.495662 0.855465 0.495662 0.625142 0.20158 0.641991 0.206925 0.640192 0.209616 0.688195 0.2206889 0.670582 0.222192 0.671214 0.219018 0.949068 0.501128 0.953981 0.484164 0.955653 0.501128 0.04434698 0.845026 0.04925698 0.828058 0.05093199 0.845026 0.633457 0.191458 0.646976 0.202838 0.644283 0.204636 0.684391 0.233219 0.667542 0.227874 0.669342 0.2251819 0.33319 0.955696 0.328278 0.938733 0.331518 0.938733 0.645015 0.249513 0.653147 0.23383 0.651474 0.250796 0.2379119 0.844655 0.233 0.827687 0.23624 0.827687 0.645015 0.185286 0.653147 0.200968 0.649969 0.2016 0.85379 0.612181 0.858703 0.595214 0.860375 0.612181 0.676076 0.24334 0.662557 0.2319599 0.665251 0.230162 0.868501 0.930002 0.863589 0.913038 0.866829 0.913038 0.633457 0.24334 0.646976 0.2319599 0.638932 0.246995 0.773223 0.79652 0.768309 0.813488 0.766638 0.79652 0.658059 0.184002 0.659564 0.201599 0.656387 0.200968 0.638952 0.222192 0.643796 0.218479 0.644217 0.220597 0.667542 0.206925 0.66449 0.212207 0.663289 0.210412 0.768312 0.913039 0.771014 0.907569 0.771552 0.913038 0.866827 0.801991 0.864125 0.79652 0.866285 0.79652 0.63832 0.215781 0.644218 0.214202 0.643796 0.21632 0.670582 0.212607 0.665738 0.21632 0.665316 0.214202 0.95074 0.606712 0.95344 0.612181 0.951278 0.612181 0.855465 0.495662 0.858167 0.501134 0.856006 0.501134 0.640192 0.209616 0.646245 0.210412 0.645045 0.212207 0.670582 0.222192 0.665738 0.218479 0.671214 0.219018 0.953981 0.484164 0.95128 0.478696 0.953442 0.478695 0.04925698 0.828058 0.04655599 0.822586 0.04871696 0.822587 0.644283 0.204636 0.64957 0.207686 0.647773 0.208886 0.669342 0.2251819 0.663289 0.224386 0.664489 0.222591 0.331518 0.938733 0.328818 0.933264 0.330979 0.933263 0.64997 0.233199 0.653686 0.2283599 0.653147 0.23383 0.23624 0.827687 0.233539 0.822215 0.2357 0.822215 0.649969 0.2016 0.653686 0.206438 0.651567 0.20686 0.855464 0.595214 0.858165 0.589742 0.858703 0.595214 0.665251 0.230162 0.659964 0.227113 0.66176 0.225913 0.866829 0.913038 0.864128 0.907569 0.866289 0.907569 0.646976 0.2319599 0.647773 0.225913 0.64957 0.2271119 0.768309 0.813488 0.771009 0.81896 0.768848 0.81896 0.656387 0.200968 0.657967 0.2068589 0.655847 0.206439 0.484702 0.852075 0.482004 0.846604 0.484165 0.846604 0.656386 0.23383 0.657967 0.227939 0.659564 0.233199 0.919504 0.271863 0.916803 0.266393 0.918964 0.266393 0.641992 0.227873 0.645044 0.222591 0.646245 0.224386 0.328279 0.827687 0.33098 0.822215 0.331519 0.827687 0.662557 0.202838 0.661761 0.208885 0.659964 0.207686 0.919507 0.1608189 0.916808 0.155349 0.918969 0.155349 0.919503 0.049775 0.916802 0.04430496 0.918963 0.04430395 0.665738 0.218479 0.66176 0.225913 0.653686 0.2283599 0.678385 0.645745 0.678418 0.678464 0.666866 0.675348 0.491435 0.503738 0.479882 0.507931 0.479941 0.483805 0.678368 0.611011 0.678385 0.645745 0.666835 0.643826 0.243006 0.733606 0.231452 0.729416 0.2313989 0.701047 0.678368 0.575596 0.678368 0.611011 0.666818 0.610363 0.242951 0.70416 0.2313989 0.701047 0.23136 0.669524 0.678385 0.540861 0.678368 0.575596 0.666818 0.576243 0.242951 0.504391 0.2313989 0.508587 0.231452 0.484461 0.24291 0.671441 0.23136 0.669524 0.2313359 0.636061 0.678418 0.508142 0.678385 0.540861 0.666835 0.54278 0.05596095 0.704859 0.05600595 0.733978 0.04444998 0.729703 0.2428849 0.636706 0.2313359 0.636061 0.2313269 0.601942 0.678466 0.478695 0.678418 0.508142 0.666866 0.511258 0.05592697 0.672366 0.05596095 0.704859 0.04440599 0.701649 0.242877 0.601291 0.2313269 0.601942 0.2313359 0.568478 0.491497 0.757996 0.479941 0.752886 0.479882 0.72876 0.05592697 0.672366 0.04437297 0.670346 0.04435294 0.636996 0.2428849 0.566556 0.2313359 0.568478 0.23136 0.536956 0.491435 0.732953 0.479882 0.72876 0.479836 0.70039 0.05589896 0.60234 0.05590599 0.63775 0.04435294 0.636996 0.24291 0.533837 0.23136 0.536956 0.2313989 0.508587 0.491387 0.703506 0.479836 0.70039 0.479804 0.668869 0.05589896 0.60234 0.04434698 0.602882 0.04435294 0.569313 0.491337 0.636053 0.491354 0.670787 0.479804 0.668869 0.05590599 0.567497 0.04435294 0.569313 0.04437297 0.537581 0.491337 0.636053 0.479788 0.635405 0.479788 0.601286 0.05592697 0.534559 0.04437297 0.537581 0.04440599 0.508905 0.491354 0.565904 0.491337 0.600638 0.479788 0.601286 0.05600595 0.479343 0.05596095 0.504794 0.04440599 0.508905 0.491387 0.533184 0.491354 0.565904 0.479804 0.567822 0.678418 0.678464 0.678466 0.707911 0.666913 0.703717 0.491435 0.503738 0.491387 0.533184 0.479836 0.5363 0.678385 0.645745 0.753137 0.645745 0.75317 0.678464 0.491497 0.478695 0.566249 0.478695 0.566188 0.503738 0.678368 0.611011 0.75312 0.611011 0.753137 0.645745 0.242951 0.70416 0.317704 0.704142 0.317759 0.733588 0.678368 0.575596 0.75312 0.575596 0.75312 0.611011 0.24291 0.671441 0.317663 0.671422 0.317704 0.704142 0.678385 0.540861 0.753137 0.540861 0.75312 0.575596 0.243006 0.479349 0.317759 0.479331 0.317704 0.504373 0.2428849 0.636706 0.317638 0.636688 0.317663 0.671422 0.678418 0.508142 0.75317 0.508142 0.753137 0.540861 0.05596095 0.704859 0.130713 0.704847 0.130759 0.733966 0.242877 0.601291 0.317629 0.601273 0.317638 0.636688 0.678466 0.478695 0.753218 0.478695 0.75317 0.508142 0.05592697 0.672366 0.130679 0.672354 0.130713 0.704847 0.2428849 0.566556 0.317638 0.566539 0.317629 0.601273 0.491435 0.732953 0.566188 0.732953 0.566249 0.757996 0.05590599 0.63775 0.130658 0.637738 0.130679 0.672354 0.24291 0.533837 0.317663 0.533819 0.317638 0.566539 0.491387 0.703506 0.56614 0.703506 0.566188 0.732953 0.05589896 0.60234 0.1306509 0.602327 0.130658 0.637738 0.242951 0.504391 0.317704 0.504373 0.317663 0.533819 0.491354 0.670787 0.566106 0.670787 0.56614 0.703506 0.05590599 0.567497 0.130658 0.567484 0.1306509 0.602327 0.491337 0.636053 0.56609 0.636053 0.566106 0.670787 0.05592697 0.534559 0.130679 0.534546 0.130658 0.567484 0.491337 0.600638 0.56609 0.600638 0.56609 0.636053 0.05596095 0.504794 0.130713 0.504781 0.130679 0.534546 0.491354 0.565904 0.566106 0.565904 0.56609 0.600638 0.05600595 0.479343 0.130759 0.479331 0.130713 0.504781 0.491387 0.533184 0.56614 0.533184 0.566106 0.565904 0.678418 0.678464 0.75317 0.678464 0.753218 0.707911 0.491435 0.503738 0.566188 0.503738 0.56614 0.533184 0.566106 0.565904 0.577988 0.567915 0.577972 0.601317 0.130759 0.479331 0.142634 0.484613 0.14259 0.509087 0.566106 0.565904 0.56614 0.533184 0.57802 0.536451 0.75317 0.678464 0.765051 0.675198 0.765097 0.703515 0.56614 0.533184 0.566188 0.503738 0.578066 0.508134 0.75317 0.678464 0.753137 0.645745 0.765019 0.643734 0.566188 0.503738 0.566249 0.478695 0.578125 0.484052 0.75312 0.611011 0.765003 0.610331 0.765019 0.643734 0.317759 0.733588 0.317704 0.704142 0.329583 0.700872 0.75312 0.575596 0.765003 0.576275 0.765003 0.610331 0.317704 0.704142 0.317663 0.671422 0.329544 0.669408 0.753137 0.540861 0.765019 0.542872 0.765003 0.576275 0.317759 0.479331 0.329636 0.484684 0.329583 0.508766 0.317663 0.671422 0.317638 0.636688 0.32952 0.636006 0.75317 0.508142 0.765051 0.511408 0.765019 0.542872 0.130713 0.704847 0.14259 0.701478 0.142634 0.72948 0.317638 0.636688 0.317629 0.601273 0.329512 0.60195 0.753218 0.478695 0.765097 0.483091 0.765051 0.511408 0.130713 0.704847 0.130679 0.672354 0.142558 0.670232 0.317629 0.601273 0.317638 0.566539 0.32952 0.568547 0.566188 0.732953 0.578066 0.728557 0.578125 0.752639 0.130679 0.672354 0.130658 0.637738 0.142538 0.636944 0.317638 0.566539 0.317663 0.533819 0.329544 0.537083 0.56614 0.703506 0.57802 0.70024 0.578066 0.728557 0.130658 0.637738 0.1306509 0.602327 0.142531 0.602892 0.317663 0.533819 0.317704 0.504373 0.329583 0.508766 0.56614 0.703506 0.566106 0.670787 0.577988 0.668776 0.1306509 0.602327 0.130658 0.567484 0.142538 0.569385 0.56609 0.636053 0.577972 0.635374 0.577988 0.668776 0.130658 0.567484 0.130679 0.534546 0.142558 0.537711 0.56609 0.636053 0.56609 0.600638 0.577972 0.601317 0.130679 0.534546 0.130713 0.504781 0.14259 0.509087 0.234797 0.04430496 0.231411 0.09152299 0.20671 0.09152299 0.32824 0.352054 0.299843 0.371009 0.278456 0.327816 0.200645 0.04430395 0.20671 0.09152299 0.182484 0.09633696 0.352388 0.327928 0.32824 0.352054 0.298994 0.314106 0.16715 0.05096095 0.182484 0.09633696 0.159664 0.10578 0.371362 0.29956 0.352388 0.327928 0.31646 0.296657 0.135598 0.06401699 0.159664 0.10578 0.139126 0.11949 0.384432 0.268037 0.371362 0.29956 0.330183 0.276139 0.107202 0.082973 0.139126 0.11949 0.12166 0.13694 0.391095 0.234574 0.384432 0.268037 0.339636 0.253341 0.08305197 0.1070989 0.12166 0.13694 0.107937 0.157458 0.391095 0.200455 0.391095 0.234574 0.344455 0.229138 0.06407898 0.135468 0.107937 0.157458 0.09848397 0.180257 0.384432 0.1669909 0.391095 0.200455 0.344455 0.20446 0.666818 0.803825 0.677945 0.79652 0.675475 0.845091 0.05100899 0.166989 0.09848397 0.180257 0.093665 0.204459 0.371363 0.135469 0.384432 0.1669909 0.339636 0.180258 0.04434698 0.200453 0.093665 0.204459 0.093665 0.229136 0.371363 0.135469 0.330184 0.157459 0.316461 0.13694 0.1671479 0.384066 0.135596 0.371009 0.159663 0.327816 0.04434698 0.2345719 0.093665 0.229136 0.09848397 0.253339 0.352389 0.1071 0.316461 0.13694 0.298995 0.119491 0.200644 0.390722 0.1671479 0.384066 0.182483 0.33726 0.05100899 0.268036 0.09848397 0.253339 0.107936 0.276138 0.328241 0.08297395 0.298995 0.119491 0.278457 0.105781 0.234795 0.390722 0.200644 0.390722 0.206709 0.342074 0.08305197 0.327927 0.06407797 0.299558 0.107936 0.276138 0.299845 0.06401801 0.278457 0.105781 0.255637 0.09633797 0.268291 0.384066 0.234795 0.390722 0.231409 0.342074 0.1072 0.352053 0.08305197 0.327927 0.121659 0.296656 0.268293 0.05096095 0.255637 0.09633797 0.231411 0.09152299 0.299843 0.371009 0.268291 0.384066 0.255636 0.33726 0.135596 0.371009 0.1072 0.352053 0.139125 0.314106 0.093665 0.229136 0.098917 0.228558 0.103539 0.251774 0.316461 0.13694 0.312631 0.140121 0.295877 0.123383 0.206709 0.342074 0.182483 0.33726 0.184114 0.332273 0.09848397 0.253339 0.103539 0.251774 0.112607 0.273644 0.298995 0.119491 0.295877 0.123383 0.276176 0.110232 0.231409 0.342074 0.206709 0.342074 0.2073529 0.336891 0.121659 0.296656 0.107936 0.276138 0.112607 0.273644 0.278457 0.105781 0.276176 0.110232 0.254286 0.101173 0.255636 0.33726 0.231409 0.342074 0.231047 0.336892 0.139125 0.314106 0.121659 0.296656 0.12577 0.293326 0.255637 0.09633797 0.254286 0.101173 0.231048 0.09655499 0.278456 0.327816 0.255636 0.33726 0.254285 0.332274 0.159663 0.327816 0.139125 0.314106 0.142524 0.310064 0.231411 0.09152299 0.231048 0.09655499 0.207354 0.09655499 0.298994 0.314106 0.278456 0.327816 0.276175 0.323215 0.667428 0.850375 0.675475 0.845091 0.677945 0.850093 0.20671 0.09152299 0.207354 0.09655499 0.184116 0.101172 0.31646 0.296657 0.298994 0.314106 0.295876 0.310064 0.182484 0.09633696 0.184116 0.101172 0.162225 0.110231 0.330183 0.276139 0.31646 0.296657 0.31263 0.293327 0.159664 0.10578 0.162225 0.110231 0.142525 0.123382 0.339636 0.253341 0.330183 0.276139 0.325793 0.273645 0.139126 0.11949 0.142525 0.123382 0.125771 0.14012 0.344455 0.229138 0.339636 0.253341 0.334861 0.251776 0.12166 0.13694 0.125771 0.14012 0.112607 0.159801 0.344455 0.20446 0.344455 0.229138 0.339483 0.228559 0.107937 0.157458 0.112607 0.159801 0.10354 0.181671 0.339636 0.180258 0.344455 0.20446 0.339483 0.204888 0.09848397 0.180257 0.10354 0.181671 0.098917 0.204887 0.330184 0.157459 0.339636 0.180258 0.334861 0.181672 0.093665 0.204459 0.098917 0.204887 0.098917 0.228558 0.330184 0.157459 0.325794 0.159803 0.312631 0.140121 0.182483 0.33726 0.159663 0.327816 0.1622239 0.323215 0.31263 0.293327 0.245589 0.240039 0.249265 0.234543 0.276175 0.323215 0.23541 0.2483839 0.240911 0.244713 0.231047 0.336892 0.222808 0.252204 0.229297 0.250914 0.209703 0.250914 0.216192 0.252203 0.2073529 0.336891 0.19809 0.2447119 0.20359 0.2483839 0.1622239 0.323215 0.1897349 0.234542 0.1934109 0.240039 0.12577 0.293326 0.185913 0.221953 0.187203 0.2284359 0.103539 0.251774 0.187204 0.2088609 0.185913 0.2153429 0.098917 0.204887 0.1934109 0.1972579 0.189736 0.202754 0.112607 0.159801 0.203591 0.188912 0.19809 0.192584 0.142525 0.123382 0.216192 0.185093 0.209703 0.1863819 0.184116 0.101172 0.254286 0.101173 0.229297 0.186383 0.222809 0.185093 0.295877 0.123383 0.240911 0.192584 0.23541 0.188912 0.325794 0.159803 0.249265 0.202754 0.245589 0.1972579 0.339483 0.204888 0.253087 0.215344 0.251797 0.2088609 0.334861 0.251776 0.251797 0.2284359 0.253088 0.221953 0.1897349 0.234542 0.205011 0.226386 0.2068 0.229062 0.229297 0.186383 0.23541 0.188912 0.22725 0.204168 0.229297 0.250914 0.222808 0.252204 0.221114 0.234986 0.19809 0.2447119 0.1934109 0.240039 0.2068 0.229062 0.229297 0.186383 0.224273 0.202937 0.221114 0.202309 0.23541 0.2483839 0.229297 0.250914 0.224273 0.2343569 0.19809 0.2447119 0.209078 0.231338 0.211757 0.233126 0.216192 0.185093 0.222809 0.185093 0.221114 0.202309 0.23541 0.2483839 0.22725 0.233126 0.229928 0.231338 0.216192 0.185093 0.217893 0.202309 0.214733 0.202937 0.240911 0.244713 0.229928 0.231338 0.232206 0.229062 0.203591 0.188912 0.209703 0.1863819 0.214733 0.202937 0.249265 0.234543 0.245589 0.240039 0.232206 0.229062 0.203591 0.188912 0.211757 0.204169 0.209079 0.205956 0.249265 0.234543 0.233996 0.226386 0.235229 0.223413 0.19809 0.192584 0.209079 0.205956 0.2068 0.208232 0.253088 0.221953 0.251797 0.2284359 0.235229 0.223413 0.189736 0.202754 0.1934109 0.1972579 0.2068 0.208232 0.253087 0.215344 0.253088 0.221953 0.235857 0.220256 0.189736 0.202754 0.205011 0.2109079 0.203778 0.213881 0.253087 0.215344 0.235857 0.217038 0.235228 0.213882 0.185913 0.2153429 0.187204 0.2088609 0.203778 0.213881 0.251797 0.2088609 0.235228 0.213882 0.233996 0.2109079 0.185913 0.2153429 0.203149 0.217038 0.20315 0.220256 0.249265 0.202754 0.233996 0.2109079 0.232206 0.208232 0.20359 0.2483839 0.211757 0.233126 0.214733 0.2343569 0.185913 0.221953 0.20315 0.220256 0.203778 0.223413 0.240911 0.192584 0.245589 0.1972579 0.232206 0.208232 0.209703 0.250914 0.214733 0.2343569 0.217892 0.2349849 0.1897349 0.234542 0.187203 0.2284359 0.203778 0.223413 0.23541 0.188912 0.240911 0.192584 0.229928 0.2059569 0.216192 0.252203 0.217892 0.2349849 0.221114 0.234986 0.217893 0.202309 0.221114 0.202309 0.220613 0.207404 0.22725 0.233126 0.224834 0.22861 0.226678 0.227379 0.214733 0.202937 0.217893 0.202309 0.218396 0.207404 0.229928 0.231338 0.226678 0.227379 0.228245 0.225813 0.214733 0.202937 0.216222 0.207836 0.214174 0.208683 0.233996 0.226386 0.232206 0.229062 0.228245 0.225813 0.211757 0.204169 0.214174 0.208683 0.2123309 0.209914 0.233996 0.226386 0.229477 0.223972 0.230325 0.221926 0.2068 0.208232 0.209079 0.205956 0.2123309 0.209914 0.235857 0.220256 0.235229 0.223413 0.230325 0.221926 0.2068 0.208232 0.210763 0.21148 0.209532 0.213321 0.235857 0.217038 0.235857 0.220256 0.230758 0.219754 0.203778 0.213881 0.205011 0.2109079 0.209532 0.213321 0.235228 0.213882 0.235857 0.217038 0.230758 0.217539 0.203778 0.213881 0.208683 0.215367 0.2082509 0.217539 0.235228 0.213882 0.230325 0.215368 0.229477 0.213321 0.20315 0.220256 0.203149 0.217038 0.2082509 0.217539 0.232206 0.208232 0.233996 0.2109079 0.229477 0.213321 0.211757 0.233126 0.214174 0.22861 0.216222 0.229457 0.203778 0.223413 0.20315 0.220256 0.2082509 0.219754 0.229928 0.2059569 0.232206 0.208232 0.228245 0.21148 0.214733 0.2343569 0.216222 0.229457 0.218396 0.229889 0.203778 0.223413 0.208684 0.221926 0.209532 0.223972 0.22725 0.204168 0.229928 0.2059569 0.226678 0.209914 0.217892 0.2349849 0.218396 0.229889 0.220613 0.229889 0.205011 0.226386 0.209532 0.223972 0.210763 0.225813 0.224273 0.202937 0.22725 0.204168 0.224835 0.208683 0.224273 0.2343569 0.221114 0.234986 0.220613 0.229889 0.209078 0.231338 0.2068 0.229062 0.210763 0.225813 0.224273 0.202937 0.222787 0.207836 0.220613 0.207404 0.224273 0.2343569 0.222787 0.229457 0.224834 0.22861 0.209078 0.231338 0.2123309 0.227379 0.214174 0.22861 0.218396 0.229889 0.216222 0.229457 0.214174 0.22861 0.214174 0.22861 0.2123309 0.227379 0.210763 0.225813 0.210763 0.225813 0.209532 0.223972 0.208684 0.221926 0.208684 0.221926 0.2082509 0.219754 0.2082509 0.217539 0.2082509 0.217539 0.208683 0.215367 0.2123309 0.209914 0.208683 0.215367 0.209532 0.213321 0.2123309 0.209914 0.209532 0.213321 0.210763 0.21148 0.2123309 0.209914 0.2123309 0.209914 0.214174 0.208683 0.216222 0.207836 0.216222 0.207836 0.218396 0.207404 0.220613 0.207404 0.220613 0.207404 0.222787 0.207836 0.224835 0.208683 0.224835 0.208683 0.226678 0.209914 0.228245 0.21148 0.228245 0.21148 0.229477 0.213321 0.230325 0.215368 0.230325 0.215368 0.230758 0.217539 0.228245 0.21148 0.230758 0.217539 0.230758 0.219754 0.228245 0.21148 0.230758 0.219754 0.230325 0.221926 0.229477 0.223972 0.229477 0.223972 0.228245 0.225813 0.230758 0.219754 0.228245 0.225813 0.226678 0.227379 0.230758 0.219754 0.226678 0.227379 0.224834 0.22861 0.218396 0.229889 0.224834 0.22861 0.222787 0.229457 0.218396 0.229889 0.222787 0.229457 0.220613 0.229889 0.218396 0.229889 0.218396 0.229889 0.214174 0.22861 0.210763 0.225813 0.210763 0.225813 0.208684 0.221926 0.218396 0.229889 0.208684 0.221926 0.2082509 0.217539 0.218396 0.229889 0.2123309 0.209914 0.216222 0.207836 0.2082509 0.217539 0.216222 0.207836 0.220613 0.207404 0.2082509 0.217539 0.220613 0.207404 0.224835 0.208683 0.228245 0.21148 0.220613 0.207404 0.228245 0.21148 0.218396 0.229889 0.228245 0.21148 0.230758 0.219754 0.218396 0.229889 0.230758 0.219754 0.226678 0.227379 0.218396 0.229889 0.787265 0.327407 0.747762 0.295018 0.761135 0.275023 0.486438 0.166765 0.535341 0.181585 0.530644 0.205171 0.787265 0.327407 0.763161 0.351489 0.730741 0.312023 0.486438 0.166765 0.499484 0.1353009 0.544552 0.159368 0.763161 0.351489 0.734816 0.37041 0.710727 0.325384 0.499484 0.1353009 0.518422 0.106984 0.557925 0.139372 0.703322 0.383442 0.688488 0.334587 0.710727 0.325384 0.669888 0.04430395 0.703322 0.05094796 0.688488 0.09980398 0.518422 0.106984 0.542527 0.08290195 0.574946 0.122367 0.703322 0.383442 0.669888 0.390087 0.664879 0.339278 0.734816 0.06398099 0.710727 0.109007 0.688488 0.09980398 0.570871 0.06398099 0.594961 0.109007 0.574946 0.122367 0.635799 0.390087 0.640808 0.339278 0.664879 0.339278 0.734816 0.06398099 0.76316 0.08290195 0.730741 0.122367 0.602365 0.05094897 0.6172 0.09980398 0.594961 0.109007 0.635799 0.390087 0.602365 0.383443 0.617199 0.334587 0.787265 0.106984 0.747762 0.139372 0.730741 0.122367 0.602365 0.05094897 0.635799 0.04430395 0.640808 0.09511297 0.570871 0.370409 0.59496 0.325384 0.617199 0.334587 0.787265 0.106984 0.806204 0.1353009 0.761135 0.159367 0.669888 0.04430395 0.664879 0.09511297 0.640808 0.09511297 0.542527 0.351489 0.574946 0.312023 0.59496 0.325384 0.819249 0.166765 0.770347 0.181585 0.761135 0.159367 0.542527 0.351489 0.518422 0.327407 0.557925 0.295019 0.8259 0.200167 0.775043 0.205171 0.770347 0.181585 0.499483 0.29909 0.544552 0.275023 0.557925 0.295019 0.8259 0.200167 0.8259 0.234223 0.775043 0.229219 0.499483 0.29909 0.486438 0.267626 0.53534 0.252806 0.819249 0.267626 0.770347 0.252806 0.775043 0.229219 0.479788 0.234224 0.530644 0.22922 0.53534 0.252806 0.819249 0.267626 0.806204 0.29909 0.761135 0.275023 0.479788 0.200167 0.530644 0.205171 0.530644 0.22922 0.535341 0.181585 0.540467 0.183139 0.535976 0.205696 0.730741 0.312023 0.727342 0.307886 0.74362 0.291623 0.544552 0.159368 0.549277 0.161891 0.540467 0.183139 0.710727 0.325384 0.708201 0.320663 0.727342 0.307886 0.557925 0.139372 0.562067 0.142768 0.549277 0.161891 0.710727 0.325384 0.688488 0.334587 0.686933 0.329465 0.688488 0.09980398 0.686932 0.104926 0.664354 0.100439 0.557925 0.139372 0.574946 0.122367 0.578345 0.126505 0.688488 0.334587 0.664879 0.339278 0.664354 0.333952 0.688488 0.09980398 0.710727 0.109007 0.708201 0.113727 0.594961 0.109007 0.597486 0.113728 0.578345 0.126505 0.664879 0.339278 0.640808 0.339278 0.641333 0.333951 0.710727 0.109007 0.730741 0.122367 0.727342 0.126505 0.6172 0.09980398 0.618755 0.104926 0.597486 0.113728 0.640808 0.339278 0.617199 0.334587 0.618755 0.329465 0.730741 0.122367 0.747762 0.139372 0.74362 0.142768 0.6172 0.09980398 0.640808 0.09511297 0.641333 0.100439 0.617199 0.334587 0.59496 0.325384 0.597486 0.320664 0.747762 0.139372 0.761135 0.159367 0.75641 0.16189 0.640808 0.09511297 0.664879 0.09511297 0.664354 0.100439 0.59496 0.325384 0.574946 0.312023 0.578345 0.307886 0.770347 0.181585 0.76522 0.183139 0.75641 0.16189 0.574946 0.312023 0.557925 0.295019 0.562066 0.291623 0.770347 0.181585 0.775043 0.205171 0.769711 0.205696 0.557925 0.295019 0.544552 0.275023 0.549276 0.2725 0.775043 0.205171 0.775043 0.229219 0.769711 0.228695 0.544552 0.275023 0.53534 0.252806 0.540467 0.251252 0.770347 0.252806 0.76522 0.251252 0.769711 0.228695 0.530644 0.22922 0.535976 0.228695 0.540467 0.251252 0.761135 0.275023 0.75641 0.2725 0.76522 0.251252 0.530644 0.205171 0.535976 0.205696 0.535976 0.228695 0.747762 0.295018 0.74362 0.291623 0.75641 0.2725 0.769711 0.228695 0.76522 0.251252 0.686911 0.22714 0.75641 0.2725 0.74362 0.291623 0.680732 0.238689 0.727342 0.307886 0.708201 0.320663 0.670601 0.246995 0.686933 0.329465 0.664354 0.333952 0.658059 0.250796 0.641333 0.333951 0.618755 0.329465 0.645015 0.249513 0.597486 0.320664 0.578345 0.307886 0.633457 0.24334 0.562066 0.291623 0.549276 0.2725 0.625142 0.233219 0.540467 0.251252 0.535976 0.228695 0.621338 0.220688 0.540467 0.183139 0.622622 0.207657 0.621338 0.21411 0.562067 0.142768 0.628801 0.19611 0.625142 0.20158 0.597486 0.113728 0.638932 0.187803 0.633457 0.191458 0.641333 0.100439 0.651474 0.184002 0.645015 0.185286 0.686932 0.104926 0.664517 0.185285 0.658059 0.184002 0.727342 0.126505 0.676076 0.191458 0.670601 0.187803 0.75641 0.16189 0.68439 0.20158 0.680732 0.19611 0.769711 0.205696 0.688195 0.21411 0.686911 0.2076579 0.486372 0.869041 0.479788 0.869041 0.481463 0.852075 0.658059 0.250796 0.656386 0.23383 0.659564 0.233199 0.921177 0.288828 0.914593 0.288828 0.916264 0.271863 0.628801 0.238688 0.625142 0.233219 0.640191 0.2251819 0.326605 0.844654 0.328279 0.827687 0.331519 0.827687 0.670601 0.187803 0.676076 0.191458 0.665251 0.204636 0.921178 0.177785 0.914593 0.177785 0.916267 0.16082 0.921177 0.06673997 0.914593 0.06673997 0.916264 0.049775 0.621338 0.220688 0.63832 0.219017 0.638952 0.222192 0.68439 0.20158 0.669342 0.209616 0.667542 0.206925 0.773223 0.930003 0.766638 0.930003 0.768312 0.913039 0.868501 0.818957 0.861916 0.818957 0.863587 0.801991 0.621338 0.21411 0.622622 0.207657 0.638952 0.212607 0.688195 0.21411 0.671214 0.215781 0.670582 0.212607 0.955653 0.589748 0.95398 0.606711 0.95074 0.606712 0.85379 0.478695 0.860375 0.478695 0.858704 0.495662 0.625142 0.20158 0.628801 0.19611 0.641991 0.206925 0.688195 0.2206889 0.686911 0.22714 0.670582 0.222192 0.949068 0.501128 0.950741 0.484165 0.953981 0.484164 0.04434698 0.845026 0.04601699 0.828059 0.04925698 0.828058 0.633457 0.191458 0.638932 0.187803 0.646976 0.202838 0.684391 0.233219 0.680732 0.238689 0.667542 0.227874 0.33319 0.955696 0.326605 0.955696 0.328278 0.938733 0.645015 0.249513 0.64997 0.233199 0.653147 0.23383 0.2379119 0.844655 0.2313269 0.844655 0.233 0.827687 0.645015 0.185286 0.651474 0.184002 0.653147 0.200968 0.85379 0.612181 0.855464 0.595214 0.858703 0.595214 0.676076 0.24334 0.670601 0.246995 0.662557 0.2319599 0.868501 0.930002 0.861916 0.930002 0.863589 0.913038 0.633457 0.24334 0.644282 0.230162 0.646976 0.2319599 0.773223 0.79652 0.771549 0.813488 0.768309 0.813488 0.658059 0.184002 0.664517 0.185285 0.659564 0.201599 0.638952 0.222192 0.63832 0.219017 0.643796 0.218479 0.667542 0.206925 0.669342 0.209616 0.66449 0.212207 0.768312 0.913039 0.768853 0.907569 0.771014 0.907569 0.866827 0.801991 0.863587 0.801991 0.864125 0.79652 0.63832 0.215781 0.638952 0.212607 0.644218 0.214202 0.670582 0.212607 0.671214 0.215781 0.665738 0.21632 0.95074 0.606712 0.95398 0.606711 0.95344 0.612181 0.855465 0.495662 0.858704 0.495662 0.858167 0.501134 0.640192 0.209616 0.641991 0.206925 0.646245 0.210412 0.670582 0.222192 0.665316 0.220596 0.665738 0.218479 0.953981 0.484164 0.950741 0.484165 0.95128 0.478696 0.04925698 0.828058 0.04601699 0.828059 0.04655599 0.822586 0.644283 0.204636 0.646976 0.202838 0.64957 0.207686 0.669342 0.2251819 0.667542 0.227874 0.663289 0.224386 0.331518 0.938733 0.328278 0.938733 0.328818 0.933264 0.64997 0.233199 0.651567 0.227939 0.653686 0.2283599 0.23624 0.827687 0.233 0.827687 0.233539 0.822215 0.649969 0.2016 0.653147 0.200968 0.653686 0.206438 0.855464 0.595214 0.856004 0.589742 0.858165 0.589742 0.665251 0.230162 0.662557 0.2319599 0.659964 0.227113 0.866829 0.913038 0.863589 0.913038 0.864128 0.907569 0.646976 0.2319599 0.644282 0.230162 0.647773 0.225913 0.768309 0.813488 0.771549 0.813488 0.771009 0.81896 0.656387 0.200968 0.659564 0.201599 0.657967 0.2068589 0.484702 0.852075 0.481463 0.852075 0.482004 0.846604 0.656386 0.23383 0.655848 0.2283599 0.657967 0.227939 0.919504 0.271863 0.916264 0.271863 0.916803 0.266393 0.641992 0.227873 0.640191 0.2251819 0.645044 0.222591 0.328279 0.827687 0.328819 0.822215 0.33098 0.822215 0.662557 0.202838 0.665251 0.204636 0.661761 0.208885 0.919507 0.1608189 0.916267 0.16082 0.916808 0.155349 0.919503 0.049775 0.916264 0.049775 0.916802 0.04430496 0.653686 0.2283599 0.651567 0.227939 0.646245 0.224386 0.651567 0.227939 0.64957 0.2271119 0.646245 0.224386 0.64957 0.2271119 0.647773 0.225913 0.646245 0.224386 0.646245 0.224386 0.645044 0.222591 0.644217 0.220597 0.644217 0.220597 0.643796 0.218479 0.646245 0.224386 0.643796 0.218479 0.643796 0.21632 0.646245 0.224386 0.643796 0.21632 0.644218 0.214202 0.647773 0.208886 0.644218 0.214202 0.645045 0.212207 0.647773 0.208886 0.645045 0.212207 0.646245 0.210412 0.647773 0.208886 0.647773 0.208886 0.64957 0.207686 0.651567 0.20686 0.651567 0.20686 0.653686 0.206438 0.655847 0.206439 0.655847 0.206439 0.657967 0.2068589 0.659964 0.207686 0.659964 0.207686 0.661761 0.208885 0.663289 0.210412 0.663289 0.210412 0.66449 0.212207 0.665316 0.214202 0.665316 0.214202 0.665738 0.21632 0.663289 0.210412 0.665738 0.21632 0.665738 0.218479 0.663289 0.210412 0.665738 0.218479 0.665316 0.220596 0.66176 0.225913 0.665316 0.220596 0.664489 0.222591 0.66176 0.225913 0.664489 0.222591 0.663289 0.224386 0.66176 0.225913 0.66176 0.225913 0.659964 0.227113 0.657967 0.227939 0.657967 0.227939 0.655848 0.2283599 0.66176 0.225913 0.655848 0.2283599 0.653686 0.2283599 0.66176 0.225913 0.647773 0.208886 0.651567 0.20686 0.655847 0.206439 0.655847 0.206439 0.659964 0.207686 0.663289 0.210412 0.653686 0.2283599 0.646245 0.224386 0.643796 0.21632 0.643796 0.21632 0.647773 0.208886 0.653686 0.2283599 0.647773 0.208886 0.655847 0.206439 0.653686 0.2283599 0.655847 0.206439 0.663289 0.210412 0.653686 0.2283599 0.663289 0.210412 0.665738 0.218479 0.653686 0.2283599</float_array>
          <technique_common>
            <accessor source="#Circle_003-mesh-map-0-array" count="2496" stride="2">
              <param name="S" type="float"/>
              <param name="T" type="float"/>
            </accessor>
          </technique_common>
        </source>
        <vertices id="Circle_003-mesh-vertices">
          <input semantic="POSITION" source="#Circle_003-mesh-positions"/>
        </vertices>
        <triangles material="Ruote_005-material" count="832">
          <input semantic="VERTEX" source="#Circle_003-mesh-vertices" offset="0"/>
          <input semantic="NORMAL" source="#Circle_003-mesh-normals" offset="1"/>
          <input semantic="TEXCOORD" source="#Circle_003-mesh-map-0" offset="2" set="0"/>
          <p>0 0 0 2 1 1 3 2 2 5 3 3 7 4 4 4 5 5 8 6 6 3 7 7 9 8 8 4 9 9 11 10 10 10 11 11 12 12 12 9 13 13 13 14 14 10 15 15 15 16 16 14 17 17 16 18 18 13 19 19 17 20 20 19 21 21 21 22 22 18 23 23 14 24 24 23 25 25 22 26 26 24 27 27 17 28 28 25 29 29 26 30 30 21 31 31 27 32 32 22 33 33 29 34 34 28 35 35 30 36 36 25 37 37 31 38 38 32 39 39 27 40 40 33 41 41 28 42 42 35 43 43 34 44 44 30 45 45 37 46 46 36 47 47 32 48 48 39 49 49 38 50 50 34 51 51 41 52 52 40 53 53 36 54 54 43 55 55 42 56 56 44 57 57 39 58 58 45 59 59 40 60 60 20 61 61 19 62 62 42 63 63 47 64 64 46 65 65 44 66 66 49 67 67 48 68 68 50 69 69 47 70 70 51 71 71 48 72 72 53 73 73 52 74 74 50 75 75 55 76 76 54 77 77 52 78 78 57 79 79 56 80 80 58 81 81 55 82 82 59 83 83 60 84 84 57 85 85 61 86 86 62 87 87 59 88 88 63 89 89 1 90 90 61 91 91 2 92 92 5 93 93 63 94 94 6 95 95 0 96 96 65 96 97 1 97 98 4 98 99 67 99 100 5 100 101 8 101 102 64 102 103 0 103 104 10 104 105 66 105 106 4 106 107 12 107 108 68 108 109 8 109 110 14 110 111 69 111 112 10 112 113 16 113 114 70 114 115 12 115 116 18 116 117 74 117 118 19 118 119 22 119 120 71 120 121 14 121 122 24 122 123 72 123 124 16 124 125 26 125 126 73 126 127 18 127 128 28 128 129 75 128 130 22 128 131 30 129 132 76 130 133 24 131 134 32 132 135 77 133 136 26 134 137 34 135 138 78 136 139 28 135 140 36 137 141 79 138 142 30 139 143 38 140 144 80 141 145 32 142 146 40 143 147 81 143 148 34 143 149 42 144 150 82 145 151 36 144 152 44 146 153 83 147 154 38 148 155 19 149 156 84 149 157 40 150 158 46 151 159 85 152 160 42 153 161 48 154 162 86 154 163 44 155 164 50 156 165 87 157 166 46 158 167 52 159 168 88 160 169 48 161 170 54 162 171 89 163 172 50 164 173 56 165 174 90 166 175 52 167 176 58 168 177 91 169 178 54 170 179 60 171 180 92 172 181 56 173 182 62 174 183 93 175 184 58 176 185 1 177 186 94 178 187 60 179 188 5 180 189 95 181 190 62 182 191 93 183 192 97 184 193 91 185 194 94 186 195 99 187 196 92 188 197 93 189 198 100 190 199 96 191 200 65 192 201 98 193 202 94 194 203 95 195 204 102 196 205 100 197 206 65 198 207 103 199 208 101 200 209 67 201 210 104 202 211 102 203 212 68 204 213 103 205 214 64 206 215 66 207 216 106 208 217 104 209 218 70 210 219 105 211 220 68 212 221 69 213 222 108 214 223 106 215 224 72 216 225 107 217 226 70 218 227 73 219 228 111 220 229 74 221 230 71 222 231 112 223 232 108 224 233 76 225 234 109 226 235 72 227 236 77 228 237 110 229 238 73 230 239 75 231 240 115 232 241 112 233 242 79 234 243 113 235 244 76 236 245 77 237 246 117 238 247 114 239 248 78 240 249 118 241 250 115 242 251 82 243 252 116 244 253 79 245 254 80 246 255 120 247 256 117 248 257 81 249 258 121 250 259 118 251 260 85 252 261 119 253 262 82 254 263 83 255 264 123 256 265 120 257 266 84 258 267 111 259 268 121 260 269 85 261 270 124 262 271 122 263 272 86 264 273 125 265 274 123 266 275 89 267 276 124 268 277 87 269 278 88 270 279 127 271 280 125 272 281 89 273 282 97 274 283 126 275 284 90 276 285 99 277 286 127 278 287 43 279 288 129 280 289 47 281 290 49 282 291 130 283 292 131 284 293 47 281 294 132 285 295 51 286 296 53 287 297 131 284 298 133 288 299 51 286 300 134 289 301 55 290 302 57 291 303 133 288 304 135 292 305 55 290 306 136 293 307 59 294 308 61 295 309 135 292 310 137 296 311 59 294 312 138 297 313 63 298 314 2 299 315 137 296 316 139 300 317 63 298 318 140 301 319 6 302 320 3 303 321 139 300 322 141 304 323 6 302 324 142 305 325 7 306 326 9 307 327 141 304 328 143 308 329 13 309 330 144 310 331 145 311 332 7 306 333 146 312 334 11 313 335 13 314 336 143 308 337 145 315 338 11 313 339 147 316 340 15 317 341 13 318 342 148 319 343 17 320 344 21 321 345 149 322 346 150 323 347 15 317 348 151 324 349 23 325 350 17 320 351 152 326 352 25 327 353 27 328 354 150 323 355 153 329 356 23 325 357 154 330 358 29 331 359 25 327 360 155 332 361 31 333 362 33 334 363 153 329 364 156 335 365 35 336 366 154 330 367 157 337 368 31 333 369 158 338 370 37 339 371 39 340 372 156 335 373 159 341 374 41 342 375 157 337 376 160 343 377 37 339 378 128 344 379 43 279 380 45 345 381 159 341 382 130 283 383 20 346 384 160 343 385 149 322 386 147 347 387 162 348 388 151 349 389 148 350 390 164 351 391 152 352 392 153 353 393 165 354 394 166 355 395 151 356 396 167 357 397 154 358 398 152 359 399 168 360 400 155 361 401 156 362 402 166 363 403 169 364 404 157 365 405 167 366 406 170 367 407 155 368 408 171 369 409 158 370 410 159 371 411 169 372 412 172 373 413 160 374 414 170 375 415 173 376 416 158 377 417 174 378 418 128 379 419 130 380 420 172 381 421 175 382 422 149 383 423 173 384 424 176 385 425 128 386 426 177 387 427 129 388 428 131 389 429 175 390 430 178 391 431 145 311 432 179 392 433 180 393 434 129 394 435 181 395 436 132 396 437 133 397 438 178 398 439 182 399 440 132 400 441 183 401 442 134 402 443 135 403 444 182 404 445 184 405 446 134 406 447 185 407 448 136 408 449 137 409 450 184 410 451 186 411 452 136 412 453 187 413 454 138 414 455 139 415 456 186 416 457 188 417 458 138 418 459 189 419 460 140 420 461 141 421 462 188 422 463 190 423 464 140 424 465 191 425 466 142 426 467 143 427 468 190 428 469 192 429 470 142 430 471 193 431 472 146 432 473 145 433 474 192 434 475 180 435 476 146 436 477 161 437 478 147 438 479 145 439 480 163 440 481 148 441 482 150 442 483 176 443 484 165 444 485 182 445 486 195 446 487 184 447 488 175 448 489 197 449 490 178 450 491 169 451 492 199 452 493 172 453 494 200 454 495 166 455 496 165 456 497 202 457 498 176 458 499 173 459 500 204 460 501 170 461 502 167 462 503 206 463 504 162 464 505 161 465 506 208 466 507 193 467 508 191 468 509 210 469 510 189 470 511 187 471 512 212 472 513 185 473 514 183 474 515 214 475 516 181 476 517 177 477 518 171 478 519 217 479 520 174 480 521 164 481 522 219 482 523 168 483 524 180 484 525 221 485 526 163 486 527 190 487 528 223 488 529 192 489 530 186 490 531 225 491 532 188 492 533 204 493 534 227 494 535 205 495 536 216 496 537 228 497 538 229 498 539 199 499 540 230 500 541 231 501 542 202 502 543 227 503 544 232 504 545 216 505 546 233 506 547 217 507 548 196 508 549 231 509 550 234 510 551 202 511 552 235 512 553 203 513 554 214 514 555 233 515 556 236 516 557 196 517 558 237 518 559 197 519 560 214 520 561 238 521 562 215 522 563 197 523 564 239 524 565 194 525 566 212 526 567 238 527 568 240 528 569 195 529 570 239 530 571 241 531 572 212 532 573 242 533 574 213 534 575 195 535 576 243 536 577 224 537 578 213 538 579 244 539 580 210 540 581 225 541 582 243 542 583 245 543 584 211 544 585 244 545 586 246 546 587 222 547 588 245 548 589 247 549 590 211 550 591 248 551 592 208 552 593 222 553 594 249 554 595 223 555 596 209 556 597 248 557 598 250 558 599 223 559 600 251 560 601 220 561 602 209 562 603 252 563 604 206 564 605 220 565 606 253 566 607 221 567 608 203 568 609 254 569 610 200 570 611 206 571 612 255 572 613 207 573 614 218 574 615 253 575 616 256 576 617 200 577 618 257 578 619 201 579 620 204 580 621 255 581 622 226 582 623 219 583 624 256 584 625 228 585 626 201 586 627 230 587 628 198 588 629 236 589 630 258 590 631 259 591 632 234 592 633 261 593 634 237 594 635 238 595 636 259 596 637 262 597 638 237 598 639 263 599 640 239 600 641 238 601 642 264 602 643 240 603 644 241 604 645 263 605 646 265 606 647 240 607 648 266 608 649 242 609 650 241 610 651 267 611 652 243 612 653 244 613 654 266 614 655 268 615 656 245 616 657 267 617 658 269 618 659 244 619 660 270 620 661 246 621 662 247 622 663 269 623 664 271 624 665 248 625 666 270 626 667 272 627 668 249 628 669 271 629 670 273 630 671 248 631 672 274 632 673 250 633 674 249 634 675 275 635 676 251 636 677 252 637 678 274 638 679 276 639 680 253 640 681 275 641 682 277 642 683 235 643 684 279 644 685 254 645 686 255 646 687 276 647 688 280 648 689 256 649 690 277 650 691 281 651 692 254 652 693 282 653 694 257 654 695 255 655 696 283 656 697 226 657 698 228 658 699 281 659 700 284 660 701 257 661 702 285 662 703 230 663 704 226 664 705 286 665 706 227 666 707 229 667 708 284 668 709 287 669 710 231 670 711 285 671 712 288 672 713 232 673 714 286 674 715 289 675 716 229 676 717 258 677 718 233 678 719 231 679 720 260 680 721 234 681 722 232 682 723 278 683 724 235 684 725 282 685 726 274 686 727 258 687 728 103 688 729 291 689 730 101 690 731 104 691 732 293 692 733 102 688 734 103 688 735 294 693 736 290 688 737 104 691 738 295 694 739 292 695 740 105 696 741 296 697 742 294 693 743 106 698 744 297 688 745 295 694 746 109 699 747 296 697 748 107 688 749 111 688 750 299 700 751 300 688 752 108 688 753 301 701 754 297 688 755 109 699 756 302 702 757 298 703 758 114 704 759 299 700 760 110 688 761 115 705 762 301 701 763 112 688 764 116 706 765 302 702 766 113 688 767 114 704 768 306 707 769 303 708 770 118 709 771 304 710 772 115 705 773 116 706 774 308 711 775 305 712 776 120 713 777 306 707 778 117 714 779 118 709 780 310 715 781 307 716 782 122 717 783 308 711 784 119 688 785 120 713 786 312 688 787 309 718 788 111 688 789 310 715 790 121 688 791 124 719 792 311 720 793 122 717 794 125 721 795 312 688 796 123 688 797 124 719 798 315 722 799 313 723 800 127 724 801 314 725 802 125 721 803 97 688 804 315 722 805 126 688 806 127 724 807 318 726 808 316 727 809 97 688 810 319 728 811 317 688 812 98 729 813 318 726 814 99 688 815 100 730 816 319 728 817 96 731 818 98 729 819 291 689 820 320 732 821 102 688 822 321 733 823 100 730 824 292 734 825 323 735 826 293 736 827 294 737 828 325 738 829 290 739 830 295 740 831 322 741 832 292 742 833 296 743 834 324 744 835 294 745 836 297 746 837 326 747 838 295 748 839 296 749 840 329 750 841 327 751 842 299 752 843 331 753 844 300 754 845 297 755 846 332 756 847 328 757 848 298 758 849 333 759 850 329 760 851 299 761 852 334 762 853 330 763 854 304 764 855 332 765 856 301 766 857 302 767 858 336 768 859 333 769 860 303 770 861 337 771 862 334 772 863 307 773 864 335 774 865 304 775 866 305 776 867 339 777 868 336 778 869 306 779 870 340 780 871 337 781 872 307 782 873 341 783 874 338 784 875 308 785 876 342 786 877 339 787 878 309 788 879 343 789 880 340 790 881 310 791 882 331 792 883 341 793 884 311 794 885 344 795 886 342 796 887 314 797 888 343 798 889 312 799 890 313 800 891 346 801 892 344 802 893 314 803 894 347 804 895 345 805 896 315 806 897 348 807 898 346 808 899 316 809 900 349 810 901 347 811 902 317 812 903 350 813 904 348 814 905 320 815 906 349 816 907 318 817 908 321 818 909 350 819 910 319 820 911 291 821 912 351 822 913 320 823 914 293 824 915 352 825 916 321 826 917 290 827 918 353 828 919 291 829 920 349 830 921 354 831 922 355 832 923 353 833 924 356 834 925 357 835 926 324 836 927 358 837 928 359 838 929 329 839 930 360 840 931 361 841 932 336 842 933 362 843 934 363 844 935 342 845 936 364 846 937 365 847 938 346 848 939 366 849 940 367 850 941 350 851 942 368 852 943 369 853 944 322 854 945 371 855 946 323 856 947 328 857 948 373 858 949 326 859 950 335 860 951 375 861 952 332 862 953 341 863 954 377 864 955 338 865 956 330 866 957 379 867 958 331 868 959 337 869 960 381 870 961 334 871 962 343 872 963 383 873 964 340 874 965 347 875 966 385 876 967 345 877 968 367 878 969 386 879 970 387 880 971 360 881 972 389 882 973 361 883 974 381 884 975 390 885 976 391 886 977 367 887 978 392 888 979 387 889 980 360 890 981 393 891 982 363 892 983 381 893 984 394 894 985 391 895 986 369 896 987 392 897 988 395 898 989 383 899 990 394 900 991 396 901 992 368 902 993 395 903 994 369 904 995 382 905 996 396 906 997 383 907 998 371 908 999 397 909 1000 399 910 1001 385 911 1002 398 912 1003 400 913 1004 371 914 1005 401 915 1006 399 916 1007 384 917 1008 400 918 1009 385 919 1010 370 920 1011 403 921 1012 373 922 1013 355 923 1014 402 924 1015 404 925 1016 373 926 1017 405 927 1018 403 928 1019 355 929 1020 406 930 1021 404 931 1022 372 932 1023 407 933 1024 375 934 1025 354 935 1026 408 936 1027 357 937 1028 375 938 1029 409 939 1030 407 940 1031 357 941 1032 410 942 1033 408 943 1034 377 944 1035 409 945 1036 411 946 1037 362 947 1038 393 948 1039 363 949 1040 359 950 1041 410 951 1042 413 952 1043 377 953 1044 414 954 1045 411 955 1046 362 956 1047 415 957 1048 365 958 1049 359 959 1050 416 960 1051 413 961 1052 379 962 1053 414 963 1054 417 964 1055 364 965 1056 415 966 1057 365 967 1058 358 968 1059 389 969 1060 361 970 1061 379 971 1062 390 972 1063 417 973 1064 395 974 1065 418 975 1066 419 976 1067 396 977 1068 420 978 1069 421 979 1070 397 980 1071 422 981 1072 399 982 1073 400 983 1074 420 984 1075 423 985 1076 399 986 1077 424 987 1078 422 988 1079 400 989 1080 425 990 1081 423 991 1082 403 992 1083 424 993 1084 426 994 1085 404 995 1086 425 996 1087 427 997 1088 403 998 1089 428 999 1090 426 1000 1091 406 1001 1092 427 1002 1093 404 1003 1094 407 1004 1095 428 1005 1096 430 1006 1097 408 1007 1098 429 1008 1099 431 1009 1100 407 1010 1101 432 1011 1102 430 1012 1103 408 1013 1104 433 1014 1105 431 1015 1106 411 1016 1107 432 1017 1108 434 1018 1109 412 1019 1110 436 1020 1111 393 1021 1112 413 1022 1113 433 1023 1114 437 1024 1115 411 1025 1116 438 1026 1117 434 1027 1118 412 1028 1119 439 1029 1120 415 1030 1121 413 1031 1122 440 1032 1123 437 1033 1124 417 1034 1125 438 1035 1126 441 1036 1127 415 1037 1128 442 1038 1129 439 1039 1130 389 1040 1131 440 1041 1132 443 1042 1133 417 1043 1134 444 1044 1135 441 1045 1136 387 1046 1137 442 1047 1138 445 1048 1139 388 1049 1140 443 1050 1141 389 1051 1142 391 1052 1143 444 1053 1144 447 1054 1145 387 1055 1146 448 1056 1147 445 1057 1148 388 1058 1149 436 1059 1150 393 1060 1151 391 1061 1152 449 1062 1153 447 1063 1154 395 1064 1155 448 1065 1156 419 1066 1157 396 1067 1158 449 1068 1159 421 1069 1160 427 1070 1161 437 1071 1162 436 1072 1163 0 0 1164 1 1073 1165 2 1 1166 5 3 1167 6 1074 1168 7 4 1169 8 6 1170 0 1075 1171 3 7 1172 4 9 1173 7 1076 1174 11 10 1175 12 12 1176 8 1077 1177 9 13 1178 10 15 1179 11 1078 1180 15 16 1181 16 18 1182 12 1079 1183 13 19 1184 19 21 1185 20 1080 1186 21 22 1187 14 24 1188 15 1081 1189 23 25 1190 24 27 1191 16 1082 1192 17 28 1193 26 30 1194 18 1083 1195 21 31 1196 22 33 1197 23 1084 1198 29 34 1199 30 36 1200 24 1085 1201 25 37 1202 32 39 1203 26 1086 1204 27 40 1205 28 42 1206 29 1087 1207 35 43 1208 30 45 1209 31 1088 1210 37 46 1211 32 48 1212 33 1089 1213 39 49 1214 34 51 1215 35 1090 1216 41 52 1217 36 54 1218 37 1091 1219 43 55 1220 44 57 1221 38 1092 1222 39 58 1223 40 60 1224 41 1093 1225 20 61 1226 42 63 1227 43 1094 1228 47 64 1229 44 66 1230 45 1095 1231 49 67 1232 50 69 1233 46 1096 1234 47 70 1235 48 72 1236 49 1097 1237 53 73 1238 50 75 1239 51 1098 1240 55 76 1241 52 78 1242 53 1099 1243 57 79 1244 58 81 1245 54 1100 1246 55 82 1247 60 84 1248 56 1101 1249 57 85 1250 62 87 1251 58 1102 1252 59 88 1253 1 90 1254 60 1103 1255 61 91 1256 5 93 1257 62 1104 1258 63 94 1259 0 96 1260 64 97 1261 65 96 1262 4 98 1263 66 1105 1264 67 99 1265 8 101 1266 68 1106 1267 64 102 1268 10 104 1269 69 1107 1270 66 105 1271 12 107 1272 70 1108 1273 68 108 1274 14 110 1275 71 1109 1276 69 111 1277 16 113 1278 72 1110 1279 70 114 1280 18 116 1281 73 1111 1282 74 117 1283 22 119 1284 75 1112 1285 71 120 1286 24 122 1287 76 1113 1288 72 123 1289 26 125 1290 77 1114 1291 73 126 1292 28 128 1293 78 128 1294 75 128 1295 30 129 1296 79 1115 1297 76 130 1298 32 132 1299 80 1116 1300 77 133 1301 34 135 1302 81 1117 1303 78 136 1304 36 137 1305 82 1118 1306 79 138 1307 38 140 1308 83 1119 1309 80 141 1310 40 143 1311 84 143 1312 81 143 1313 42 144 1314 85 1120 1315 82 145 1316 44 146 1317 86 1121 1318 83 147 1319 19 149 1320 74 150 1321 84 149 1322 46 151 1323 87 1122 1324 85 152 1325 48 154 1326 88 155 1327 86 154 1328 50 156 1329 89 1123 1330 87 157 1331 52 159 1332 90 1124 1333 88 160 1334 54 162 1335 91 1125 1336 89 163 1337 56 165 1338 92 1126 1339 90 166 1340 58 168 1341 93 1127 1342 91 169 1343 60 171 1344 94 1128 1345 92 172 1346 62 174 1347 95 1129 1348 93 175 1349 1 177 1350 65 1130 1351 94 178 1352 5 180 1353 67 1131 1354 95 181 1355 93 183 1356 96 1132 1357 97 184 1358 94 186 1359 98 1133 1360 99 187 1361 93 189 1362 95 1134 1363 100 190 1364 65 192 1365 101 1135 1366 98 193 1367 95 195 1368 67 1136 1369 102 196 1370 65 198 1371 64 1137 1372 103 199 1373 67 201 1374 66 1138 1375 104 202 1376 68 204 1377 105 1139 1378 103 205 1379 66 207 1380 69 1140 1381 106 208 1382 70 210 1383 107 1141 1384 105 211 1385 69 213 1386 71 1142 1387 108 214 1388 72 216 1389 109 1143 1390 107 217 1391 73 219 1392 110 1144 1393 111 220 1394 71 222 1395 75 1145 1396 112 223 1397 76 225 1398 113 1146 1399 109 226 1400 77 228 1401 114 1147 1402 110 229 1403 75 231 1404 78 1148 1405 115 232 1406 79 234 1407 116 1149 1408 113 235 1409 77 237 1410 80 1150 1411 117 238 1412 78 240 1413 81 1151 1414 118 241 1415 82 243 1416 119 1152 1417 116 244 1418 80 246 1419 83 1153 1420 120 247 1421 81 249 1422 84 1154 1423 121 250 1424 85 252 1425 122 1155 1426 119 253 1427 83 255 1428 86 1156 1429 123 256 1430 84 258 1431 74 1157 1432 111 259 1433 85 261 1434 87 1158 1435 124 262 1436 86 264 1437 88 1159 1438 125 265 1439 89 267 1440 126 1160 1441 124 268 1442 88 270 1443 90 1161 1444 127 271 1445 89 273 1446 91 1162 1447 97 274 1448 90 276 1449 92 1163 1450 99 277 1451 43 279 1452 128 344 1453 129 280 1454 49 282 1455 45 345 1456 130 283 1457 47 281 1458 129 280 1459 132 285 1460 53 287 1461 49 282 1462 131 284 1463 51 286 1464 132 285 1465 134 289 1466 57 291 1467 53 287 1468 133 288 1469 55 290 1470 134 289 1471 136 293 1472 61 295 1473 57 291 1474 135 292 1475 59 294 1476 136 293 1477 138 297 1478 2 299 1479 61 295 1480 137 296 1481 63 298 1482 138 297 1483 140 301 1484 3 303 1485 2 299 1486 139 300 1487 6 302 1488 140 301 1489 142 305 1490 9 307 1491 3 303 1492 141 304 1493 13 309 1494 12 1164 1495 144 310 1496 7 306 1497 142 305 1498 146 312 1499 13 314 1500 9 307 1501 143 308 1502 11 313 1503 146 312 1504 147 316 1505 13 318 1506 145 1165 1507 148 319 1508 21 321 1509 20 346 1510 149 322 1511 15 317 1512 147 316 1513 151 324 1514 17 320 1515 148 319 1516 152 326 1517 27 328 1518 21 321 1519 150 323 1520 23 325 1521 151 324 1522 154 330 1523 25 327 1524 152 326 1525 155 332 1526 33 334 1527 27 328 1528 153 329 1529 35 336 1530 29 331 1531 154 330 1532 31 333 1533 155 332 1534 158 338 1535 39 340 1536 33 334 1537 156 335 1538 41 342 1539 35 336 1540 157 337 1541 37 339 1542 158 338 1543 128 344 1544 45 345 1545 39 340 1546 159 341 1547 20 346 1548 41 342 1549 160 343 1550 147 347 1551 161 1166 1552 162 348 1553 148 350 1554 163 1167 1555 164 351 1556 153 353 1557 150 1168 1558 165 354 1559 151 356 1560 162 1169 1561 167 357 1562 152 359 1563 164 1170 1564 168 360 1565 156 362 1566 153 1171 1567 166 363 1568 157 365 1569 154 1172 1570 167 366 1571 155 368 1572 168 1173 1573 171 369 1574 159 371 1575 156 1174 1576 169 372 1577 160 374 1578 157 1175 1579 170 375 1580 158 377 1581 171 1176 1582 174 378 1583 130 380 1584 159 1177 1585 172 381 1586 149 383 1587 160 1178 1588 173 384 1589 128 386 1590 174 1179 1591 177 387 1592 131 389 1593 130 1180 1594 175 390 1595 145 311 1596 144 310 1597 179 392 1598 129 394 1599 177 1181 1600 181 395 1601 133 397 1602 131 1182 1603 178 398 1604 132 400 1605 181 1183 1606 183 401 1607 135 403 1608 133 1184 1609 182 404 1610 134 406 1611 183 1185 1612 185 407 1613 137 409 1614 135 1186 1615 184 410 1616 136 412 1617 185 1187 1618 187 413 1619 139 415 1620 137 1188 1621 186 416 1622 138 418 1623 187 1189 1624 189 419 1625 141 421 1626 139 1190 1627 188 422 1628 140 424 1629 189 1191 1630 191 425 1631 143 427 1632 141 1192 1633 190 428 1634 142 430 1635 191 1193 1636 193 431 1637 145 433 1638 143 1194 1639 192 434 1640 146 436 1641 193 1195 1642 161 437 1643 145 439 1644 180 1196 1645 163 440 1646 150 442 1647 149 1197 1648 176 443 1649 182 445 1650 194 1198 1651 195 446 1652 175 448 1653 196 1199 1654 197 449 1655 169 451 1656 198 1200 1657 199 452 1658 200 454 1659 201 1201 1660 166 455 1661 202 457 1662 203 1202 1663 176 458 1664 204 460 1665 205 1203 1666 170 461 1667 206 463 1668 207 1204 1669 162 464 1670 208 466 1671 209 1205 1672 193 467 1673 210 469 1674 211 1206 1675 189 470 1676 212 472 1677 213 1207 1678 185 473 1679 214 475 1680 215 1208 1681 181 476 1682 171 478 1683 216 1209 1684 217 479 1685 164 481 1686 218 1210 1687 219 482 1688 180 484 1689 220 1211 1690 221 485 1691 190 487 1692 222 1212 1693 223 488 1694 186 490 1695 224 1213 1696 225 491 1697 204 493 1698 226 1214 1699 227 494 1700 216 496 1701 219 1215 1702 228 497 1703 199 499 1704 198 1216 1705 230 500 1706 202 502 1707 205 1217 1708 227 503 1709 216 505 1710 229 1218 1711 233 506 1712 196 508 1713 199 1219 1714 231 509 1715 202 511 1716 232 1220 1717 235 512 1718 214 514 1719 217 1221 1720 233 515 1721 196 517 1722 234 1222 1723 237 518 1724 214 520 1725 236 1223 1726 238 521 1727 197 523 1728 237 1224 1729 239 524 1730 212 526 1731 215 1225 1732 238 527 1733 195 529 1734 194 1226 1735 239 530 1736 212 532 1737 240 1227 1738 242 533 1739 195 535 1740 241 1228 1741 243 536 1742 213 538 1743 242 1229 1744 244 539 1745 225 541 1746 224 1230 1747 243 542 1748 211 544 1749 210 1231 1750 244 545 1751 222 547 1752 225 1232 1753 245 548 1754 211 550 1755 246 1233 1756 248 551 1757 222 553 1758 247 1234 1759 249 554 1760 209 556 1761 208 1235 1762 248 557 1763 223 559 1764 249 1236 1765 251 560 1766 209 562 1767 250 1237 1768 252 563 1769 220 565 1770 251 1238 1771 253 566 1772 203 568 1773 235 1239 1774 254 569 1775 206 571 1776 252 1240 1777 255 572 1778 218 574 1779 221 1241 1780 253 575 1781 200 577 1782 254 1242 1783 257 578 1784 204 580 1785 207 1243 1786 255 581 1787 219 583 1788 218 1244 1789 256 584 1790 201 586 1791 257 1245 1792 230 587 1793 236 589 1794 233 1246 1795 258 590 1796 234 592 1797 260 1247 1798 261 593 1799 238 595 1800 236 1248 1801 259 596 1802 237 598 1803 261 1249 1804 263 599 1805 238 601 1806 262 1250 1807 264 602 1808 241 604 1809 239 1251 1810 263 605 1811 240 607 1812 264 1252 1813 266 608 1814 241 610 1815 265 1253 1816 267 611 1817 244 613 1818 242 1254 1819 266 614 1820 245 616 1821 243 1255 1822 267 617 1823 244 619 1824 268 1256 1825 270 620 1826 247 622 1827 245 1257 1828 269 623 1829 248 625 1830 246 1258 1831 270 626 1832 249 628 1833 247 1259 1834 271 629 1835 248 631 1836 272 1260 1837 274 632 1838 249 634 1839 273 1261 1840 275 635 1841 252 637 1842 250 1262 1843 274 638 1844 253 640 1845 251 1263 1846 275 641 1847 235 643 1848 278 1264 1849 279 644 1850 255 646 1851 252 1265 1852 276 647 1853 256 649 1854 253 1266 1855 277 650 1856 254 652 1857 279 1267 1858 282 653 1859 255 655 1860 280 1268 1861 283 656 1862 228 658 1863 256 1269 1864 281 659 1865 257 661 1866 282 1270 1867 285 662 1868 226 664 1869 283 1271 1870 286 665 1871 229 667 1872 228 1272 1873 284 668 1874 231 670 1875 230 1273 1876 285 671 1877 232 673 1878 227 1274 1879 286 674 1880 229 676 1881 287 1275 1882 258 677 1883 231 679 1884 288 1276 1885 260 680 1886 232 682 1887 289 1277 1888 278 683 1889 282 685 1890 279 1278 1891 278 1278 1892 278 1278 1893 289 1278 1894 286 1278 1895 286 1278 1896 283 1278 1897 280 1278 1898 280 1278 1899 276 1278 1900 274 686 1901 274 686 1902 272 1279 1903 266 1280 1904 272 1279 1905 270 1281 1906 266 1280 1907 270 1281 1908 268 1282 1909 266 1280 1910 266 1280 1911 264 1278 1912 262 1283 1913 262 1283 1914 259 1284 1915 258 687 1916 258 687 1917 287 1278 1918 284 1278 1919 284 1278 1920 281 1278 1921 277 1285 1922 277 1285 1923 275 1278 1924 273 1278 1925 273 1278 1926 271 1278 1927 277 1285 1928 271 1278 1929 269 1286 1930 277 1285 1931 269 1286 1932 267 1287 1933 265 1288 1934 265 1288 1935 263 1289 1936 269 1286 1937 263 1289 1938 261 1290 1939 269 1286 1940 261 1290 1941 260 1278 1942 282 685 1943 260 1278 1944 288 1291 1945 282 685 1946 288 1291 1947 285 1292 1948 282 685 1949 282 685 1950 278 1278 1951 286 1278 1952 286 1278 1953 280 1278 1954 282 685 1955 280 1278 1956 274 686 1957 282 685 1958 266 1280 1959 262 1283 1960 274 686 1961 262 1283 1962 258 687 1963 274 686 1964 258 687 1965 284 1278 1966 277 1285 1967 258 687 1968 277 1285 1969 282 685 1970 277 1285 1971 269 1286 1972 282 685 1973 269 1286 1974 261 1290 1975 282 685 1976 103 688 1977 290 688 1978 291 689 1979 104 691 1980 292 695 1981 293 692 1982 103 688 1983 105 696 1984 294 693 1985 104 691 1986 106 698 1987 295 694 1988 105 696 1989 107 688 1990 296 697 1991 106 698 1992 108 688 1993 297 688 1994 109 699 1995 298 703 1996 296 697 1997 111 688 1998 110 688 1999 299 700 2000 108 688 2001 112 688 2002 301 701 2003 109 699 2004 113 688 2005 302 702 2006 114 704 2007 303 708 2008 299 700 2009 115 705 2010 304 710 2011 301 701 2012 116 706 2013 305 712 2014 302 702 2015 114 704 2016 117 714 2017 306 707 2018 118 709 2019 307 716 2020 304 710 2021 116 706 2022 119 688 2023 308 711 2024 120 713 2025 309 718 2026 306 707 2027 118 709 2028 121 688 2029 310 715 2030 122 717 2031 311 720 2032 308 711 2033 120 713 2034 123 688 2035 312 688 2036 111 688 2037 300 688 2038 310 715 2039 124 719 2040 313 723 2041 311 720 2042 125 721 2043 314 725 2044 312 688 2045 124 719 2046 126 688 2047 315 722 2048 127 724 2049 316 727 2050 314 725 2051 97 688 2052 317 688 2053 315 722 2054 127 724 2055 99 688 2056 318 726 2057 97 688 2058 96 731 2059 319 728 2060 98 729 2061 320 732 2062 318 726 2063 100 730 2064 321 733 2065 319 728 2066 98 729 2067 101 690 2068 291 689 2069 102 688 2070 293 692 2071 321 733 2072 292 734 2073 322 1293 2074 323 735 2075 294 737 2076 324 1294 2077 325 738 2078 295 740 2079 326 1295 2080 322 741 2081 296 743 2082 327 1296 2083 324 744 2084 297 746 2085 328 1297 2086 326 747 2087 296 749 2088 298 1298 2089 329 750 2090 299 752 2091 330 1299 2092 331 753 2093 297 755 2094 301 1300 2095 332 756 2096 298 758 2097 302 1301 2098 333 759 2099 299 761 2100 303 1302 2101 334 762 2102 304 764 2103 335 1303 2104 332 765 2105 302 767 2106 305 1304 2107 336 768 2108 303 770 2109 306 1305 2110 337 771 2111 307 773 2112 338 1306 2113 335 774 2114 305 776 2115 308 1307 2116 339 777 2117 306 779 2118 309 1308 2119 340 780 2120 307 782 2121 310 1309 2122 341 783 2123 308 785 2124 311 1310 2125 342 786 2126 309 788 2127 312 1311 2128 343 789 2129 310 791 2130 300 1312 2131 331 792 2132 311 794 2133 313 1313 2134 344 795 2135 314 797 2136 345 1314 2137 343 798 2138 313 800 2139 315 1315 2140 346 801 2141 314 803 2142 316 1316 2143 347 804 2144 315 806 2145 317 1317 2146 348 807 2147 316 809 2148 318 1318 2149 349 810 2150 317 812 2151 319 1319 2152 350 813 2153 320 815 2154 351 1320 2155 349 816 2156 321 818 2157 352 1321 2158 350 819 2159 291 821 2160 353 1322 2161 351 822 2162 293 824 2163 323 1323 2164 352 825 2165 290 827 2166 325 1324 2167 353 828 2168 349 830 2169 351 1325 2170 354 831 2171 353 833 2172 325 1326 2173 356 834 2174 324 836 2175 327 1327 2176 358 837 2177 329 839 2178 333 1328 2179 360 840 2180 336 842 2181 339 1329 2182 362 843 2183 342 845 2184 344 1330 2185 364 846 2186 346 848 2187 348 1331 2188 366 849 2189 350 851 2190 352 1332 2191 368 852 2192 322 854 2193 370 1333 2194 371 855 2195 328 857 2196 372 1334 2197 373 858 2198 335 860 2199 374 1335 2200 375 861 2201 341 863 2202 376 1336 2203 377 864 2204 330 866 2205 378 1337 2206 379 867 2207 337 869 2208 380 1338 2209 381 870 2210 343 872 2211 382 1339 2212 383 873 2213 347 875 2214 384 1340 2215 385 876 2216 367 878 2217 364 1341 2218 386 879 2219 360 881 2220 388 1342 2221 389 882 2222 381 884 2223 378 1343 2224 390 885 2225 367 887 2226 366 1344 2227 392 888 2228 360 890 2229 388 1345 2230 393 891 2231 381 893 2232 380 1346 2233 394 894 2234 369 896 2235 366 1347 2236 392 897 2237 383 899 2238 380 1348 2239 394 900 2240 368 902 2241 397 1349 2242 395 903 2243 382 905 2244 398 1350 2245 396 906 2246 371 908 2247 368 1351 2248 397 909 2249 385 911 2250 382 1352 2251 398 912 2252 371 914 2253 370 1353 2254 401 915 2255 384 917 2256 402 1354 2257 400 918 2258 370 920 2259 401 1355 2260 403 921 2261 355 923 2262 384 1356 2263 402 924 2264 373 926 2265 372 1357 2266 405 927 2267 355 929 2268 354 1358 2269 406 930 2270 372 932 2271 405 1359 2272 407 933 2273 354 935 2274 406 1360 2275 408 936 2276 375 938 2277 374 1361 2278 409 939 2279 357 941 2280 356 1362 2281 410 942 2282 377 944 2283 374 1363 2284 409 945 2285 362 947 2286 412 1364 2287 393 948 2288 359 950 2289 356 1365 2290 410 951 2291 377 953 2292 376 1366 2293 414 954 2294 362 956 2295 412 1367 2296 415 957 2297 359 959 2298 358 1368 2299 416 960 2300 379 962 2301 376 1369 2302 414 963 2303 364 965 2304 386 1370 2305 415 966 2306 358 968 2307 416 1371 2308 389 969 2309 379 971 2310 378 1372 2311 390 972 2312 395 974 2313 397 1373 2314 418 975 2315 396 977 2316 398 1374 2317 420 978 2318 397 980 2319 418 1375 2320 422 981 2321 400 983 2322 398 1376 2323 420 984 2324 399 986 2325 401 1377 2326 424 987 2327 400 989 2328 402 1378 2329 425 990 2330 403 992 2331 401 1379 2332 424 993 2333 404 995 2334 402 1380 2335 425 996 2336 403 998 2337 405 1381 2338 428 999 2339 406 1001 2340 429 1382 2341 427 1002 2342 407 1004 2343 405 1383 2344 428 1005 2345 408 1007 2346 406 1384 2347 429 1008 2348 407 1010 2349 409 1385 2350 432 1011 2351 408 1013 2352 410 1386 2353 433 1014 2354 411 1016 2355 409 1387 2356 432 1017 2357 412 1019 2358 435 1388 2359 436 1020 2360 413 1022 2361 410 1389 2362 433 1023 2363 411 1025 2364 414 1390 2365 438 1026 2366 412 1028 2367 435 1391 2368 439 1029 2369 413 1031 2370 416 1392 2371 440 1032 2372 417 1034 2373 414 1393 2374 438 1035 2375 415 1037 2376 386 1394 2377 442 1038 2378 389 1040 2379 416 1395 2380 440 1041 2381 417 1043 2382 390 1396 2383 444 1044 2384 387 1046 2385 386 1397 2386 442 1047 2387 388 1049 2388 446 1398 2389 443 1050 2390 391 1052 2391 390 1399 2392 444 1053 2393 387 1055 2394 392 1400 2395 448 1056 2396 388 1058 2397 446 1401 2398 436 1059 2399 391 1061 2400 394 1402 2401 449 1062 2402 395 1064 2403 392 1403 2404 448 1065 2405 396 1067 2406 394 1404 2407 449 1068 2408 436 1072 2409 435 688 2410 445 1405 2411 435 688 2412 439 688 2413 445 1405 2414 439 688 2415 442 688 2416 445 1405 2417 445 1405 2418 448 1406 2419 419 1407 2420 419 1407 2421 418 688 2422 445 1405 2423 418 688 2424 422 688 2425 445 1405 2426 422 688 2427 424 688 2428 430 1408 2429 424 688 2430 426 688 2431 430 1408 2432 426 688 2433 428 688 2434 430 1408 2435 430 1408 2436 432 1409 2437 434 1410 2438 434 1410 2439 438 1411 2440 441 1412 2441 441 1412 2442 444 688 2443 447 1413 2444 447 1413 2445 449 1414 2446 421 1415 2447 421 1415 2448 420 688 2449 423 688 2450 423 688 2451 425 688 2452 421 1415 2453 425 688 2454 427 1070 2455 421 1415 2456 427 1070 2457 429 1416 2458 437 1071 2459 429 1416 2460 431 1417 2461 437 1071 2462 431 1417 2463 433 1418 2464 437 1071 2465 437 1071 2466 440 688 2467 443 688 2468 443 688 2469 446 688 2470 437 1071 2471 446 688 2472 436 1072 2473 437 1071 2474 430 1408 2475 434 1410 2476 441 1412 2477 441 1412 2478 447 1413 2479 421 1415 2480 436 1072 2481 445 1405 2482 422 688 2483 422 688 2484 430 1408 2485 436 1072 2486 430 1408 2487 441 1412 2488 436 1072 2489 441 1412 2490 421 1415 2491 436 1072 2492 421 1415 2493 427 1070 2494 436 1072 2495</p>
        </triangles>
      </mesh>
    </geometry>
    <geometry id="Body_Plane-mesh" name="Body_Plane">
      <mesh>
        <source id="Body_Plane-mesh-positions">
          <float_array id="Body_Plane-mesh-positions-array" count="2643">0.301834 1.852072 -1.482657 0.577556 1.832021 -1.476541 0.573751 1.820499 -1.654042 0.299849 1.840549 -1.664655 0.001313984 1.852072 -1.491257 0.001313984 1.840549 -1.675605 0.001313984 1.829694 0.444676 0.322671 1.819669 0.430077 0.317188 1.879468 -0.07432496 0.001313984 1.879468 -0.06474596 0.001313984 1.884871 -0.505416 0.312097 1.884871 -0.508967 0.311482 1.885523 -0.561424 0.001313984 1.885523 -0.5586 0.001313984 1.884387 -0.619564 0.310868 1.884387 -0.621661 0.305777 1.874971 -1.120955 0.001313984 1.874971 -1.124886 0.61751 1.812986 0.408109 0.606997 1.859417 -0.103017 0.597235 1.86482 -0.526118 0.596057 1.865473 -0.577182 0.594879 1.864337 -0.636027 0.585117 1.854921 -1.123779 0.645712 1.846901 -1.119769 0.643486 1.824001 -1.477957 0.667591 1.851397 -0.09900701 0.65783 1.8568 -0.522108 0.656651 1.857452 -0.573172 0.655474 1.856316 -0.632017 0.661795 1.78947 0.386135 0.727269 1.796241 -0.573172 0.726321 1.794907 -0.632017 0.751591 1.775468 0.305701 0.750558 1.792312 -0.09900701 0.729777 1.795818 -0.522108 0.718468 1.783849 -1.119769 0.709566 1.763019 -1.505083 0.852585 1.520281 0.593477 0.770325 1.531996 0.687595 0.878855 1.274522 0.989054 0.953579 1.265094 0.881253 0.642366 1.812479 -1.658187 0.697248 1.752539 -1.698963 0.84863 1.455403 -1.7257 0.804956 1.45634 -1.91958 1.023568 1.060634 1.01152 1.040696 0.878531 1.007746 1.040696 0.877648 0.876084 1.023568 1.058627 0.873229 0.972186 1.215606 0.990266 0.972186 1.215606 0.870375 0.925152 1.240957 -1.791684 0.976534 1.054887 -1.792394 0.932754 1.046664 -2.088562 0.874199 1.254251 -2.064776 0.993662 0.916183 -1.792716 0.949881 0.921264 -2.071182 0.996132 1.062353 -1.578408 1.013259 0.900936 -1.575553 0.94475 1.232153 -1.581263 0.915983 1.266653 -1.783777 0.865902 1.278467 -2.047378 1.040696 0.873858 -0.459893 1.016668 0.736185 0.876084 1.016668 0.724832 -0.454322 1.000804 0.751517 -1.792716 0.953833 0.739831 -2.059067 1.016668 0.743958 1.007746 1.018765 0.796283 -1.568813 0.949898 1.227325 -1.447875 1.001281 1.061055 -1.441735 1.018408 0.88975 -1.438881 1.022203 1.061184 -0.597425 1.039331 0.875138 -0.59457 1.023826 0.881791 -1.295057 1.006699 1.059688 -1.297911 0.970821 1.216053 -0.600825 0.955317 1.222245 -1.307507 1.029332 0.717735 -1.286002 1.023914 0.79201 -1.431013 0.979594 0.533496 -0.377067 0.979594 0.5407 0.882824 0.935778 0.318253 0.889565 0.935778 0.28616 -0.36203 0.979594 0.541732 0.996831 0.935778 0.326025 0.991802 0.998131 0.638443 0.879454 0.998131 0.642845 0.999346 0.998131 0.629164 -0.415694 1.016668 0.750698 1.171237 0.998131 0.649586 1.174608 1.040696 0.888568 1.171237 0.972186 1.19583 1.165528 1.023568 1.060746 1.168383 0.979594 0.548473 1.177978 0.935778 0.332766 1.172949 0.997449 0.628229 -0.546255 0.998131 0.628657 -0.486483 0.979594 0.533102 -0.445928 0.979594 0.532769 -0.504074 0.935778 0.284406 -0.430438 0.935778 0.282925 -0.488201 0.972186 1.215513 -0.465602 1.023568 1.058678 -0.462748 1.023568 1.060053 -0.535767 0.972186 1.215508 -0.538622 1.040696 0.874552 -0.532913 1.016668 0.724212 -0.527037 1.015303 0.723688 -0.588437 0.989823 0.746306 2.189923 0.974809 0.885323 2.182184 0.955402 0.882163 2.314092 0.954444 0.741959 2.315308 0.969087 1.172801 1.342579 1.01427 1.050014 1.345783 0.859523 1.256421 1.17271 0.961054 0.950194 2.200078 0.945947 0.924951 2.320822 1.029192 0.904265 1.345328 0.970799 1.162265 1.463953 1.00694 1.04256 1.466915 1.008264 0.763516 1.350987 0.9683 1.123084 1.734549 0.992171 1.015211 1.737765 0.99961 1.030864 1.588046 0.972511 1.151729 1.585326 1.008399 0.929797 1.584364 1.018796 0.917031 1.464846 1.002171 0.820358 1.464552 0.996078 0.850001 1.588316 0.942045 1.042221 2.099535 0.972577 0.96827 2.079335 0.984733 0.998763 1.890712 0.964089 1.094438 1.883772 0.9911 0.914416 1.892174 0.99975 0.931207 1.738269 0.989133 0.847009 1.747569 0.982188 0.769218 1.906823 0.859523 1.237089 1.373953 0.859523 1.220236 1.485986 0.859523 1.203382 1.59802 0.852273 1.1768 1.750261 0.845024 1.150218 1.902503 0.843355 1.085391 2.141349 0.92115 0.997433 2.242944 0.841773 1.017368 2.325964 0.982737 0.888484 2.076057 0.996188 0.751914 2.077036 0.900255 0.938309 2.386352 0.830774 0.936134 2.444658 0.979594 0.548473 1.227329 0.935778 0.332766 1.202377 0.993929 0.655995 1.287458 0.925719 0.382665 2.26247 0.917589 0.408786 2.363302 0.910416 0.312898 2.364008 0.913841 0.303795 2.270854 0.932084 0.365678 2.149978 0.920207 0.292554 2.156996 0.9388 0.373966 2.055176 0.926922 0.302207 2.061532 0.969572 0.627447 2.007677 0.983573 0.62363 2.150806 0.97343 0.507556 2.154914 0.95943 0.513472 2.033559 0.431025 0.322791 2.48333 0.434909 0.415743 2.495423 0.001313984 0.412443 2.504422 0.001313984 0.320089 2.492329 0.870743 0.320528 2.416705 0.877916 0.413174 2.421759 0.801961 0.418537 2.459293 0.794788 0.324504 2.447199 0.948466 0.439333 2.043041 0.941751 0.432156 2.144267 0.935385 0.44685 2.255647 0.923426 0.471297 2.362728 0.960729 0.505089 2.249456 0.945295 0.528017 2.362207 0.967094 0.492476 2.139084 0.957237 0.498644 2.03203 0.438071 0.481165 2.566474 0.001313984 0.480416 2.589439 0.883753 0.476023 2.459701 0.807798 0.481799 2.518522 0.448661 0.481183 2.565917 0.445423 0.415823 2.495204 0.441444 0.322947 2.483111 0.455867 0.767348 2.53113 0.466888 0.7674 2.530114 0.491707 0.931202 2.488806 0.480098 0.931405 2.489475 0.491707 1.034772 2.426664 0.480098 1.010049 2.427333 0.496885 1.117628 2.172918 0.485154 1.101246 2.173587 0.502064 1.174591 1.924351 0.49021 1.166551 1.92502 0.492738 1.197119 1.774845 0.504653 1.203073 1.774175 0.507242 1.231554 1.623999 0.495266 1.227686 1.624668 0.497569 1.243963 1.530155 0.509484 1.252268 1.529042 0.511727 1.272982 1.434085 0.499873 1.26024 1.435641 0.509759 1.293696 1.254609 0.500015 1.28222 1.255279 0.507242 1.288535 1.152757 0.495266 1.29001 1.153672 0.813094 0.542794 2.528026 0.451598 0.544082 2.575422 0.889049 0.534666 2.463691 0.440939 0.54412 2.575979 0.001313984 1.290572 1.292382 0.001313984 1.298362 1.191389 0.001313984 1.268592 1.499792 0.001313984 1.252315 1.576033 0.001313984 1.20547 1.80245 0.001313984 1.236037 1.652274 0.001313984 1.109598 2.201193 0.001313984 1.174903 1.952626 0.001313984 1.018401 2.454939 0.001313984 0.939757 2.51708 1.000267 0.528992 -1.157867 0.956451 0.266099 -1.130845 1.014799 0.623364 -1.204935 0.804748 1.26501 -2.195452 0.804579 1.288367 -2.189823 0.758334 1.459927 -2.080964 0.64827 1.740244 -1.86834 0.623614 1.77795 -1.833917 0.863278 1.049668 -2.191865 0.350002 1.260364 -2.268933 0.375211 1.063894 -2.262283 0.001313984 1.07139 -2.261743 0.001313984 1.268186 -2.268393 0.564222 1.788737 -1.863673 0.290321 1.808787 -1.874287 0.001313984 1.808787 -1.885236 0.564222 1.776029 -1.84779 0.290321 1.796079 -1.858404 0.001313984 1.796079 -1.869354 0.622111 1.767218 -1.834258 0.773904 1.263281 -2.207834 0.829761 1.046749 -2.204248 0.664575 1.050581 -2.235927 0.619855 1.256078 -2.23645 0.472199 1.258423 -2.254224 0.506244 1.057865 -2.250348 0.501463 0.7883 -2.218034 0.659795 0.787721 -2.205289 0.658121 0.733827 -2.18997 0.49979 0.731054 -2.201039 0.001313984 0.790148 -2.228041 0.370431 0.78878 -2.228582 0.368757 0.728759 -2.210199 0.001313984 0.730127 -2.209659 0.372821 0.926337 -2.245432 0.363363 0.796468 -2.210557 0.365661 0.928684 -2.226754 0.503854 0.923083 -2.234191 0.662185 0.919151 -2.220608 0.001313984 0.512492 -2.269312 0.355802 0.511124 -2.25949 0.355802 0.394184 -2.173971 0.001313984 0.395552 -2.183794 0.645166 0.511607 -2.239261 0.845207 0.51113 -2.18125 0.845207 0.39419 -2.095731 0.645166 0.394667 -2.153742 0.948296 0.50805 -2.095031 0.971202 0.505889 -1.980317 0.957189 0.402706 -1.959426 0.934283 0.395696 -2.028196 0.486835 0.511343 -2.250329 0.486835 0.394402 -2.164811 0.845207 0.355857 -2.124811 0.934283 0.356041 -2.057276 0.934283 0.326907 -2.078641 0.845207 0.327694 -2.146176 0.960343 0.363051 -1.964713 0.96266 0.333917 -1.968598 0.645166 0.356334 -2.182822 0.645166 0.328171 -2.204187 0.001313984 0.357219 -2.212874 0.355802 0.355851 -2.203051 0.355802 0.327688 -2.224416 0.001313984 0.329056 -2.234239 0.924599 0.297099 -2.054898 0.845207 0.302433 -2.13029 0.486835 0.35607 -2.193891 0.955273 0.310988 -1.968598 0.645166 0.300617 -2.197262 0.355802 0.300134 -2.21983 0.001313984 0.301502 -2.229652 0.001313984 0.797783 -2.210038 0.367958 1.0609 -2.24295 0.001313984 1.068104 -2.24243 0.486835 0.327907 -2.215255 0.486835 0.300353 -2.21067 0.509252 0.92252 2.471029 0.823956 0.927097 2.430053 0.888444 0.929117 2.375937 0.930853 0.916718 2.315115 0.939629 0.877005 2.308869 0.93874 0.746875 2.309998 0.834144 0.761997 2.490612 0.827084 0.765473 2.472705 0.486217 0.770488 2.509369 0.903518 0.746058 2.404035 0.891473 0.750679 2.392349 0.96901 1.22499 0.829165 0.96901 1.22351 -0.446982 0.955228 1.231508 -0.428361 0.955228 1.234375 0.787955 0.75337 1.784722 -0.09029299 0.754376 1.768333 0.303478 0.746556 1.761198 0.301255 0.745578 1.777131 -0.08157896 1.019169 1.221196 0.846641 1.011436 1.254418 0.85562 0.852641 1.518039 0.581474 0.950905 1.282378 0.83744 0.937626 1.299663 0.793626 0.842091 1.515797 0.569471 0.733151 1.788133 -0.505966 0.72592 1.780448 -0.489823 1.074691 1.216253 0.875333 1.061101 1.285979 0.883264 1.022635 1.236687 0.811023 1.020902 1.228941 0.828833 1.015731 1.28295 0.815705 1.013583 1.268684 0.835662 1.125231 1.317402 0.801571 1.145341 1.295149 0.832413 1.215726 1.30432 0.758469 1.188924 1.323612 0.740474 1.054609 1.311192 0.839576 1.048118 1.336406 0.795888 1.048021 1.224665 0.802096 1.061356 1.220459 0.838714 1.17664 1.232304 0.747247 1.132984 1.235148 0.759862 1.152887 1.342905 0.740953 1.095121 1.229907 0.785841 1.105121 1.339656 0.77073 1.122462 1.226382 0.805803 1.149803 1.222857 0.825766 1.197893 1.22946 0.753107 0.726372 1.785958 -0.649155 0.718707 1.775164 -1.125257 0.939584 1.236646 -1.575728 0.94461 1.231934 -1.445526 0.949898 1.226975 -1.308511 0.965033 1.220931 -0.618708 0.84576 1.454563 -1.716715 0.911504 1.270322 -1.773406 0.920454 1.245239 -1.781124 0.710018 1.754832 -1.501368 0.794589 1.294949 -2.182941 0.749823 1.461022 -2.077564 0.35455 1.267842 -2.259521 0.472839 1.265964 -2.245282 0.617957 1.758486 -1.838748 0.561919 1.767015 -1.851847 0.001313984 1.275414 -2.258998 0.296777 1.786424 -1.862122 0.001313984 1.786424 -1.872721 0.643279 1.732374 -1.87174 0.615773 1.263694 -2.228076 0.764894 1.270666 -2.200376 0.667347 1.047568 -2.229408 0.665006 0.918818 -2.214402 0.830699 0.73314 -2.141277 0.661024 0.737275 -2.184389 0.830083 0.736601 -2.136689 0.930056 1.04373 -2.085049 0.861997 1.046673 -2.186245 0.950706 0.743156 -2.056156 0.662664 0.790069 -2.199396 0.829164 1.043814 -2.198375 0.946834 0.920889 -2.072918 1.002015 0.544933 -1.955878 1.01196 0.594678 -1.930502 0.995155 0.593656 -1.908404 0.985308 0.544403 -1.933529 0.78013 0.326154 2.426008 0.855334 0.322217 2.395815 0.940195 0.268326 -1.116654 0.983577 0.528619 -1.143409 0.919726 0.334334 1.164358 0.919726 0.327659 0.985002 0.944048 0.364319 -1.942277 0.946342 0.335474 -1.946123 0.963108 0.547908 1.2182 0.919726 0.334334 1.193495 0.430281 0.324612 2.461564 1.001892 0.793267 -1.550291 0.984109 0.748944 -1.77198 0.940973 0.498571 2.014944 0.943144 0.513252 2.016457 0.922718 0.375126 2.03786 0.932289 0.439847 2.025846 0.939029 0.312771 -1.946123 0.908657 0.299019 -2.031569 0.954799 0.505744 -1.957727 0.940925 0.403582 -1.937042 0.997966 0.622058 -1.190012 0.977302 0.654366 1.277735 0.904308 0.294519 2.138674 0.910957 0.304077 2.044153 0.919726 0.288189 -0.355442 0.919726 0.286452 -0.423174 0.97943 0.846454 1.575618 0.985462 0.817104 1.453077 0.972553 0.843491 1.733296 0.898006 0.305649 2.251406 0.001313984 0.321782 2.47069 0.419964 0.324457 2.461781 0.965677 0.76647 1.890975 0.919726 0.319964 0.883777 0.894615 0.314662 2.343639 1.040726 0.738563 -1.811399 1.023636 0.736118 -1.790479 0.919726 0.284986 -0.480366 0.991495 0.760824 1.340636 1.00699 0.789036 -1.413854 1.03185 0.694168 -1.847054 1.014848 0.692162 -1.825781 1.012355 0.715496 -1.270278 0.953186 0.626101 1.990832 1.021905 0.644423 -1.891114 1.005002 0.642909 -1.869405 0.001313984 0.498571 2.014944 0.001313984 0.513252 2.016457 0.001313984 0.626101 1.990832 0.001313984 0.622058 -1.190012 0.001313984 0.715496 -1.270278 0.001313984 0.692162 -1.825781 0.001313984 0.642909 -1.869405 0.001313984 0.322217 2.395815 0.001313984 0.314662 2.343639 0.001313984 0.268326 -1.116654 0.001313984 0.528619 -1.143409 0.001313984 0.593656 -1.908404 0.001313984 0.324612 2.461564 0.001313984 0.326154 2.426008 0.001313984 0.334334 1.164358 0.001313984 0.327659 0.985002 0.001313984 0.544403 -1.933529 0.001313984 0.304077 2.044153 0.001313984 0.375126 2.03786 0.001313984 0.288189 -0.355442 0.001313984 0.286452 -0.423174 0.001313984 0.505744 -1.957727 0.001313984 0.403582 -1.937042 0.001313984 0.439847 2.025846 0.001313984 0.817104 1.453077 0.001313984 0.760824 1.340636 0.001313984 0.364319 -1.942277 0.001313984 0.335474 -1.946123 0.001313984 0.843491 1.733296 0.001313984 0.846454 1.575618 0.001313984 0.312771 -1.946123 0.001313984 0.299019 -2.031569 0.001313984 0.324457 2.461781 0.001313984 0.547908 1.2182 0.001313984 0.334334 1.193495 0.001313984 0.321782 2.47069 0.001313984 0.654366 1.277735 0.001313984 0.789036 -1.413854 0.001313984 0.284986 -0.480366 0.001313984 0.294519 2.138674 0.001313984 0.793267 -1.550291 0.001313984 0.748944 -1.77198 0.001313984 0.319964 0.883777 0.001313984 0.305649 2.251406 0.001313984 0.736118 -1.790479 0.001313984 0.76647 1.890975 -0.299205 1.852072 -1.482657 -0.297221 1.840549 -1.664655 -0.571122 1.820499 -1.654042 -0.574927 1.832021 -1.476541 -0.314559 1.879468 -0.07432496 -0.320042 1.819669 0.430077 -0.308854 1.885523 -0.561424 -0.309468 1.884871 -0.508967 -0.303148 1.874971 -1.120955 -0.308239 1.884387 -0.621661 -0.604368 1.859417 -0.103017 -0.614882 1.812986 0.408109 -0.593428 1.865473 -0.577182 -0.594606 1.86482 -0.526118 -0.582488 1.854921 -1.123779 -0.59225 1.864337 -0.636027 -0.640857 1.824001 -1.477957 -0.643083 1.846901 -1.119769 -0.655201 1.8568 -0.522108 -0.664963 1.851397 -0.09900701 -0.652845 1.856316 -0.632017 -0.654023 1.857452 -0.573172 -0.659166 1.78947 0.386135 -0.723692 1.794907 -0.632017 -0.72464 1.796241 -0.573172 -0.747929 1.792312 -0.09900701 -0.748963 1.775468 0.305701 -0.727148 1.795818 -0.522108 -0.706938 1.763019 -1.505083 -0.715839 1.783849 -1.119769 -0.849957 1.520281 0.593477 -0.95095 1.265094 0.881253 -0.876227 1.274522 0.989054 -0.767696 1.531996 0.687595 -0.639737 1.812479 -1.658187 -0.69462 1.752539 -1.698963 -0.802328 1.45634 -1.91958 -0.846002 1.455403 -1.7257 -1.02094 1.060634 1.01152 -1.02094 1.058627 0.873229 -1.038067 0.877648 0.876084 -1.038067 0.878531 1.007746 -0.969558 1.215606 0.990266 -0.969558 1.215606 0.870375 -0.922524 1.240957 -1.791684 -0.87157 1.254251 -2.064776 -0.930125 1.046664 -2.088562 -0.973906 1.054887 -1.792394 -0.947252 0.921264 -2.071182 -0.991033 0.916183 -1.792716 -0.993503 1.062353 -1.578408 -1.010631 0.900936 -1.575553 -0.942121 1.232153 -1.581263 -0.913354 1.266653 -1.783777 -0.863273 1.278467 -2.047378 -1.038067 0.873858 -0.459893 -1.01404 0.724832 -0.454322 -1.01404 0.736185 0.876084 -0.951205 0.739831 -2.059067 -0.998176 0.751517 -1.792716 -1.01404 0.743958 1.007746 -1.016137 0.796283 -1.568813 -0.94727 1.227325 -1.447875 -0.998652 1.061055 -1.441735 -1.015779 0.88975 -1.438881 -1.019575 1.061184 -0.597425 -1.00407 1.059688 -1.297911 -1.021198 0.881791 -1.295057 -1.036702 0.875138 -0.59457 -0.968193 1.216053 -0.600825 -0.952688 1.222245 -1.307507 -1.021285 0.79201 -1.431013 -1.026703 0.717735 -1.286002 -0.976965 0.533496 -0.377067 -0.93315 0.28616 -0.36203 -0.93315 0.318253 0.889565 -0.976965 0.5407 0.882824 -0.93315 0.326025 0.991802 -0.976965 0.541732 0.996831 -0.995502 0.638443 0.879454 -0.995502 0.642845 0.999346 -0.995502 0.629164 -0.415694 -0.995502 0.649586 1.174608 -1.01404 0.750698 1.171237 -1.038067 0.888568 1.171237 -1.02094 1.060746 1.168383 -0.969558 1.19583 1.165528 -0.93315 0.332766 1.172949 -0.976965 0.548473 1.177978 -0.99482 0.628229 -0.546255 -0.976965 0.532769 -0.504074 -0.976965 0.533102 -0.445928 -0.995502 0.628657 -0.486483 -0.93315 0.282925 -0.488201 -0.93315 0.284406 -0.430438 -0.969558 1.215513 -0.465602 -0.969558 1.215508 -0.538622 -1.02094 1.060053 -0.535767 -1.02094 1.058678 -0.462748 -1.038067 0.874552 -0.532913 -1.012675 0.723688 -0.588437 -1.01404 0.724212 -0.527037 -0.987194 0.762403 2.189923 -0.951816 0.741959 2.315308 -0.952773 0.882163 2.314092 -0.972181 0.885323 2.182184 -0.966458 1.172801 1.342579 -1.011642 1.050014 1.345783 -0.856895 1.256421 1.17271 -0.958425 0.950194 2.200078 -0.943318 0.924951 2.320822 -1.026564 0.904265 1.345328 -0.96817 1.162265 1.463953 -1.004311 1.04256 1.466915 -1.005635 0.763516 1.350987 -0.965671 1.123084 1.734549 -0.969882 1.151729 1.585326 -0.996981 1.030864 1.588046 -0.989543 1.015211 1.737765 -1.016167 0.917031 1.464846 -1.00577 0.929797 1.584364 -0.999542 0.820358 1.464552 -0.993449 0.850001 1.588316 -0.939417 1.042221 2.099535 -0.96146 1.094438 1.883772 -0.982104 0.998763 1.890712 -0.969948 0.96827 2.079335 -0.997121 0.931207 1.738269 -0.988471 0.914416 1.892174 -0.986504 0.847009 1.747569 -0.979559 0.769218 1.906823 -0.856895 1.237089 1.373953 -0.856895 1.220236 1.485986 -0.849645 1.1768 1.750261 -0.856895 1.203382 1.59802 -0.840726 1.085391 2.141349 -0.842395 1.150218 1.902503 -0.918521 0.997433 2.242944 -0.839144 1.017368 2.325964 -0.980108 0.888484 2.076057 -0.99356 0.768011 2.077036 -0.897626 0.938309 2.386352 -0.828145 0.936134 2.444658 -0.93315 0.332766 1.202377 -0.976965 0.548473 1.227329 -0.9913 0.655995 1.287458 -0.92309 0.382665 2.26247 -0.911213 0.303795 2.270854 -0.907788 0.312898 2.364008 -0.91496 0.408786 2.363302 -0.929456 0.365678 2.149978 -0.917578 0.292554 2.156996 -0.936171 0.373966 2.055176 -0.924293 0.302207 2.061532 -0.966943 0.627447 2.007677 -0.956801 0.513472 2.033559 -0.970802 0.507556 2.154914 -0.980944 0.62363 2.150806 -0.428397 0.322791 2.48333 -0.432281 0.415743 2.495423 -0.868115 0.320528 2.416705 -0.79216 0.324504 2.447199 -0.799332 0.418537 2.459293 -0.875287 0.413174 2.421759 -0.945838 0.439333 2.043041 -0.939122 0.432156 2.144267 -0.932757 0.44685 2.255647 -0.920797 0.471297 2.362728 -0.9581 0.505089 2.249456 -0.942666 0.528017 2.362207 -0.964466 0.492476 2.139084 -0.954608 0.498644 2.03203 -0.435442 0.481165 2.566474 -0.805169 0.481799 2.518522 -0.881124 0.476023 2.459701 -0.442794 0.415823 2.495204 -0.446032 0.481183 2.565917 -0.438816 0.322947 2.483111 -0.453238 0.767348 2.53113 -0.477469 0.931405 2.489475 -0.489078 0.931202 2.488806 -0.46426 0.7674 2.530114 -0.477469 1.010049 2.427333 -0.489078 1.034772 2.426664 -0.482525 1.101246 2.173587 -0.494257 1.117628 2.172918 -0.487581 1.166551 1.92502 -0.499435 1.174591 1.924351 -0.490109 1.197119 1.774845 -0.492637 1.227686 1.624668 -0.504614 1.231554 1.623999 -0.502024 1.203073 1.774175 -0.49494 1.243963 1.530155 -0.497244 1.26024 1.435641 -0.509098 1.272982 1.434085 -0.506856 1.252268 1.529042 -0.497386 1.28222 1.255279 -0.507131 1.293696 1.254609 -0.492637 1.29001 1.153672 -0.504614 1.288535 1.152757 -0.44897 0.544082 2.575422 -0.810465 0.542794 2.528026 -0.886421 0.534666 2.463691 -0.43831 0.54412 2.575979 -0.997638 0.528992 -1.157867 -0.953823 0.266099 -1.130845 -1.012171 0.623364 -1.204935 -0.801951 1.288367 -2.189823 -0.802119 1.26501 -2.195452 -0.645642 1.740244 -1.86834 -0.755706 1.459927 -2.080964 -0.620985 1.77795 -1.833917 -0.860649 1.049668 -2.191865 -0.347373 1.260364 -2.268933 -0.372583 1.063894 -2.262283 -0.287692 1.808787 -1.874287 -0.561594 1.788737 -1.863673 -0.287692 1.796079 -1.858404 -0.561594 1.776029 -1.84779 -0.619483 1.767218 -1.834258 -0.771275 1.263281 -2.207834 -0.617227 1.256078 -2.23645 -0.661946 1.050581 -2.235927 -0.827132 1.046749 -2.204248 -0.469571 1.258423 -2.254224 -0.503615 1.057865 -2.250348 -0.498835 0.7883 -2.218034 -0.497161 0.731054 -2.201039 -0.655492 0.733827 -2.18997 -0.657166 0.787721 -2.205289 -0.366128 0.728759 -2.210199 -0.367802 0.78878 -2.228582 -0.370192 0.926337 -2.245432 -0.363032 0.928684 -2.226754 -0.360735 0.796468 -2.210557 -0.501225 0.923083 -2.234191 -0.659556 0.919151 -2.220608 -0.353174 0.394184 -2.173971 -0.353174 0.511124 -2.25949 -0.642538 0.511607 -2.239261 -0.642538 0.394667 -2.153742 -0.842578 0.39419 -2.095731 -0.842578 0.51113 -2.18125 -0.945667 0.50805 -2.095031 -0.931654 0.395696 -2.028196 -0.954561 0.402706 -1.959426 -0.968573 0.505889 -1.980317 -0.484207 0.511343 -2.250329 -0.484207 0.394402 -2.164811 -0.842578 0.355857 -2.124811 -0.842578 0.327694 -2.146176 -0.931654 0.326907 -2.078641 -0.931654 0.356041 -2.057276 -0.960032 0.333917 -1.968598 -0.957714 0.363051 -1.964713 -0.642538 0.356334 -2.182822 -0.642538 0.328171 -2.204187 -0.353174 0.327688 -2.224416 -0.353174 0.355851 -2.203051 -0.842578 0.302433 -2.13029 -0.92197 0.297099 -2.054898 -0.484207 0.35607 -2.193891 -0.952645 0.310988 -1.968598 -0.642538 0.300617 -2.197262 -0.353174 0.300134 -2.21983 -0.36533 1.0609 -2.24295 -0.484207 0.300353 -2.21067 -0.484207 0.327907 -2.215255 -0.821327 0.927097 2.430053 -0.506624 0.92252 2.471029 -0.928225 0.916718 2.315115 -0.885816 0.929117 2.375937 -0.936111 0.746875 2.309998 -0.937 0.877005 2.308869 -0.483589 0.770488 2.509369 -0.824456 0.765473 2.472705 -0.831516 0.761997 2.490612 -0.888844 0.750679 2.392349 -0.900889 0.746058 2.404035 -0.966381 1.22499 0.829165 -0.952599 1.234375 0.787955 -0.952599 1.231508 -0.428361 -0.966381 1.22351 -0.446982 -0.750742 1.784722 -0.09029299 -0.742949 1.777131 -0.08157896 -0.743927 1.761198 0.301255 -0.751748 1.768333 0.303478 -1.008807 1.254418 0.85562 -1.016541 1.221196 0.846641 -0.850012 1.518039 0.581474 -0.839462 1.515797 0.569471 -0.934997 1.299663 0.793626 -0.948276 1.282378 0.83744 -0.730522 1.788133 -0.505966 -0.723291 1.780448 -0.489823 -1.058472 1.285979 0.883264 -1.072062 1.216253 0.875333 -1.018274 1.228941 0.828833 -1.020006 1.236687 0.811023 -1.013103 1.28295 0.815705 -1.010955 1.268684 0.835662 -1.122602 1.317402 0.801571 -1.186296 1.323612 0.740474 -1.213097 1.30432 0.758469 -1.142712 1.295149 0.832413 -1.051981 1.311192 0.839576 -1.045393 1.224665 0.802096 -1.045489 1.336406 0.795888 -1.058727 1.220459 0.838714 -1.150258 1.342905 0.740953 -1.130355 1.235148 0.759862 -1.174011 1.232304 0.747247 -1.092492 1.229907 0.785841 -1.102492 1.339656 0.77073 -1.119833 1.226382 0.805803 -1.195264 1.22946 0.753107 -1.147174 1.222857 0.825766 -0.716078 1.775164 -1.125257 -0.723744 1.785958 -0.649155 -0.941981 1.231934 -1.445526 -0.936955 1.236646 -1.575728 -0.962404 1.220931 -0.618708 -0.94727 1.226975 -1.308511 -0.908875 1.270322 -1.773406 -0.843132 1.454563 -1.716715 -0.917826 1.245239 -1.781124 -0.707389 1.754832 -1.501368 -0.747194 1.461022 -2.077564 -0.79196 1.294949 -2.182941 -0.470211 1.265964 -2.245282 -0.351921 1.267842 -2.259521 -0.55929 1.767015 -1.851847 -0.615328 1.758486 -1.838748 -0.294149 1.786424 -1.862122 -0.64065 1.732374 -1.87174 -0.762266 1.270666 -2.200376 -0.613144 1.263694 -2.228076 -0.662377 0.918818 -2.214402 -0.664719 1.047568 -2.229408 -0.82807 0.73314 -2.141277 -0.827454 0.736601 -2.136689 -0.658396 0.737275 -2.184389 -0.859369 1.046673 -2.186245 -0.927427 1.04373 -2.085049 -0.948077 0.743156 -2.056156 -0.660035 0.790069 -2.199396 -0.826535 1.043814 -2.198375 -0.944205 0.920889 -2.072918 -0.999387 0.544933 -1.955878 -0.98268 0.544403 -1.933529 -0.992526 0.593656 -1.908404 -1.009332 0.594678 -1.930502 -0.852706 0.322217 2.395815 -0.777502 0.326154 2.426008 -0.980949 0.528619 -1.143409 -0.937566 0.268326 -1.116654 -0.917097 0.327659 0.985002 -0.917097 0.334334 1.164358 -0.943714 0.335474 -1.946123 -0.941419 0.364319 -1.942277 -0.917097 0.334334 1.193495 -0.96048 0.547908 1.2182 -0.427652 0.324612 2.461564 -0.98148 0.748944 -1.77198 -0.999264 0.793267 -1.550291 -0.940515 0.513252 2.016457 -0.938344 0.498571 2.014944 -0.92966 0.439847 2.025846 -0.920089 0.375126 2.03786 -0.906029 0.299019 -2.031569 -0.9364 0.312771 -1.946123 -0.938297 0.403582 -1.937042 -0.952171 0.505744 -1.957727 -0.995337 0.622058 -1.190012 -0.974673 0.654366 1.277735 -0.908329 0.304077 2.044153 -0.90168 0.294519 2.138674 -0.917097 0.286452 -0.423174 -0.917097 0.288189 -0.355442 -0.982834 0.817104 1.453077 -0.976801 0.846454 1.575618 -0.969925 0.843491 1.733296 -0.895377 0.305649 2.251406 -0.417336 0.324457 2.461781 -0.963048 0.76647 1.890975 -0.917097 0.319964 0.883777 -0.891986 0.314662 2.343639 -1.038097 0.738563 -1.811399 -1.021007 0.736118 -1.790479 -0.917097 0.284986 -0.480366 -0.988867 0.760824 1.340636 -1.004362 0.789036 -1.413854 -1.029222 0.694168 -1.847054 -1.01222 0.692162 -1.825781 -1.009726 0.715496 -1.270278 -0.950557 0.626101 1.990832 -1.019277 0.644423 -1.891114 -1.002373 0.642909 -1.869405 0.400487 1.112318 1.333481 -0.397858 1.112318 1.333481</float_array>
          <technique_common>
            <accessor source="#Body_Plane-mesh-positions-array" count="881" stride="3">
              <param name="X" type="float"/>
              <param name="Y" type="float"/>
              <param name="Z" type="float"/>
            </accessor>
          </technique_common>
        </source>
        <source id="Body_Plane-mesh-normals">
          <float_array id="Body_Plane-mesh-normals-array" count="7920">0.07429188 0.9951643 -0.06425493 0.07437914 0.9950892 -0.06530892 0.0753172 0.995115 -0.06382423 0 0.9980432 -0.06252825 0.001975774 0.9980166 -0.0629211 0 0.9980522 -0.06238502 0.02426594 0.99424 0.1043936 0.01497882 0.9937778 0.1103693 0.03544348 0.9946354 0.09718215 1.29029e-4 0.999923 0.01241689 0 0.9999247 0.01227098 0 0.9999244 0.01230734 0 0.9998249 -0.01871466 1.12121e-4 0.999825 -0.01870805 0 0.9998264 -0.0186299 0.04646748 0.9930726 0.1079237 0.06231164 0.9932256 0.09808176 0.03124147 0.9926007 0.1173368 0.07084631 0.9974251 0.01114243 0.07084077 0.9974213 0.01151472 0.07069301 0.9974328 0.01141917 0.06971758 0.997361 -0.02026236 0.07071524 0.9972903 -0.020289 0.0693171 0.9974024 -0.01958948 0.1333025 0.9889828 -0.06437021 0.1191049 0.9906604 -0.06637865 0.1190695 0.9906324 -0.06685912 0.1305772 0.9913913 0.009647965 0.130577 0.9913913 0.009645164 0.1305817 0.9913906 0.009652554 0.1326126 0.9909285 -0.021784 0.1326119 0.9909287 -0.02178323 0.1326107 0.9909288 -0.02178215 0.1486643 0.9811276 0.1236428 0.4727851 0.878181 0.07261258 0.1218749 0.984373 0.127108 0.654731 0.7553551 -0.02768105 0.651895 0.7579491 -0.0233699 0.6547265 0.7553592 -0.02767658 0.5379202 0.8417251 0.04627126 0.2971107 0.947753 0.1161442 0.5797818 0.8141273 0.03240507 0.5893981 0.8076084 -0.01946097 0.63704 0.7707932 -0.007622003 0.646575 0.7628329 -0.005174756 0.6632322 0.7463774 -0.05517238 0.6556754 0.7531926 -0.05282676 0.6647102 0.7450271 -0.05563306 0.585498 0.6994119 0.4098964 0.6130118 0.694372 0.3769139 0.5782721 0.7004927 0.4182242 0.6961483 0.71398 -0.07490092 0.6766492 0.7338635 -0.05991858 0.706283 0.7030617 -0.08287662 0.1135932 0.9914182 -0.06470423 0.1120333 0.9916355 -0.0640906 0 0.998024 -0.06283414 0.001578032 0.9980144 -0.06296652 0.07204651 0.9952713 -0.06514942 0.07316404 0.9951694 -0.06546062 0.8817654 0.4590087 -0.1086319 0.8725666 0.4594721 -0.1658703 0.8671176 0.4591468 -0.1931101 0.9955784 0.09387773 -0.003259062 0.9955752 0.09396654 -6.54742e-4 0.9954658 0.09509742 -0.002096354 0.9499407 0.3124239 -0.002000093 0.9500808 0.3120014 -0.001365065 0.950381 0.3110884 4.69243e-6 0.6574315 0.722024 0.2155582 0.8109155 0.5724218 0.1214469 0.5095007 0.8129232 0.2820727 0.9493038 0.2720296 -0.1575512 0.948588 0.276529 -0.1539891 0.9506214 0.2631357 -0.1645558 0.9812983 0.1193561 -0.1510227 0.9819909 0.1157165 -0.1493441 0.9823842 0.1136099 -0.1483718 0.9900882 0.1104545 -0.0867477 0.9893513 0.114682 -0.08962243 0.9879702 0.1222204 -0.0947479 0.9567867 0.2769889 -0.08852422 0.957497 0.2750712 -0.08680731 0.960881 0.2656398 -0.07837951 0.9130392 0.3767343 -0.1563041 0.8992061 0.4117467 -0.1479632 0.9139146 0.3743758 -0.1568529 0.9855601 -0.1692927 0.003399491 0.987209 -0.1594297 9.29518e-4 0.9873294 -0.1586844 -1.38163e-4 0.9853413 0.03086501 -0.1677797 0.9865623 0.02175623 -0.1619309 0.9878348 0.01116096 -0.1551057 0.9833253 -0.1815732 0.01012086 0.9858645 -0.1674525 0.005566358 0.995148 0.04417753 -0.0879144 0.9951505 0.04532021 -0.0873025 0.9951443 0.04316246 -0.08845782 0.9550098 0.2952811 -0.02767014 0.9559468 0.291962 -0.03040069 0.9569256 0.2891247 -0.02646654 0.9943212 0.1005423 -0.03488099 0.9943136 0.1014478 -0.03238636 0.9938248 0.104805 -0.03644579 0.995571 0.09167033 -0.02085983 0.9948189 0.09599548 -0.03347009 0.9949376 0.09636616 -0.02851092 0.9494279 0.3133697 -0.01965641 0.9530155 0.3023396 -0.01876837 0.953652 0.3003552 -0.01829057 0.9988446 0.04039674 -0.0260303 0.9986915 0.0429694 -0.02772933 0.9979707 0.05343073 -0.03463822 0.9817485 -0.190158 0.003149747 0.9853138 -0.1707251 0.003123521 0.9825147 -0.1861796 0.001417934 0.9803959 -0.1968203 0.009255528 0.9811571 -0.192966 0.009741663 0.9826189 -0.1856046 0.003307521 0.9833205 -0.1817967 0.005548477 0.9818461 -0.1896742 0.001406371 0.9835988 -0.1802311 0.007092952 0.9834054 -0.18127 0.007411181 0.9845851 -0.1748336 0.005030989 0.9842236 -0.1767367 0.008266389 0.9419124 0.3352662 0.0199384 0.9412943 0.3371005 0.01812207 0.9346699 0.3555167 -2.54037e-4 0.9953646 0.09612113 -0.003189384 0.9799548 -0.1991647 0.004688501 0.9799179 -0.1994019 1.26318e-4 0.9811187 -0.192944 -0.01337122 0.9818935 -0.1894217 -0.002171695 0.9819009 -0.189287 -0.006394565 0.9849052 -0.1730902 0.00123918 0.9848858 -0.1731606 0.003953397 0.9849782 -0.172676 9.88994e-4 0.9499921 0.3122733 7.6905e-4 0.950053 0.3120591 0.004316747 0.94948 0.3138278 -2.24353e-5 0.9957439 0.0921598 7.78905e-4 0.9957385 0.09221535 0.001079559 0.9957603 0.09196925 0.001731574 0.9872084 -0.1578121 -0.02269262 0.9871574 -0.1583298 -0.02126222 0.9872313 -0.1575725 -0.02335423 0.9757707 0.05326753 0.2122128 0.9765602 0.05796366 0.2072935 0.9624516 -0.004221439 0.2714208 0.9342362 0.3503384 0.06682658 0.9336971 0.3520062 0.06558507 0.9323939 0.3559778 0.06262248 0.4949233 0.860345 0.1218912 0.5091095 0.8534721 0.1113243 0.4759668 0.8689244 0.1357418 0.9738056 0.1707484 0.1501591 0.9707406 0.1819589 0.1566963 0.9750304 0.1660732 0.1474301 0.9932802 0.100534 0.05733704 0.9923858 0.09940803 0.07272177 0.9933977 0.09976047 0.05664944 0.9465722 0.3193581 0.04485094 0.9470971 0.3175181 0.04679185 0.9382039 0.3456765 0.01677376 0.9849246 -0.1596261 0.066657 0.9853806 -0.1554971 0.06961196 0.9834806 -0.1714014 0.05820405 0.9736735 0.2171235 0.06940758 0.9732266 0.2188562 0.07022899 0.9730702 0.2197377 0.06964081 0.9937242 0.08672922 0.07064151 0.9934546 0.08831322 0.07244873 0.9930259 0.09110456 0.07482999 0.9825219 -0.1610489 0.09334927 0.9830344 -0.1562697 0.09603804 0.9815927 -0.1690764 0.08882051 0.9412183 0.3128992 0.1272885 0.9579581 0.2480319 0.1442101 0.9639022 0.2189714 0.151473 0.9948035 0.08051478 0.06231659 0.9944698 0.08782291 0.05759423 0.9944181 0.08716863 0.05944973 0.9949861 -0.09514796 0.03081911 0.9966496 -0.07848209 0.02302747 0.9981068 -0.05981838 0.01430732 0.4944359 0.8627521 0.1057923 0.5115563 0.8553891 0.08136278 0.476139 0.8709201 0.1216139 0.5008515 0.8602039 0.09590226 0.5091543 0.8556094 0.09324473 0.4782899 0.8684312 0.1306375 0.4351106 0.8824068 0.1789891 0.4289627 0.885414 0.1789785 0.4311575 0.8848345 0.1765539 0.4628623 0.8533699 0.23983 0.4512426 0.8573297 0.2477217 0.4711811 0.8504014 0.2341067 0.5075945 0.8046721 0.3079785 0.4997586 0.8066017 0.3156506 0.5154899 0.8026098 0.3001461 0.8713501 0.432713 0.2313193 0.9041282 0.3862698 0.1826144 0.8421387 0.4675397 0.2687177 0.9915925 0.1112238 0.06613296 0.9934465 0.08793586 0.073017 0.9941473 0.07636767 0.07641488 0.9999634 0.005127787 -0.006857931 0.999273 0.0295608 -0.02407479 0.9926692 0.09725427 -0.07176005 0.7337644 0.5978349 0.3227747 0.8010448 0.5435273 0.2508097 0.6956505 0.6227598 0.358107 0.4840772 0.7284224 0.4848403 0.5347034 0.7259374 0.4325588 0.4279823 0.726863 0.5371233 0.9855329 0.1417395 0.09292376 0.9822435 0.1558802 0.104399 0.9893952 0.1228029 0.07756841 0.9921016 0.1054788 0.06788784 0.9921327 0.1036307 0.07023864 0.9919703 0.1105536 0.06142324 0.9799642 -0.1991413 0.003608763 0.9799869 -0.1990621 0 0.9836579 -0.1723771 0.05199408 0.9839635 -0.170004 0.05398762 0.9828071 -0.1786221 0.04673886 0.991266 -0.1086557 0.07473856 0.991555 -0.103213 0.07852172 0.9883683 -0.143498 0.05036216 0.9873567 -0.1391004 0.07601213 0.9865859 -0.145226 0.07454931 0.9856711 -0.1533539 0.0702511 0.986189 -0.1563506 0.05464464 0.9860771 -0.1569113 0.05505377 0.9858151 -0.1582153 0.05600523 0.9889242 -0.1001836 -0.1095096 0.988926 -0.1019232 -0.1078754 0.9888505 -0.1106285 -0.09968012 0.02217739 -0.1298867 0.9912809 0.0215739 -0.1298127 0.9913038 0.02157586 -0.1298039 0.9913049 0.4022289 -0.1165487 0.9080905 0.397454 -0.1112811 0.9108496 0.3678405 -0.07902354 0.9265251 0.9888237 -0.1376895 0.0571773 0.9889568 -0.1369369 0.05668157 0.989143 -0.1358761 0.05598282 0.9874745 -0.138241 0.0760504 0.987217 -0.1399442 0.07627785 0.9853656 -0.1209283 0.1201295 0.9864158 -0.1058148 0.1256469 0.9840589 -0.1360142 0.1145793 0.9103369 -0.367612 0.1901268 0.9131422 -0.358671 0.1937176 0.9078743 -0.375201 0.1870522 0.9189458 -0.3813028 0.1007313 0.9176607 -0.3848348 0.09900003 0.9201989 -0.3778103 0.1024385 0.9496282 -0.3131901 -0.01088911 0.9693022 -0.2395361 -0.05545938 0.9814551 -0.1636657 -0.09979736 0.02191847 -0.7431558 0.6687594 0.03216403 -0.7746706 0.6315466 0.01964622 -0.73594 0.6767616 0.3985378 -0.5721359 0.716818 0.4064955 -0.5833614 0.7031721 0.3526944 -0.507402 0.7862251 0.8577544 -0.1841976 0.4799259 0.8663356 -0.225944 0.4454349 0.8228004 -0.07165586 0.5637951 0.8103597 -0.07881575 0.5806075 0.8048784 -0.07069981 0.5892134 0.7938592 -0.05492764 0.6056159 0.0801711 -0.6934188 0.7160608 0.08842384 -0.726517 0.6814356 0.0781542 -0.6851986 0.7241512 0.1003931 -0.1341663 0.9858605 0.1007193 -0.132989 0.9859867 0.1007983 -0.1327042 0.986017 0.08711421 0.2329869 0.9685702 0.06107485 0.2354316 0.9699701 0.08821266 0.2328802 0.9684965 -0.0242533 0.6124549 0.7901334 -0.6971313 0.3741616 0.6115645 0.05597734 0.6190081 0.7833873 -0.8922948 0.4304299 0.1361629 -0.8032817 0.5706198 0.1706802 -0.8955349 0.4241475 0.1345967 -0.7963578 0.5889488 0.1376728 -0.5582904 0.8109623 0.1750769 -0.802823 0.580459 0.1361714 -0.4260602 0.8880112 0.1729418 -0.3011659 0.9376957 0.1732802 -0.432487 0.8849195 0.1728363 -0.5761884 0.8072023 0.128185 -0.7054382 0.6963663 0.132026 -0.5591161 0.8192341 0.1274551 -0.7261941 0.6824821 0.08282697 -0.7554667 0.6499009 0.08306038 -0.7245846 0.6841928 0.08280998 -0.7150689 0.6947669 0.07730072 0.0415486 0.9982357 -0.04241913 -0.75707 0.6477748 0.08504742 0.129041 0.5890968 0.7976925 0.1858786 0.7539089 0.6301353 0.2024954 0.7992921 0.5657984 0.1302484 0.9380744 0.3210169 0.1251279 0.9353732 0.330787 0.1180292 0.9314441 0.3442109 0.1005721 0.9658365 0.2388416 0.09528684 0.964428 0.2465751 0.08498793 0.9614422 0.2615455 0.08723068 0.9789002 0.1847847 0.08498185 0.9802897 0.1783545 0.0859161 0.980561 0.1764047 0.09633302 0.9746569 0.2019008 0.09264159 0.9814884 0.1676251 0.1081515 0.9830727 0.1478897 0.1231763 0.9866031 0.1069679 0.1256464 0.9870293 0.09993076 0.1274268 0.9873031 0.09484285 0.1278757 -0.1625061 0.9783863 0.1293355 -0.1550776 0.9793995 0.1295326 -0.154071 0.9795323 0.8555076 -0.2544162 0.4509758 0.8918294 -0.1784723 0.4156777 0.9181714 -0.1088369 0.380941 0.9837503 -0.1484503 -0.1009851 0.9569234 -0.2634987 -0.1219269 0.9858425 -0.1356295 -0.0985862 0.6119123 -0.1315674 0.7799062 0.6186544 -0.1511893 0.7709791 0.6035268 -0.1082507 0.7899603 0.05204552 -0.1514244 0.9870978 0.05117309 -0.1515391 0.9871258 0.05215954 -0.1514094 0.987094 0.02258646 0.9968851 0.0755636 0.02243852 0.9968018 0.07669889 0.02241402 0.9967879 0.07688683 0.026726 0.9927506 0.1171841 0.02921116 0.9936426 0.1087247 0.03020524 0.9939779 0.1053365 0.03206664 0.9845315 0.1722488 0.03604668 0.9782342 0.2043489 0.03531736 0.9778659 0.2062307 0.02780634 0.9794455 0.1997831 0.02981519 0.9797384 0.1980502 0.02790862 0.9795168 0.199419 0.03097516 0.9666057 0.2543895 0.03108859 0.9666625 0.2541599 0.03117811 0.9667072 0.2539787 0.03566122 0.9403144 0.3384334 0.03578346 0.9403908 0.3382082 0.03589403 0.9404599 0.3380046 0.05596685 0.6190069 0.7833889 0.05596607 0.6190037 0.7833915 0.05596596 0.6190031 0.783392 0.02089297 -0.7358607 0.6768106 0.03570562 -0.7347903 0.677354 0.01971155 -0.735939 0.6767608 0.02274841 -0.1299207 0.9912634 0.02164083 -0.1299328 0.9912867 0.09158319 0.9956933 -0.01439785 0.08582836 0.9928743 0.08266884 0.08428239 0.9907324 0.1065171 0.9915276 -0.1290239 0.01503294 0.9998463 0.007040619 -0.01606166 0.9992392 0.03233307 -0.02181059 0.9860686 -0.1633143 0.03157871 0.9860305 -0.1632534 0.03305029 0.9873642 -0.1552744 0.03165096 0.9853149 -0.1685452 0.02733373 0.9899968 -0.138625 0.02625745 0.9491726 0.3142729 -0.01743274 0.9492151 0.3140704 -0.0187276 0.995603 0.09139668 -0.02052789 0.9955871 0.09144163 -0.02108776 0.9957248 0.09236866 4.23423e-4 0.950284 0.3113712 0.002873361 0.9818159 -0.189832 0.001183152 0.9818245 -0.1897862 0.001418113 0.984798 -0.1736543 0.004156291 0.9873149 -0.1587734 5.43835e-4 0.9874574 -0.1578787 -0.001500725 0.6546701 0.7554083 -0.02766847 0.6546618 0.7554156 -0.02766633 0.1325953 0.9909309 -0.02178311 0.1325941 0.9909311 -0.02178317 0.06934404 0.9973823 -0.02049815 0.0691927 0.9974125 -0.01951354 -1.32898e-4 0.9998228 -0.0188266 0 0.9998266 -0.01862609 0.6522844 0.7578826 -0.01179939 0.6548928 0.7555379 -0.01667791 0.1305842 0.9913902 0.009654164 0.1305934 0.9913889 0.009668588 0.07039719 0.9974539 0.01140272 0.07015806 0.9974687 0.01157701 2.82068e-4 0.9999241 0.01232594 0 0.9999248 0.01226031 0.9225582 0.3851209 -0.02384048 0.922219 0.386559 -0.009179651 0.9214886 0.3870626 -0.03227162 0.9216244 0.3877011 -0.01721709 0.818894 0.4714797 -0.3272911 0.8802989 0.1619706 -0.4459142 0.8069826 0.5010669 -0.3125878 0.8309442 0.5019171 -0.2400235 0.8235305 0.5021383 -0.263922 0.8203442 0.5021381 -0.2736656 0.6522573 0.7255923 -0.2192627 0.6804046 0.6921025 -0.2409226 0.6440753 0.7346841 -0.2130875 0.8255821 0.265306 -0.498023 0.8467062 0.2474136 -0.4710363 0.7989649 0.2859858 -0.529025 -0.002180755 -0.03400117 -0.9994194 0 -0.03387868 -0.999426 0 -0.03377187 -0.9994297 0.07803714 0.9851692 -0.1528133 0.07803708 0.9851692 -0.1528134 0.07803738 0.9851693 -0.1528131 0 0.9887008 -0.1499024 0.00557065 0.9886778 -0.1499506 0 0.9887157 -0.1498049 0.1329314 0.9721316 -0.1931049 0.2255808 0.9602184 -0.164603 0.2517079 0.9551225 -0.1561548 -0.03293114 -0.7804065 -0.6244049 -0.03292936 -0.7804065 -0.6244048 -0.03292924 -0.7804065 -0.6244048 0.02366292 -0.7806094 -0.6245712 0.0236634 -0.7806016 -0.6245808 0.0236634 -0.7806013 -0.6245812 0.1798349 -0.7200878 -0.6701738 0.2295028 -0.1459307 -0.962306 0.2274928 -9.24711e-4 -0.9737794 -0.7371441 0.124336 -0.6641982 0.1842231 0.03504335 -0.9822596 0.185832 0.03418064 -0.9819869 0.1808432 0.03685432 -0.9828212 0.1088791 -0.01310634 -0.9939687 0.1002955 -0.008786916 -0.9949189 0.1192006 -0.01830548 -0.9927015 0.364992 0.07921379 -0.9276347 0.3420799 0.0769428 -0.9365155 0.3675148 0.07946223 -0.9266168 0.8452712 0.4468381 -0.2930058 0.8490281 0.4529527 -0.2720022 0.8543816 0.4626906 -0.2365366 0.8992928 0.4003755 -0.1759886 0.8990473 0.4020045 -0.1735124 0.9013451 0.3835375 -0.2011865 0.3525505 0.2216539 -0.9091632 0.07429897 -0.2846184 -0.9557574 0.07516419 -0.2773026 -0.957838 0.07328051 -0.2869674 -0.9551333 0 -0.2928255 -0.956166 -0.002486944 -0.292787 -0.9561745 0 -0.2928307 -0.9561644 -0.9345363 -0.02722704 -0.3548246 -0.9345299 -0.02722841 -0.3548415 -0.9345365 -0.02722686 -0.3548242 0.08121836 -0.1175754 -0.9897372 0.07997512 -0.1193329 -0.989628 0.08194732 -0.1200279 -0.9893826 0.02008378 -0.5901792 -0.8070225 0.02008312 -0.5901765 -0.8070244 0.02008277 -0.5901752 -0.8070254 0.2266187 -0.5749418 -0.7861844 0.2266181 -0.5749417 -0.7861847 0.2266172 -0.5749415 -0.7861852 0.9485594 -0.2180817 -0.2295114 0.9462401 -0.2102048 -0.2458529 0.9524283 -0.2345462 -0.1945984 0.5432661 -0.4876726 -0.6834014 0.5420598 -0.4865697 -0.6851432 0.5493608 -0.4932455 -0.6744714 0.05732071 -0.589325 -0.8058601 0.05731731 -0.5893232 -0.8058616 0.05731904 -0.5893235 -0.8058613 0.5163961 0.5164206 -0.6831142 0.5207917 0.5066991 -0.6870459 0.5203647 0.5161134 -0.680329 0.9492565 0.1778362 -0.2593963 0.9535345 0.1258794 -0.2737267 0.9480785 0.1880774 -0.2564645 0.2264394 0.5886848 -0.7759997 0.2264393 0.5886908 -0.7759953 0.2264386 0.5886858 -0.7759991 0.02440118 0.6042062 -0.7964544 0.02440083 0.6042041 -0.7964559 0.02440124 0.6042087 -0.7964524 0.5172515 -0.6048784 -0.6054528 0.5346497 -0.4840439 -0.6927129 0.5373213 -0.4489805 -0.7139344 0.05460309 0.6034858 -0.7955021 0.05460512 0.6034798 -0.7955065 0.05460536 0.6034817 -0.7955051 0.9073746 -0.3311069 -0.2589206 0.8812141 -0.4247801 -0.2074216 0.8751577 -0.4416737 -0.1975436 0.2773529 -0.4912862 -0.8256594 0.271785 -0.2594689 -0.9267194 0.2702267 -0.2346733 -0.933759 0.02668821 -0.1641215 -0.9860791 0.02669036 -0.1641585 -0.9860729 0.02669048 -0.1641605 -0.9860725 0 0.9206172 -0.3904663 0.002835512 0.9202342 -0.391358 0.002837002 0.9202228 -0.3913848 -0.01961797 -0.9856866 -0.1674427 -0.02000486 -0.9868249 -0.1605504 -0.01960396 -0.9856445 -0.1676923 0.06906819 -0.1637568 -0.98408 0.06907427 -0.1637811 -0.9840755 0.06907534 -0.1637855 -0.9840747 0.05460488 0.6034669 -0.7955163 0.05460935 0.6034829 -0.7955039 0.05732029 -0.5893252 -0.8058601 0.05732715 -0.589329 -0.8058567 0.08048784 -0.1212801 -0.9893498 0.08247864 -0.1219348 -0.9891054 0.07288461 -0.2917199 -0.9537229 0.07177686 -0.29392 -0.9531313 0.1080602 0.007767081 -0.9941141 0.1023788 0.01106417 -0.994684 0.1195276 0.001102924 -0.9928303 0.02440124 0.604204 -0.796456 0.02440154 0.6042045 -0.7964556 0.2264403 0.5886831 -0.7760007 0.2264397 0.5886874 -0.7759976 0.9389138 0.1842409 -0.2906823 0.9392704 0.144369 -0.3113341 0.9379683 0.2050349 -0.2796002 0.05460572 0.6034929 -0.7954964 0.05460631 0.6034837 -0.7955035 0.5160545 0.5151091 -0.6843613 0.5200716 0.5067034 -0.687588 0.05460888 0.6034809 -0.7955054 0.07056778 -0.1726829 -0.9824463 0.08083182 -0.2342863 -0.9688014 0.0822556 -0.2429143 -0.9665541 0.07742881 -0.8635908 0.4982128 0.0774281 -0.8636014 0.4981945 0.07742881 -0.8635903 0.4982136 0.3188717 -0.8603132 0.3977213 0.3188567 -0.8603251 0.3977076 0.3188751 -0.8603104 0.3977243 0.3410819 -0.862315 0.3742673 0.3410961 -0.8622921 0.3743072 0.3410791 -0.8623195 0.3742596 -0.3173847 0.01039624 0.94824 -0.3174117 0.01039415 0.9482309 -0.3173816 0.01039648 0.9482409 0.03358119 0.9835171 0.1776696 0.03358149 0.9835129 0.1776928 0.03358149 0.9835128 0.1776934 0.725502 0.06290304 0.6853395 0.7255078 0.06290268 0.6853333 0.7255012 0.0629031 0.6853403 -0.2471229 -0.2036114 0.9473503 -0.247124 -0.2036148 0.9473493 -0.2471224 -0.2036098 0.9473508 0.3009523 0.9513525 0.06600248 0.3009594 0.9513495 0.0660113 0.3009602 0.9513493 0.0660122 0.263844 0.9585945 0.107159 0.2638213 0.9586027 0.1071408 0.2638185 0.9586039 0.1071386 0.9980352 0.05213093 -0.0347585 0.9980811 0.05153381 -0.03432863 0.9981698 0.05035871 -0.03348278 0.9945133 0.09994679 -0.03088718 0.9545741 0.2965372 -0.029226 0.954778 0.2956375 -0.03158497 0.9820043 -0.1888516 0.001674354 0.9818251 -0.189781 0.001617789 0.9852166 -0.1692152 0.02673143 0.9906944 -0.1344645 0.02107173 0.9859815 -0.1635641 0.03297728 0.9853126 -0.1693938 0.02156192 0.9836073 -0.1803243 0 0.9810459 -0.1930244 -0.01704311 0.9811073 -0.1924108 -0.02016842 0.9836014 -0.1802256 0.006856024 0.9826942 -0.1851692 0.004955232 0.0289368 0.9808797 0.1924519 0.1173031 0.9723181 0.2020834 0.1248796 0.979424 0.1585367 0.126742 0.9808994 0.1475569 -0.3193559 0.9346222 0.1565031 -0.5358901 0.828061 0.1647329 -0.2957672 0.9425807 0.1551239 0.4501599 0.8873398 0.09992146 0.4479748 0.8881012 0.1029317 0.4244567 0.8953735 0.1346954 0.9815076 -0.1534247 0.1144716 0.9814584 -0.1541006 0.1139848 0.9822846 -0.1410965 0.1233235 0.9926626 0.09787386 0.07100528 0.9657685 0.2554151 0.04532605 0.9659807 0.2544383 0.04628837 0.9571759 0.2892741 0.01161044 0.02789217 0.9794508 0.1997454 0.02799141 0.9795238 0.1993733 0.09677493 0.9756474 0.1968422 -0.5426396 0.8249423 0.1581539 -0.4403351 0.8833578 0.1605743 -0.5481489 0.8213304 0.1579533 0.4371073 0.8816583 0.1778091 0.440118 0.8807736 0.1747403 0.9887294 -0.14045 0.05184721 0.9905806 -0.1290968 0.04565435 0.9918618 -0.1205409 0.04099017 0.9946309 0.08624178 0.05720102 0.9947296 0.08438175 0.05824667 0.9738498 0.2161324 0.0700249 0.9733986 0.2181053 0.07018065 0.9829452 -0.1553623 -0.09839516 0.9829442 -0.155321 -0.09846878 0.9829626 -0.1562893 -0.09673744 0.5294819 0.7203636 0.4480236 0.5601866 0.7168175 0.415167 0.5212926 0.7210479 0.4564473 0.5011308 0.8653693 -0.002020895 0.5645049 0.8254292 -9.62057e-4 0.5648009 0.8252267 -9.56972e-4 0.6786518 -0.7337509 -0.03227162 0.6782132 -0.7339008 -0.03763556 0.6751449 -0.7369355 -0.03324794 0.4186719 -0.07948011 0.9046529 0.4318509 -0.09577602 0.8968456 0.3964046 -0.05242782 0.9165778 0.7531388 -0.2835835 -0.5936014 0.9606249 0.1415998 -0.2390592 0.7446324 -0.2928955 -0.5997791 0.6851007 -0.727388 -0.0392909 0.6852133 -0.7272815 -0.03929978 0.6110317 -0.4636026 -0.6416486 0.7326319 -0.3563328 -0.5798944 0.6079123 -0.4659865 -0.6428835 0.7659904 0.3780942 0.5199074 0.812456 0.3851686 0.4376761 0.8131272 0.3852521 0.4363541 -0.4229307 -0.251277 0.8706259 -0.4139255 -0.2312807 0.8804402 -0.3893967 -0.1786735 0.903574 0.1117389 -0.9523656 -0.2837504 0.0880447 -0.9352815 -0.3427779 0.06733155 -0.9173163 -0.392425 0.3058842 0.1555912 -0.9392691 0.3091358 0.1513308 -0.9389004 0.3161335 0.1421075 -0.9380112 0.2836073 0.8725808 0.3977057 0.237635 0.8360279 0.4945575 0.1889914 0.789142 0.5844119 0.3197278 0.8530669 0.4123722 0.3225339 0.8484413 0.4196658 0.3241516 0.8457222 0.4238865 -0.6499971 0.6344181 0.4183509 -0.6581717 0.615665 0.4333204 -0.6644437 0.600285 0.4451659 -0.4388841 -0.03348886 -0.8979195 -0.3847181 0.002385139 -0.9230312 -0.3102689 0.04977756 -0.9493447 -0.3473736 -0.9148132 -0.2060299 -0.2989268 -0.9420046 -0.1525458 -0.1953319 -0.9798621 -0.04142326 -0.1382434 -0.127826 -0.9821147 -0.2320541 -0.06595081 -0.9704645 -0.09595847 -0.1548188 -0.9832717 -0.5336784 -0.05452316 -0.8439281 -0.5499553 -0.05999481 -0.8330366 -0.5587017 -0.06295669 -0.8269758 -0.03325796 -0.9803048 -0.1946699 -0.08963853 -0.9743432 -0.206447 -0.1248058 -0.9689444 -0.2134723 0.7893176 -0.09991669 0.6058008 0.7714486 -0.1338386 0.6220566 0.7201904 -0.2187216 0.658397 0.5313552 -0.01503628 0.8470157 0.5377368 -0.02304691 0.8427978 0.5165241 0.003280043 0.8562663 0.040762 -0.9877724 -0.1504802 0.02012878 -0.9863545 -0.1634001 0.001032948 -0.9845209 -0.1752641 -0.3775708 -0.07960706 -0.9225525 -0.34451 -0.06368821 -0.9366199 -0.3205887 -0.05226659 -0.9457754 0.1894518 0.8594384 0.4748407 0.1892865 0.8546624 0.4834488 0.1891375 0.8506892 0.4904641 0.1762696 0.8590003 0.4806741 0.1747274 0.8550155 0.4882816 0.172303 0.8486896 0.5000379 0.01633274 -0.9909627 -0.1331402 -0.004465043 -0.9891027 -0.1471599 -0.01484322 -0.9879404 -0.1541216 -0.04240435 -0.9901258 -0.1336143 -0.07868462 -0.9862173 -0.1455482 -0.09055989 -0.9846187 -0.1494159 0.4573477 -0.1107255 -0.8823678 0.3264346 -0.0299533 -0.9447451 0.4867504 -0.1295645 -0.8638792 -0.07415401 -0.9490094 -0.3064024 -0.04841023 -0.9849264 -0.1660623 -0.0363416 -0.9942254 -0.1009718 -0.6863218 0.6098905 0.3962271 -0.6879765 0.5906593 0.4216752 -0.6886239 0.5790247 0.4364947 0.2948173 0.8252554 0.4817016 0.3651558 0.7867935 0.4976116 0.2319003 0.8542848 0.4652094 0.1219302 0.9136819 0.3877093 0.1619032 0.8476833 0.5051935 0.1048368 0.9355406 0.3373029 0.0192812 -0.9641507 -0.264654 0.04316139 -0.9434494 -0.3286949 0.003706872 -0.9749701 -0.2223051 0.9230706 0.38463 6.54966e-4 0.9230242 0.3846177 -0.009786188 0.9229909 0.3847425 -0.007807672 0.9318321 0.3628796 -0.002713859 0.9477639 0.3144042 -0.05379241 0.9313934 0.3640111 -0.001497209 0.9521047 0.3026145 -0.04383188 0.9453854 0.3230049 -0.04375451 0.9453347 0.3231534 -0.04375386 0.9408058 0.3348345 -0.05263501 0.8537032 0.5004619 0.1439746 0.9420557 0.3305186 -0.05734729 0.9328041 0.3601637 0.01260733 0.9328427 0.3600632 0.01260524 0.9328432 0.3600624 0.01260524 0.9293944 0.3690882 -4.21921e-4 0.9472117 0.3206089 -2.32289e-5 0.9472503 0.320495 -2.22999e-5 0.9987967 0.04271042 -0.02410298 0.9991276 0.03816664 -0.01695108 0.9990677 0.03909397 -0.01831465 0.6575198 0.7534351 0.001885175 0.6574155 0.753526 0.001899838 0.6575182 0.7534363 0.001884877 0.6571567 0.753753 0.001280486 0.6584972 0.7525423 -0.007852971 0.6584976 0.752542 -0.007852971 0.9202786 0.2312852 0.3155859 0.9202688 0.2312641 0.3156298 0.9202679 0.2312564 0.3156384 0.6391388 0.7686045 -0.02736729 0.6390881 0.7686467 -0.02736312 0.6391397 0.7686036 -0.02736741 0.6580396 0.7529471 -0.007400512 0.9290572 0.1941733 0.3148803 0.9290574 0.1941397 0.3149003 0.9290574 0.1941394 0.3149005 0.9077059 0.3730518 -0.1921003 0.9077177 0.3730586 -0.192031 0.9077056 0.3730517 -0.1921021 0.920269 0.2312471 0.3156418 0.9202696 0.2312456 0.3156414 0.9987251 0.04360622 -0.02542912 0.9987251 0.04360765 -0.02542912 -0.2776806 0.4602186 -0.8432629 -0.2776988 0.460218 -0.8432573 -0.2776802 0.4602187 -0.8432631 0.08978271 0.7581999 -0.6458113 0.08977502 0.7582096 -0.6458008 0.08978348 0.7581999 -0.6458112 0.2627769 0.3393783 -0.9032003 0.2627798 0.3394018 -0.9031907 0.2627766 0.3393754 -0.9032015 0.0157935 0.7793808 -0.6263515 0.01680773 0.7921854 -0.6100491 0.01577472 0.7791414 -0.6266497 0.03322517 0.377584 -0.9253792 0.03569382 0.3302217 -0.9432283 0.03575211 0.3290712 -0.9436281 -0.2593573 0.516938 -0.8157874 -0.25941 0.5169274 -0.8157772 -0.2594105 0.5169273 -0.8157771 -0.3813778 0.5597124 -0.7357127 -0.3813798 0.5597304 -0.735698 -0.38138 0.5597325 -0.7356963 0.08944958 0.7581873 -0.6458722 0.08485686 0.7573789 -0.6474385 0.08485674 0.7573794 -0.6474379 0.08509159 0.7575259 -0.6472356 0.06447631 0.3958329 -0.9160564 0.06447792 0.3958691 -0.9160405 0.06447798 0.3958698 -0.9160403 -0.0900551 0.6511834 -0.7535585 -0.0900619 0.65117 -0.7535693 -0.09005278 0.651188 -0.7535548 0.08386951 -0.1207406 -0.9891349 0.0844267 -0.1226055 -0.9888579 0.0831564 -0.1183016 -0.9894897 -0.9345395 -0.02722895 -0.3548164 -0.9345396 -0.02722901 -0.3548161 0.9071232 -0.06496179 -0.4158214 0.907162 -0.06495231 -0.4157384 0.9071233 -0.06496244 -0.415821 0.1666682 0.7977924 -0.5794386 0.1666949 0.7977131 -0.57954 0.1666676 0.7977941 -0.5794366 0.4603514 -0.8226925 -0.3335472 0.4603134 -0.8227298 -0.3335075 0.4603126 -0.8227306 -0.3335068 0.3202223 0.776391 -0.5428397 0.3201681 0.7764851 -0.5427368 0.3202238 0.7763884 -0.5428425 0.9071438 -0.06495791 -0.4157773 0.9071442 -0.06495773 -0.4157763 0.06379115 -0.895277 -0.4409193 0.06378728 -0.895273 -0.4409279 0.06378722 -0.8952729 -0.4409281 0.9110373 -0.138684 -0.3883014 0.9110645 -0.1386544 -0.3882483 0.9110665 -0.138652 -0.3882439 0.2303639 -0.8795902 -0.4162375 0.2303745 -0.879623 -0.4161621 0.2303759 -0.8796275 -0.416152 0.4773757 -0.02231109 -0.8784161 -0.6857076 -0.1906925 -0.7024539 -0.6947827 -0.1910767 -0.6933735 0.4868149 -0.07118952 -0.8705995 -0.7084667 -0.06258523 -0.7029638 0.5004106 -0.07047826 -0.8629149 0.7315718 -0.4201494 0.5369147 0.7315708 -0.4201487 0.5369166 0.7315701 -0.4201483 0.5369178 -0.06526231 -0.9973385 -0.03250998 -0.0652579 -0.997339 -0.03250521 -0.06525671 -0.9973391 -0.0325039 -0.6548472 0.0315274 -0.7551035 -0.6548416 0.03152406 -0.7551085 -0.6548413 0.03152388 -0.7551087 -0.1166784 -0.9924827 0.03693675 -0.1167122 -0.9924789 0.03693276 -0.1166766 -0.9924829 0.03693693 0.8086581 -0.01410025 0.5881099 0.8086578 -0.01410841 0.5881102 0.8086625 -0.01411187 0.5881038 -0.4843633 -0.002815067 0.8748624 -0.4843538 -0.002814412 0.8748677 -0.4843637 -0.002815067 0.8748621 -0.003264248 -0.9971508 -0.07536286 -0.003267168 -0.9971496 -0.0753802 -0.003267288 -0.9971495 -0.0753808 0.3393733 -0.9272589 0.158167 0.3393613 -0.9272629 0.1581695 0.3393608 -0.927263 0.1581696 0.7239253 -0.03604155 -0.6889363 0.7239227 -0.03604632 -0.6889389 0.7239283 -0.03603601 -0.6889334 0.7055893 -0.2288416 -0.6706528 0.7055892 -0.2288421 -0.6706528 0.7055888 -0.2288406 -0.6706538 0.7055839 -0.2288466 -0.6706569 0.7055826 -0.228846 -0.6706584 0.07481104 -0.9883588 0.1324778 0.07482022 -0.9883586 0.1324734 0.07482188 -0.9883586 0.1324726 -0.0972197 -0.995263 0 -0.0972197 -0.995263 0 -0.09721976 -0.995263 0 0.809132 0.009078323 0.5875568 0.8091242 0.009078025 0.5875675 0.8091336 0.009078383 0.5875546 -0.6273711 -0.2680453 -0.7311342 -0.6273751 -0.2680447 -0.731131 -0.6273757 -0.2680447 -0.7311306 -0.4346997 -0.3947221 0.8094633 -0.434687 -0.3947213 0.8094705 -0.4347008 -0.3947222 0.8094626 -0.006518304 -0.9948592 -0.1010584 -6.81477e-4 -0.9949162 -0.100705 -0.005668997 -0.9948608 -0.1010938 -0.1150687 -0.9930311 0.02546513 -0.1150522 -0.9930332 0.02545928 -0.1150534 -0.9930331 0.02545756 0.02844518 -0.9717832 0.2341542 0.02844947 -0.9717832 0.234154 0.02844482 -0.9717833 0.2341542 0.7150124 -0.1782361 -0.6760098 0.7150083 -0.1782312 -0.6760155 0.7150138 -0.1782377 -0.6760079 0.2149156 -0.9765915 -0.008977711 0.2149397 -0.9765861 -0.008974075 0.214914 -0.9765918 -0.008977949 -0.2168916 -0.9725838 0.08389776 -0.2196906 -0.9717555 0.08618259 -0.2168905 -0.972584 0.08389812 0 -0.9969498 -0.07804691 0.01217722 -0.9964312 -0.08352613 0.005796492 -0.9968125 -0.07956886 0.4843359 -0.7942556 -0.3668472 0.4843165 -0.7942653 -0.366852 0.4843372 -0.794255 -0.3668469 -0.1324392 -0.9883394 0.0751335 -0.1324346 -0.9883401 0.0751329 -0.1324397 -0.9883394 0.07513356 -0.2175824 -0.9723786 0.0844863 -0.2203997 -0.9715368 0.08683538 0.4628239 0.7539617 0.4661932 0.4628205 0.7539594 0.4662001 0.4628192 0.7539585 0.4662029 -0.1152216 -0.9930256 0.02498418 -0.1166071 -0.992929 0.02224612 -0.1166069 -0.9929291 0.02224612 0.01319396 -0.9963946 -0.08380866 0.01315432 -0.9963949 -0.0838105 -0.4280958 -0.4167382 0.8019124 -0.4280893 -0.4167364 0.8019167 -0.4280964 -0.4167383 0.801912 0.1376076 -0.9898383 -0.03583753 0.1375966 -0.9898399 -0.0358358 0.1375958 -0.98984 -0.03583562 -0.1150277 -0.993036 0.02546226 -0.1150705 -0.9930309 0.02546465 0.6837938 -0.535112 0.4960657 0.683801 -0.5351101 0.496058 0.6838048 -0.5351089 0.4960539 -0.1496079 -0.988276 0.0304656 -0.149613 -0.9882755 0.03045827 -0.1496059 -0.9882761 0.03046846 -0.1278128 -0.8896322 0.4384275 -0.1278379 -0.8896318 0.4384209 -0.1278107 -0.8896322 0.4384281 0.8086575 -0.01409065 0.5881111 0.8086558 -0.01409661 0.5881133 -0.5565126 -0.4904203 -0.6706576 -0.5564947 -0.4904228 -0.6706708 -0.5564931 -0.490423 -0.6706719 0.7085024 -0.2156313 -0.6719581 0.7085125 -0.2156358 -0.6719459 0.7085007 -0.2156305 -0.6719601 0.6710571 -0.5622236 0.4833086 0.6710681 -0.5622214 0.4832957 0.6710723 -0.5622205 0.4832909 -0.1163026 -0.9929567 0.02259945 0.5725855 -0.7092615 0.4112107 0.5725831 -0.7092627 0.4112117 0.5725814 -0.7092636 0.4112125 0.648079 -0.478914 -0.5921444 0.648079 -0.4789147 -0.5921439 0.648079 -0.478914 -0.5921444 0.6861898 -0.5309217 0.4972583 0.6861847 -0.53092 0.497267 0.6861826 -0.5309193 0.4972708 -0.2839311 -0.8576772 -0.4286876 -0.2839297 -0.8576726 -0.4286976 -0.2839297 -0.8576723 -0.4286982 0.7752628 -0.2497497 0.5801662 0.7752654 -0.2497465 0.5801641 0.7752773 -0.2497316 0.5801547 0 0.1025159 -0.9947314 0 0.1025151 -0.9947314 0 -0.2214372 -0.9751746 0 -0.221437 -0.9751747 0 -0.2214373 -0.9751746 0 -0.6516159 -0.7585492 0 -0.6516158 -0.7585492 0 -0.6516159 -0.7585492 0 -0.6630347 0.7485887 0 -0.663035 0.7485884 0 -0.9911575 0.1326907 0 -0.9896789 0.143303 0 -0.9896789 0.1433032 0 -0.1022492 -0.9947589 0 -0.1022492 -0.9947589 0 -0.1022492 -0.9947589 0 -0.6207723 0.783991 0 -0.6207717 0.7839915 0 -0.6207717 0.7839914 0 -0.999061 -0.04332667 0 -0.9990609 -0.04332798 0 -0.999061 -0.04332661 0 -0.9993083 0.03719067 0 -0.9993083 0.03719073 0 -0.4544125 0.8907914 0 -0.4544121 0.8907916 0 -0.4544122 0.8907916 0 -0.0882281 -0.9961004 0 -0.08822804 -0.9961004 0 -0.0882281 -0.9961003 0 -0.9996715 0.02563458 0 -0.9996715 0.02563083 0 -0.9996716 0.02563005 0 0.1984453 0.980112 0 0.1984455 0.980112 0 0.1984455 0.980112 0 -0.1825084 -0.9832043 0 -0.1825182 -0.9832025 0 -0.1825193 -0.9832023 0 -0.8942378 0.4475921 0 -0.894238 0.447592 0 -0.1321634 0.9912281 0 -0.1321653 0.9912277 0 -0.1321656 0.9912277 0 -0.9916055 0.1293003 0 -0.9906669 0.1363049 0 -0.9998235 -0.01878911 0 -0.9998235 -0.0187878 0 -0.9998235 -0.01878929 0 -0.987295 0.1588984 0 -0.9872949 0.158899 0 -0.9872949 0.158899 0 -0.8135646 -0.5814747 0 -0.813731 -0.5812419 0 -0.8135645 -0.5814748 0 -0.1149076 0.9933762 0 -0.1149076 0.9933762 0 -0.1149077 0.9933763 0 0 1 0 -0.182528 -0.9832007 0 -0.1825283 -0.9832007 0 -1 0 0 -0.132161 0.9912283 0 -0.1321631 0.991228 0 -0.9577586 -0.2875735 0 -0.4880948 0.8727906 0 -0.4880946 0.8727907 0 -0.4880946 0.8727908 0 -0.8900411 -0.4558804 0 -0.8900409 -0.4558809 0 -0.8900409 -0.4558809 0 -0.9996646 0.02589946 0 -0.9996645 0.02590167 0 -0.9949263 -0.1006066 0 -0.446321 -0.894873 0 -0.4463205 -0.8948732 0 -0.446321 -0.894873 0 -0.9805935 0.1960526 0 -0.9805933 0.1960534 0 -0.9805933 0.1960535 0 -0.9996715 0.02563267 0 -0.9996714 0.02563476 0 -0.9952092 0.09776896 0 -0.9951616 0.09825229 0 -0.9951616 0.09825181 0 -0.5086934 0.8609478 0 -0.5086935 0.8609479 0 -0.5086935 0.8609478 0 -0.9995195 -0.03099602 0 -0.9995195 -0.0309956 0 -0.9995195 -0.03099554 0 -0.821793 0.5697861 0 -0.8217958 0.5697821 0 -0.8217931 0.5697862 0 -0.9952594 0.09725701 0 -0.9952106 0.09775465 0 -0.972495 0.2329239 0 -0.9724951 0.2329238 0 -0.997123 0.07580029 0 -0.9971231 0.07580006 0 -0.9971231 0.07580029 0 -0.530568 0.8476424 0 -0.5305664 0.8476434 0 -0.5305663 0.8476434 0 -0.579674 -0.8148486 0 -0.5796744 -0.8148482 0 -0.5796739 -0.8148486 0 -0.8985341 -0.4389041 0 -0.8985338 -0.4389044 0 -0.8985341 -0.438904 0 -0.9996574 0.02617406 0 -0.9996574 0.02617412 0 -0.6261778 0.7796803 0 -0.6261783 0.7796799 0 -0.6261784 0.7796798 -0.074292 0.9951643 -0.06425571 -0.0743792 0.9950892 -0.06530958 -0.07316404 0.9951693 -0.06546044 -0.001975774 0.9980167 -0.06292045 -0.001578032 0.9980145 -0.06296616 -0.01497882 0.9937778 0.1103692 -0.02426606 0.99424 0.1043937 -0.0354436 0.9946354 0.09718245 -1.29029e-4 0.999923 0.01241815 -1.12122e-4 0.9998251 -0.01870816 1.2771e-4 0.9998222 -0.01885467 -0.06231153 0.9932257 0.0980817 -0.04646742 0.9930726 0.1079238 -0.03124135 0.9926007 0.1173372 -0.07084089 0.9974212 0.01152408 -0.07084643 0.9974251 0.01113849 -0.07069307 0.9974327 0.0114246 -0.07071518 0.9972903 -0.02028888 -0.06971758 0.997361 -0.02026236 -0.06931716 0.9974023 -0.0195899 -0.1191049 0.9906604 -0.06637865 -0.1333029 0.9889827 -0.06437033 -0.1190695 0.9906324 -0.066859 -0.1305769 0.9913914 0.009645938 -0.1305752 0.9913916 0.00964725 -0.1305812 0.9913907 0.009652674 -0.1326115 0.9909288 -0.02178329 -0.1326115 0.9909287 -0.0217837 -0.1326108 0.9909288 -0.0217821 -0.1486628 0.9811277 0.1236436 -0.472792 0.8781773 0.07261109 -0.4942238 0.8666272 0.06855851 -0.6547325 0.7553538 -0.02768319 -0.6518968 0.7579476 -0.02336925 -0.6548981 0.7555332 -0.01667445 -0.5379238 0.8417227 0.04627007 -0.297109 0.9477535 0.1161449 -0.2614569 0.9570492 0.1252886 -0.6370396 0.7707934 -0.007623732 -0.5894029 0.8076048 -0.01946187 -0.6465735 0.7628343 -0.005176723 -0.6632277 0.7463814 -0.05517125 -0.655674 0.753194 -0.0528258 -0.6540144 0.7546712 -0.05231273 -0.6130142 0.6943715 0.3769112 -0.5854961 0.6994125 0.4098983 -0.578269 0.7004936 0.418227 -0.6961419 0.7139862 -0.07490062 -0.6766433 0.7338688 -0.05991947 -0.6657269 0.7444006 -0.0517258 -0.1135931 0.9914182 -0.06470471 -8.15867e-4 0.9980011 -0.06319141 -0.07204651 0.9952713 -0.06514954 -0.07077044 0.9952984 -0.06612735 -0.8817656 0.4590083 -0.108632 -0.8725668 0.4594718 -0.1658706 -0.885131 0.4582372 -0.08100569 -0.9955756 0.09396165 -6.54736e-4 -0.995579 0.09387272 -0.003258883 -0.9954664 0.09509181 -0.002096295 -0.9499409 0.3124235 -0.002000093 -0.950081 0.3120006 -0.001365065 -0.949365 0.3141424 -0.004559099 -0.8109096 0.5724306 0.1214451 -0.6574305 0.7220261 0.2155541 -0.5095024 0.8129234 0.2820687 -0.9485875 0.276529 -0.1539921 -0.9493034 0.2720292 -0.1575543 -0.9506211 0.2631347 -0.164559 -0.9812986 0.1193524 -0.1510238 -0.9819909 0.115714 -0.1493465 -0.9808874 0.1214734 -0.1520009 -0.990088 0.1104562 -0.08674812 -0.9893516 0.1146805 -0.08962094 -0.9912061 0.1037243 -0.08216941 -0.9567871 0.2769886 -0.08851981 -0.9574974 0.2750712 -0.08680295 -0.9530503 0.2867587 -0.09728604 -0.8992034 0.4117518 -0.1479656 -0.9130291 0.3767593 -0.1563025 -0.9139042 0.3744022 -0.156851 -0.9872102 -0.1594221 9.295e-4 -0.9855612 -0.1692855 0.003399372 -0.9873304 -0.1586782 -1.38057e-4 -0.9865621 0.02176165 -0.1619311 -0.9853411 0.03087043 -0.1677799 -0.9878348 0.01116651 -0.1551058 -0.9833253 -0.1815736 0.0101214 -0.9845865 -0.1748265 0.005030751 -0.9951476 0.04418241 -0.08791643 -0.9951501 0.04532337 -0.08730542 -0.9951508 0.04678368 -0.08652311 -0.9549825 0.2953695 -0.02766823 -0.9559476 0.2919589 -0.03040373 -0.954779 0.2956346 -0.03158366 -0.9943211 0.1005439 -0.03487998 -0.9943134 0.101451 -0.03238284 -0.9944979 0.1001448 -0.03074067 -0.9955713 0.09166646 -0.0208584 -0.9948185 0.09599936 -0.03347373 -0.9955876 0.09143739 -0.02108621 -0.9494279 0.3133692 -0.01965707 -0.9530153 0.30234 -0.0187698 -0.9492153 0.3140695 -0.01872766 -0.9986916 0.04296511 -0.02773398 -0.9988448 0.04039156 -0.02603441 -0.9979705 0.05343002 -0.03464484 -0.9853229 -0.1706733 0.003090977 -0.9817491 -0.190155 0.003149688 -0.9833329 -0.1818096 0.001269102 -0.9803968 -0.1968162 0.00925529 -0.9799556 -0.1991607 0.004688441 -0.9826181 -0.1856092 0.0033077 -0.9833204 -0.1817973 0.005548477 -0.9834045 -0.1812756 0.00741142 -0.981845 -0.1896797 0.001406371 -0.9835978 -0.1802364 0.007093191 -0.9842234 -0.1767371 0.008266329 -0.9419125 0.3352659 0.0199384 -0.9412944 0.3371002 0.01812207 -0.9470885 0.3189488 0.03598892 -0.9953651 0.09611535 -0.003189146 -0.9798977 -0.1995007 8.70861e-5 -0.9818938 -0.18942 -0.002171754 -0.9818903 -0.1894481 0.001054584 -0.9821097 -0.1880518 -0.009859561 -0.9848863 -0.1731572 0.003953099 -0.9849059 -0.1730865 0.00123918 -0.9849789 -0.1726723 9.88742e-4 -0.949992 0.3122733 7.69116e-4 -0.950053 0.312059 0.004317224 -0.950284 0.3113712 0.002873659 -0.9957445 0.09215432 7.78905e-4 -0.995739 0.09220993 0.001079559 -0.9957253 0.09236311 4.23424e-4 -0.9871583 -0.1583241 -0.02126169 -0.9872094 -0.1578062 -0.02269124 -0.9872323 -0.1575665 -0.0233525 -0.9754432 0.06090283 0.211664 -0.9753925 0.06053817 0.2120017 -0.9806259 0.129049 0.1473743 -0.9342352 0.350341 0.0668286 -0.9336964 0.3520075 0.06558793 -0.9355821 0.3461066 0.06997406 -0.5091097 0.8534719 0.1113244 -0.4949239 0.8603447 0.1218914 -0.4759677 0.868924 0.1357421 -0.9738029 0.1707588 0.1501649 -0.9707396 0.1819632 0.1566981 -0.9687807 0.1888009 0.1606807 -0.9932806 0.1005311 0.05733364 -0.9923773 0.09951138 0.07269716 -0.9926621 0.09787547 0.07100921 -0.9465705 0.3193628 0.04485541 -0.9470953 0.3175225 0.04679661 -0.9540621 0.2899193 0.07558053 -0.9853807 -0.1554972 0.06961077 -0.9849249 -0.1596244 0.06665736 -0.9834814 -0.1713944 0.05820882 -0.9736613 0.2171708 0.0694316 -0.9732258 0.2188603 0.07022672 -0.9733958 0.2181463 0.07009261 -0.993739 0.08664321 0.07053923 -0.9934546 0.0883131 0.07244884 -0.9941279 0.08396279 0.06826442 -0.9830342 -0.1562702 0.09603869 -0.9825218 -0.1610491 0.09334981 -0.9815927 -0.1690762 0.08882069 -0.9412207 0.3128928 0.127286 -0.9579595 0.2480286 0.1442064 -0.9288465 0.3516039 0.1167005 -0.9944706 0.08781236 0.0575962 -0.9948038 0.08051013 0.06231808 -0.9944097 0.08725637 0.0594629 -0.9949859 -0.09514898 0.03081923 -0.9966496 -0.07848227 0.02302759 -0.9918157 -0.1203569 0.04261273 -0.5114731 0.8554327 0.08142781 -0.4944369 0.8627514 0.1057937 -0.4761384 0.8709202 0.1216157 -0.5008552 0.8602017 0.0959022 -0.5091414 0.8556218 0.09320169 -0.4351567 0.8823863 0.178978 -0.4289657 0.8854125 0.1789782 -0.4256718 0.8863537 0.1821562 -0.4628592 0.8533717 0.2398297 -0.451241 0.8573307 0.2477208 -0.4427933 0.8600757 0.2533853 -0.5075929 0.8046728 0.3079793 -0.499756 0.8066025 0.3156524 -0.4910238 0.8086186 0.324086 -0.9041314 0.3862613 0.1826158 -0.8713527 0.4327053 0.2313236 -0.8421409 0.4675323 0.2687238 -0.9934464 0.0879364 0.07301676 -0.9915926 0.1112233 0.06613266 -0.9941472 0.07636862 0.07641464 -0.9999672 0.00473535 -0.006581664 -0.9988944 0.0368393 -0.02920287 -0.9976511 -0.05747509 0.03726762 -0.8010449 0.5435272 0.2508096 -0.7337646 0.5978344 0.322775 -0.6956509 0.6227591 0.3581076 -0.4840769 0.7284229 0.4848398 -0.5347028 0.7259382 0.4325582 -0.5796892 0.7200961 0.3813427 -0.9855325 0.1417458 0.09291875 -0.9822422 0.1558897 0.1043972 -0.977423 0.1743359 0.1193785 -0.9905319 0.1187101 0.06895446 -0.9905714 0.1177321 0.07005351 -0.9907793 0.1112576 0.07731866 -0.9799878 -0.1990576 0 -0.979965 -0.1991372 0.003608703 -0.9839624 -0.1700085 0.05399149 -0.9836567 -0.1723832 0.05199712 -0.9828052 -0.1786323 0.04673963 -0.9912673 -0.1086455 0.07473647 -0.9915563 -0.1032027 0.07851952 -0.9923645 -0.07349473 0.09905219 -0.9873574 -0.1390944 0.07601404 -0.9865862 -0.1452235 0.07455098 -0.987217 -0.1399427 0.07628011 -0.9860763 -0.1569188 0.05504721 -0.9861877 -0.1563599 0.05463957 -0.9858151 -0.1582185 0.05599516 -0.9889261 -0.1019185 -0.1078786 -0.9889243 -0.1001783 -0.1095135 -0.9888507 -0.1106273 -0.09967976 -0.02217739 -0.1298871 0.9912809 -0.0215739 -0.1298128 0.9913038 -0.02164179 -0.1299325 0.9912866 -0.3974539 -0.1112767 0.9108501 -0.402229 -0.1165443 0.9080911 -0.3678401 -0.0790196 0.9265255 -0.9889566 -0.1369379 0.05668371 -0.9888247 -0.1376835 0.05717509 -0.989141 -0.1358871 0.05599117 -0.9874749 -0.1382372 0.07605272 -0.9872065 -0.1407177 0.07497972 -0.9853638 -0.120938 0.1201348 -0.9864144 -0.1058191 0.1256542 -0.987195 -0.09097695 0.1310311 -0.9103404 -0.3676012 0.1901309 -0.9131433 -0.3586671 0.1937194 -0.9154236 -0.3511456 0.1967144 -0.9189451 -0.3813051 0.1007288 -0.9176638 -0.3848268 0.09900212 -0.9163408 -0.3884123 0.09723913 -0.969303 -0.2395325 -0.05546218 -0.9496266 -0.3131948 -0.01088666 -0.9814564 -0.1636529 -0.09980541 -0.03216427 -0.7746701 0.6315471 -0.02191841 -0.7431557 0.6687594 -0.0196461 -0.7359402 0.6767615 -0.4064943 -0.5833622 0.7031721 -0.3985368 -0.5721368 0.7168179 -0.352694 -0.5074031 0.7862246 -0.8663352 -0.2259446 0.4454349 -0.8577543 -0.1841975 0.4799259 -0.8228008 -0.07165366 0.5637951 -0.8048794 -0.0706917 0.589213 -0.8103609 -0.07880711 0.5806073 -0.7938601 -0.05492073 0.6056153 -0.08842414 -0.7265168 0.6814357 -0.08017134 -0.6934188 0.7160608 -0.07815444 -0.6851986 0.7241511 -0.100393 -0.1341651 0.9858606 -0.1007193 -0.1329879 0.9859867 -0.1003164 -0.1344411 0.9858308 -0.06107485 0.235431 0.9699702 -0.08709257 0.2329906 0.9685713 -0.08819007 0.2328839 0.9684976 0.6971363 0.3741598 0.6115599 0.02425259 0.6124539 0.7901343 -0.05597871 0.6190069 0.7833882 0.8032574 0.5706518 0.1706874 0.8922928 0.4304336 0.1361634 0.8955337 0.4241498 0.1345968 0.5582869 0.8109644 0.1750788 0.7963355 0.5889768 0.1376814 0.8028005 0.580488 0.1361804 0.3011438 0.937703 0.1732789 0.4260599 0.8880112 0.1729421 0.4324883 0.8849189 0.1728367 0.705433 0.6963701 0.1320344 0.5761573 0.8072237 0.1281905 0.5590812 0.819257 0.12746 0.7554395 0.6499324 0.08306086 0.7261894 0.6824871 0.08282661 0.7245811 0.6841965 0.08280962 -0.04153823 0.9982362 -0.04241639 0.7150334 0.6948036 0.07729947 0.7570384 0.6478117 0.08504688 -0.1858787 0.7539091 0.6301351 -0.129041 0.5890969 0.7976925 -0.2024955 0.7992923 0.5657981 -0.125128 0.935373 0.3307879 -0.1302486 0.9380742 0.3210175 -0.1180293 0.9314436 0.3442121 -0.09528702 0.964428 0.2465749 -0.1005722 0.9658365 0.2388412 -0.08498805 0.9614421 0.2615458 -0.08498173 0.9802897 0.1783544 -0.08723056 0.9789 0.1847856 -0.08572483 0.9805815 0.1763842 -0.09273803 0.9814797 0.1676229 -0.09633296 0.9746567 0.201902 -0.1081514 0.9830727 0.1478897 -0.1256462 0.9870293 0.09993153 -0.123176 0.986603 0.1069687 -0.1274267 0.987303 0.09484368 -0.127876 -0.1625062 0.9783862 -0.1293356 -0.1550791 0.9793993 -0.1276773 -0.1635134 0.9782443 -0.855509 -0.2544212 0.4509704 -0.8918285 -0.178483 0.4156751 -0.8220003 -0.3125578 0.4760498 -0.9837483 -0.1484574 -0.1009934 -0.956925 -0.2634892 -0.1219344 -0.9544888 -0.2715396 -0.1233593 -0.6186497 -0.1511937 0.7709819 -0.6119086 -0.1315749 0.7799077 -0.6035244 -0.108262 0.7899605 -0.05204498 -0.1514234 0.987098 -0.05116868 -0.151541 0.9871257 -0.05105447 -0.1515563 0.9871293 -0.02243858 0.9968018 0.07669913 -0.02258652 0.9968852 0.0755642 -0.02241408 0.9967879 0.07688701 -0.02921122 0.9936427 0.1087241 -0.02672606 0.9927505 0.1171844 -0.03020524 0.993978 0.1053355 -0.03604674 0.9782342 0.2043495 -0.03211456 0.9845297 0.1722505 -0.03531742 0.9778656 0.2062318 -0.02981537 0.9797383 0.1980506 -0.0278064 0.9794456 0.1997833 -0.02790862 0.9795168 0.1994194 -0.03108876 0.9666625 0.2541597 -0.03097534 0.9666057 0.2543897 -0.03117829 0.9667074 0.2539783 -0.03578352 0.9403908 0.3382081 -0.03566133 0.9403143 0.3384338 -0.03589409 0.9404599 0.3380041 -0.05596613 0.6190035 0.7833917 -0.05596691 0.6190068 0.7833892 -0.05596601 0.6190029 0.7833922 -0.0208947 -0.735863 0.676808 -0.03570586 -0.7347903 0.677354 -0.03689748 -0.7346969 0.6773914 -0.02229195 -0.1300673 0.9912546 -0.0211786 -0.130144 0.9912689 -0.08582836 0.9928743 0.08266907 -0.09158313 0.9956934 -0.01439827 -0.08428233 0.9907323 0.1065176 -0.9998463 0.007036507 -0.01606076 -0.9915285 -0.1290175 0.01503181 -0.9992395 0.03232699 -0.02180927 -0.9860311 -0.1632492 0.03305023 -0.9860689 -0.1633127 0.0315786 -0.9873637 -0.155278 0.03165173 -0.9853175 -0.1685464 0.02723616 -0.9899974 -0.1386212 0.02625775 -0.9491728 0.3142725 -0.01743245 -0.9494526 0.3135391 -0.01526695 -0.9956035 0.09139215 -0.02052599 -0.9955714 0.09159439 -0.02116918 -0.9955525 0.09420812 -4.50834e-4 -0.9503812 0.3110881 4.6911e-6 -0.9819065 -0.1893589 -0.001725792 -0.9847986 -0.1736511 0.004156112 -0.9873161 -0.158766 5.43931e-4 -0.9874581 -0.1578741 -0.001500368 -0.6546689 0.7554093 -0.02766847 -0.6547257 0.7553598 -0.02767682 -0.1325953 0.9909309 -0.02178323 -0.132594 0.9909311 -0.02178329 -0.06934404 0.9973822 -0.02049839 -0.06919282 0.9974125 -0.01951456 1.32898e-4 0.9998228 -0.01882684 -0.6522878 0.7578797 -0.01179111 -0.1305831 0.9913904 0.009654819 -0.130591 0.9913892 0.009667813 -0.07039725 0.9974539 0.01140284 -0.07015806 0.9974687 0.01157778 -2.82069e-4 0.9999241 0.01232588 -0.9225932 0.3850363 -0.02385181 -0.9222185 0.3865602 -0.009179711 -0.9230852 0.3845948 7.66255e-4 -0.9216238 0.3877025 -0.01721709 -0.921488 0.3870639 -0.03227162 -0.9213933 0.3879122 -0.02363681 -0.880302 0.1619382 -0.4459197 -0.8188979 0.4714769 -0.3272854 -0.8069856 0.5010666 -0.3125807 -0.8235307 0.5021382 -0.2639214 -0.8309444 0.5019168 -0.2400228 -0.8203443 0.5021381 -0.273665 -0.6803945 0.6921122 -0.2409235 -0.6522504 0.7255988 -0.2192622 -0.6440691 0.7346898 -0.2130865 -0.8467062 0.2474138 -0.4710364 -0.8255822 0.2653059 -0.4980232 -0.7989649 0.2859857 -0.529025 0.002180755 -0.03400123 -0.9994195 0.00212717 -0.03410041 -0.9994162 -0.07803714 0.9851694 -0.152812 -0.07803714 0.9851694 -0.1528122 -0.07803714 0.9851694 -0.1528126 -0.00557065 0.9886778 -0.1499508 -0.005503594 0.9886638 -0.1500456 -0.1329318 0.9721316 -0.1931045 -0.225584 0.9602175 -0.1646029 -0.1016329 0.9740494 -0.2022343 0.03292816 -0.7803978 -0.6244158 0.03293043 -0.7804071 -0.624404 0.0329281 -0.7803972 -0.6244164 -0.02366346 -0.7806007 -0.6245821 -0.02366292 -0.7806084 -0.6245725 -0.02366346 -0.7806002 -0.6245825 -0.2295091 -0.1459086 -0.9623078 -0.1798384 -0.7200877 -0.670173 -0.2274988 -9.06199e-4 -0.973778 0.7371813 0.1242652 -0.6641702 -0.184224 0.03504306 -0.9822595 -0.1858327 0.0341804 -0.9819868 -0.1889746 0.03249418 -0.9814442 -0.1088787 -0.01310616 -0.9939687 -0.1002956 -0.008786976 -0.9949189 -0.09053301 -0.00387901 -0.9958859 -0.3649913 0.07921332 -0.927635 -0.3420794 0.07694303 -0.9365157 -0.3396672 0.07670253 -0.9374129 -0.8490301 0.4529498 -0.272001 -0.8452735 0.4468356 -0.2930033 -0.8543833 0.462687 -0.2365376 -0.8990489 0.4020007 -0.1735128 -0.8992944 0.4003716 -0.175989 -0.9013468 0.3835336 -0.2011865 -0.3525514 0.2216428 -0.9091656 -0.07429867 -0.2846195 -0.955757 -0.07516455 -0.2773031 -0.9578378 -0.07614803 -0.2748041 -0.9584802 0.002486944 -0.292787 -0.9561745 0.00248605 -0.2927819 -0.9561761 0.934538 -0.02722603 -0.3548207 0.9345453 -0.02722352 -0.3548012 0.9345462 -0.02722287 -0.354799 -0.07997542 -0.1193324 -0.9896281 -0.08121812 -0.1175753 -0.9897372 -0.08194726 -0.1200277 -0.9893827 -0.02008342 -0.5901765 -0.8070245 -0.02008372 -0.5901792 -0.8070225 -0.0200833 -0.5901752 -0.8070254 -0.2266185 -0.5749416 -0.7861846 -0.2266191 -0.5749417 -0.7861844 -0.2266176 -0.5749413 -0.7861851 -0.9462391 -0.2102015 -0.2458599 -0.9485588 -0.2180796 -0.2295161 -0.9524282 -0.2345471 -0.1945978 -0.5420607 -0.4865691 -0.6851429 -0.543267 -0.487672 -0.6834011 -0.5493615 -0.4932447 -0.6744714 -0.05731791 -0.5893232 -0.8058616 -0.05732154 -0.5893253 -0.8058599 -0.05731964 -0.5893236 -0.8058611 -0.5163964 0.5164203 -0.6831142 -0.5207921 0.5066991 -0.6870456 -0.5200307 0.5067183 -0.687608 -0.9492531 0.1778435 -0.2594038 -0.9535305 0.1259036 -0.2737298 -0.954164 0.1128758 -0.2771825 -0.2264405 0.5886849 -0.7759993 -0.2264402 0.5886892 -0.7759961 -0.2264409 0.5886864 -0.775998 -0.02440118 0.6042057 -0.7964547 -0.02440088 0.6042047 -0.7964555 -0.02440154 0.6042048 -0.7964555 -0.534651 -0.4840417 -0.6927135 -0.5172538 -0.6048741 -0.6054551 -0.5373224 -0.448979 -0.7139346 -0.05460304 0.603486 -0.7955018 -0.05460512 0.6034797 -0.7955065 -0.05460566 0.6034929 -0.7954965 -0.8812124 -0.42478 -0.2074288 -0.9073722 -0.3311058 -0.2589297 -0.8751561 -0.4416736 -0.1975505 -0.2717869 -0.2594683 -0.926719 -0.2773548 -0.4912869 -0.8256583 -0.2702285 -0.2346722 -0.9337588 -0.02669054 -0.1641585 -0.9860729 -0.02668863 -0.1641215 -0.9860791 -0.0266906 -0.1641605 -0.9860725 -0.002835333 0.920234 -0.3913583 -0.002836823 0.9202226 -0.3913851 0.01961803 -0.9856867 -0.1674427 0.02000486 -0.986825 -0.1605504 0.02001625 -0.9868578 -0.1603465 -0.06907397 -0.1637812 -0.9840755 -0.06906861 -0.1637569 -0.98408 -0.06907498 -0.1637855 -0.9840747 -0.05460536 0.6034818 -0.7955049 -0.05460488 0.6034666 -0.7955165 -0.05732053 -0.589325 -0.8058601 -0.05732733 -0.5893291 -0.8058567 -0.08048814 -0.1212798 -0.9893497 -0.08247888 -0.121935 -0.9891053 -0.0728845 -0.2917203 -0.9537228 -0.07328021 -0.2869683 -0.9551331 -0.1080601 0.007766544 -0.9941141 -0.1023787 0.01106357 -0.9946841 -0.0914883 0.01737505 -0.9956547 -0.02440124 0.6042032 -0.7964567 -0.02440237 0.6042053 -0.796455 -0.2264414 0.5886835 -0.7760001 -0.2264413 0.5886839 -0.7759998 -0.9389137 0.1842365 -0.2906854 -0.9392697 0.1443556 -0.3113422 -0.9384679 0.1179001 -0.3246191 -0.05460631 0.6034835 -0.7955036 -0.0546028 0.6034811 -0.7955056 -0.5160545 0.5151092 -0.6843613 -0.5153768 0.5067731 -0.6910629 -0.05460888 0.6034809 -0.7955054 -0.08083105 -0.2342866 -0.9688015 -0.0705673 -0.1726832 -0.9824463 -0.08225476 -0.2429144 -0.9665541 -0.07742893 -0.8635902 0.4982135 -0.07742869 -0.8636021 0.4981931 -0.07742869 -0.8636023 0.4981926 -0.3188848 -0.8603054 0.3977275 -0.3188678 -0.8603172 0.3977156 -0.3188647 -0.8603194 0.3977136 -0.3410887 -0.862307 0.3742796 -0.3410965 -0.8622897 0.3743122 -0.3410978 -0.8622871 0.3743172 0.317367 0.01039546 0.9482459 0.3174098 0.01039183 0.9482316 0.317413 0.01039153 0.9482305 -0.03358149 0.9835135 0.1776899 -0.03358119 0.9835174 0.1776674 -0.03358149 0.9835133 0.1776904 -0.7254861 0.06291019 0.6853556 -0.7255057 0.06290817 0.685335 -0.7255078 0.06290793 0.6853329 0.2471281 -0.2036067 0.94735 0.2471343 -0.2036146 0.9473468 0.247137 -0.2036179 0.9473454 -0.3009631 0.9513481 0.0660147 -0.3009539 0.9513522 0.06599992 -0.300964 0.9513478 0.06601619 -0.2638202 0.9586029 0.1071428 -0.2638307 0.9585991 0.10715 -0.2638189 0.9586033 0.107142 -0.9980812 0.05153638 -0.03432214 -0.9980354 0.05213326 -0.03475183 -0.9981699 0.05036175 -0.03347647 -0.9949372 0.09636962 -0.02851319 -0.9545748 0.2965352 -0.02922254 -0.9535394 0.2994474 -0.03307497 -0.9820132 -0.1888057 0.001576185 -0.9818238 -0.1897882 0.001618087 -0.985215 -0.1692246 0.02673274 -0.9906956 -0.1344555 0.02107018 -0.9853127 -0.1693932 0.02156209 -0.9859814 -0.1635641 0.03297758 -0.9836075 -0.1803225 0 -0.9809492 -0.193831 -0.01297503 -0.9810436 -0.1930366 -0.01704293 -0.9811047 -0.1924239 -0.02016812 -0.9836013 -0.1802268 0.006856024 -0.9824626 -0.186455 0.001348078 -0.984891 -0.1730503 0.006587266 -0.02893692 0.9808797 0.1924517 -0.1248794 0.9794241 0.158536 -0.1173031 0.9723184 0.2020814 -0.1267417 0.9808995 0.1475565 0.5358558 0.8280823 0.1647374 0.3193346 0.9346292 0.1565052 0.2957456 0.9425872 0.1551257 -0.4501632 0.887338 0.09992235 -0.4479783 0.8880993 0.1029323 -0.4717205 0.8789931 0.06964915 -0.9814569 -0.1541052 0.1139906 -0.9815062 -0.1534294 0.1144774 -0.9822832 -0.1411034 0.1233276 -0.9930409 0.09102606 0.07472705 -0.9657684 0.2554154 0.04532545 -0.9659805 0.2544386 0.04628777 -0.9722565 0.2197916 0.0800563 -0.02789223 0.9794509 0.1997451 -0.02799147 0.9795238 0.1993737 -0.09679669 0.9756657 0.1967404 0.4403326 0.8833591 0.1605746 0.5426404 0.8249416 0.1581541 0.5481498 0.8213298 0.1579535 -0.4371087 0.8816572 0.1778107 -0.4311755 0.8848448 0.1764575 -0.9887294 -0.1404501 0.0518471 -0.9905804 -0.1290971 0.04565405 -0.9871109 -0.1496031 0.0568431 -0.9946316 0.08623576 0.05719661 -0.9947304 0.08437877 0.05823993 -0.9738487 0.2161361 0.07002937 -0.974003 0.2152779 0.07052451 -0.9857037 -0.1415852 -0.09133386 -0.9857254 -0.1421077 -0.09028333 -0.9858468 -0.1461545 -0.08212834 -0.5601827 0.7168194 0.4151693 -0.5294782 0.720365 0.4480259 -0.5212889 0.7210491 0.4564496 -0.5645089 0.8254265 -9.62063e-4 -0.5011279 0.8653709 -0.002020895 -0.5648048 0.8252239 -9.56978e-4 -0.6782071 -0.7339072 -0.03762245 -0.6785988 -0.7337999 -0.03227317 -0.6751715 -0.7369127 -0.03321278 -0.4318521 -0.0957657 0.8968459 -0.4186738 -0.07947129 0.9046528 -0.3964071 -0.05242103 0.9165771 -0.7531372 -0.28359 -0.5936002 -0.9606253 0.141605 -0.2390547 -0.9611877 0.1476396 -0.2330683 -0.6851016 -0.7273871 -0.03929096 -0.6852148 -0.7272801 -0.0392999 -0.6109955 -0.4636328 -0.6416612 -0.7326295 -0.3563304 -0.579899 -0.7341 -0.3548294 -0.5789589 -0.8124559 0.3851688 0.4376762 -0.7659903 0.3780938 0.5199076 -0.8131272 0.3852524 0.4363543 0.4229338 -0.2512825 0.8706229 0.413928 -0.2312855 0.8804377 0.4564312 -0.3296231 0.8264498 -0.1117384 -0.9523654 -0.283751 -0.08804345 -0.9352799 -0.3427827 -0.1214483 -0.9582539 -0.2588431 -0.3058812 0.1555883 -0.9392706 -0.309134 0.1513268 -0.9389018 -0.3004692 0.1626429 -0.9398221 -0.283606 0.872581 0.3977062 -0.2376316 0.836027 0.4945606 -0.3114616 0.8902977 0.3322077 -0.3197283 0.8530663 0.4123734 -0.3225357 0.8484386 0.4196698 -0.318517 0.855028 0.409236 0.6499966 0.6344298 0.4183338 0.6581727 0.6156741 0.4333059 0.6397382 0.6561861 0.4001935 0.3847106 0.002387702 -0.9230343 0.438887 -0.03349137 -0.897918 0.3102492 0.04978543 -0.9493508 0.3473702 -0.914815 -0.2060282 0.2989239 -0.9420059 -0.1525434 0.5021402 -0.7741068 -0.3855048 0.1382417 -0.1278262 -0.982115 0.2320525 -0.06594991 -0.9704651 0.2794669 -0.03357821 -0.959568 0.5499559 -0.05999535 -0.8330361 0.533679 -0.05452328 -0.8439277 0.5587024 -0.0629574 -0.8269752 0.03325784 -0.9803048 -0.19467 0.08963829 -0.9743432 -0.2064466 -0.008741736 -0.9826074 -0.1854892 -0.7893176 -0.09991669 0.6058008 -0.7714486 -0.1338386 0.6220566 -0.8338655 7.17867e-4 0.5519672 -0.5377368 -0.02304714 0.8427977 -0.5313553 -0.01503705 0.8470157 -0.5165245 0.003277897 0.8562662 -0.04076284 -0.9877725 -0.1504794 -0.02012932 -0.9863543 -0.1634012 -0.06293272 -0.988642 -0.1364786 0.3445133 -0.06368994 -0.9366185 0.3775718 -0.07960748 -0.922552 0.3205941 -0.05226939 -0.9457734 -0.1894536 0.859436 0.4748441 -0.1892883 0.8546611 0.4834505 -0.1895465 0.8623432 0.4695065 -0.17627 0.8590011 0.4806727 -0.1747277 0.855016 0.4882806 -0.1780223 0.8634911 0.4719016 -0.01633286 -0.9909626 -0.1331405 0.004464924 -0.9891027 -0.1471596 -0.02907937 -0.991793 -0.1245035 0.04240435 -0.9901257 -0.1336147 0.07868397 -0.9862174 -0.1455472 0.03257739 -0.9909325 -0.1303522 -0.4573575 -0.1107322 -0.882362 -0.3264366 -0.02995431 -0.9447444 -0.2664924 0.005552887 -0.9638211 0.07415491 -0.9490112 -0.3063967 0.0484113 -0.9849271 -0.1660571 0.09193074 -0.9098452 -0.4046361 0.6863214 0.6098883 0.3962312 0.6879771 0.5906522 0.4216844 0.6843215 0.6260452 0.3738604 -0.36515 0.7867968 0.4976106 -0.2948144 0.8252566 0.4817013 -0.231899 0.8542851 0.4652095 -0.1619007 0.847679 0.5052016 -0.121928 0.9136811 0.387712 -0.1048353 0.9355401 0.3373046 -0.04316139 -0.9434499 -0.3286934 -0.01928108 -0.9641516 -0.2646505 -0.003706812 -0.9749711 -0.2223008 -0.9230232 0.3846201 -0.009781956 -0.9318328 0.362878 -0.002704858 -0.9477836 0.3143333 -0.05385977 -0.9478977 0.3139146 -0.05429232 -0.9453865 0.3230016 -0.04375404 -0.9520727 0.3027152 -0.04383265 -0.9453359 0.3231495 -0.04375338 -0.940823 0.3347757 -0.05270093 -0.8537073 0.5004559 0.1439713 -0.8524338 0.5020307 0.1460202 -0.9327945 0.3601885 0.01260793 -0.9327983 0.3601783 0.01260763 -0.9327944 0.3601886 0.01260793 -0.9471877 0.3206797 -2.32285e-5 -0.9293422 0.3692193 -4.22023e-4 -0.9472264 0.3205656 -2.22993e-5 -0.9987975 0.04269063 -0.02410686 -0.9991235 0.03827208 -0.0169534 -0.9991236 0.03827261 -0.0169534 -0.6574628 0.7534846 0.001892566 -0.6573983 0.7535411 0.001895189 -0.6573966 0.7535424 0.001895308 -0.6584252 0.7526053 -0.007852137 -0.657217 0.7537004 0.001275181 -0.6584251 0.7526053 -0.007852137 -0.9202683 0.2312712 0.3156261 -0.920285 0.2312807 0.3155705 -0.9202639 0.2312887 0.3156264 -0.6391388 0.7686046 -0.02736485 -0.6390841 0.7686501 -0.02736055 -0.6390833 0.7686508 -0.02736049 -0.6574647 0.7534831 0.001892864 -0.9290568 0.194153 0.3148937 -0.92904 0.1940978 0.3149775 -0.9290571 0.1941536 0.3148929 -0.9077146 0.3730564 -0.1920503 -0.90771 0.3730544 -0.1920757 -0.9077099 0.3730544 -0.1920762 -0.920264 0.231292 0.3156236 -0.9202649 0.2312896 0.3156229 -0.9987318 0.04345864 -0.02542287 -0.9990676 0.03913545 -0.0182318 0.2776486 0.4602301 -0.8432672 0.2776677 0.4602283 -0.8432619 0.277668 0.4602282 -0.8432618 -0.08978182 0.7581944 -0.6458177 -0.08977395 0.7582071 -0.645804 -0.08977365 0.7582079 -0.645803 -0.2627733 0.3393499 -0.903212 -0.2627795 0.3393795 -0.9031991 -0.2627802 0.3393828 -0.9031977 -0.01579338 0.7793732 -0.626361 -0.01680779 0.7921843 -0.6100504 -0.01683121 0.7924771 -0.6096695 -0.03569388 0.3302211 -0.9432286 -0.03322613 0.3775979 -0.9253733 -0.03575211 0.3290701 -0.9436284 0.259391 0.5169379 -0.8157768 0.2593178 0.5169586 -0.8157868 0.2593917 0.5169376 -0.8157767 0.3813565 0.5597584 -0.7356887 0.3813471 0.5597326 -0.7357132 0.3813576 0.5597614 -0.7356858 -0.08485907 0.7573777 -0.6474396 -0.08930104 0.758188 -0.645892 -0.08485913 0.7573782 -0.6474391 -0.08523559 0.7575285 -0.6472136 -0.06447881 0.3958716 -0.9160394 -0.06447559 0.3958312 -0.9160571 -0.06447887 0.3958724 -0.9160391 0.09005272 0.6511777 -0.7535637 0.09006369 0.6511701 -0.7535688 0.09006714 0.6511678 -0.7535704 -0.08387029 -0.1207408 -0.9891347 -0.08442848 -0.1226062 -0.9888578 -0.08315652 -0.1183016 -0.9894897 0.9345396 -0.02722173 -0.3548166 0.9345396 -0.02722173 -0.3548165 -0.9071166 -0.06496655 -0.4158351 -0.9071094 -0.064965 -0.4158512 -0.9071093 -0.06496495 -0.4158514 -0.1666716 0.7977934 -0.5794363 -0.1666995 0.79769 -0.5795705 -0.1667 0.7976884 -0.5795726 -0.4603831 -0.8226694 -0.3335607 -0.4603515 -0.8226995 -0.3335299 -0.4603838 -0.8226687 -0.3335613 -0.3201911 0.7764276 -0.5428056 -0.3201677 0.7764857 -0.5427364 -0.3201673 0.7764868 -0.5427351 -0.9071405 -0.06496089 -0.4157838 -0.9071412 -0.06496077 -0.4157826 -0.06378787 -0.8952654 -0.4409434 -0.06379151 -0.8952776 -0.440918 -0.06378781 -0.8952651 -0.4409438 -0.9110118 -0.138681 -0.3883622 -0.911034 -0.1386638 -0.3883162 -0.91101 -0.1386824 -0.3883659 -0.2303701 -0.87961 -0.4161922 -0.2303702 -0.8795863 -0.4162421 -0.2303701 -0.8796131 -0.4161856 0.6860058 -0.1905561 -0.7021997 -0.4770171 -0.02225512 -0.8786122 0.6949771 -0.1909897 -0.6932026 -0.4868118 -0.07118982 -0.8706012 0.7083519 -0.06259804 -0.7030783 0.7145045 -0.06210273 -0.6968691 -0.731567 -0.4201465 0.5369234 -0.731564 -0.4201447 0.5369289 -0.7315689 -0.4201475 0.53692 0.06525754 -0.997339 -0.03250372 0.06526267 -0.9973384 -0.03250968 0.06525611 -0.9973391 -0.03250205 0.6548643 0.03152698 -0.7550887 0.6548252 0.03152441 -0.7551228 0.6548662 0.03152716 -0.755087 0.1166702 -0.9924837 0.0369364 0.1167057 -0.9924796 0.03693288 0.1167074 -0.9924795 0.0369327 -0.8086597 -0.01408213 0.5881081 -0.8086597 -0.01409548 0.5881078 -0.8086657 -0.01408404 0.5880998 0.4843425 -0.002818346 0.8748739 0.4843732 -0.00281161 0.8748571 0.4843747 -0.002811253 0.8748562 0.003267168 -0.9971494 -0.07538151 0.003264248 -0.9971508 -0.07536274 0.003267288 -0.9971494 -0.07538217 -0.3393446 -0.9272686 0.1581716 -0.3393704 -0.9272603 0.1581651 -0.3393436 -0.9272689 0.1581719 -0.7239233 -0.03603899 -0.6889385 -0.7239247 -0.03603547 -0.6889373 -0.7239263 -0.03603136 -0.6889358 -0.7055726 -0.2288369 -0.6706721 -0.7055835 -0.2288494 -0.6706565 -0.7055868 -0.2288534 -0.6706516 -0.7055799 -0.2288435 -0.6706622 -0.7055723 -0.2288361 -0.6706727 -0.07482194 -0.9883586 0.1324726 -0.07480847 -0.988359 0.1324775 -0.07482439 -0.9883586 0.1324718 0.0972132 -0.9952636 0 0.09721285 -0.9952637 0 0.09721243 -0.9952637 0 -0.8091347 0.009079694 0.587553 -0.8091401 0.009079515 0.5875458 -0.8091412 0.009079456 0.5875443 0.6273561 -0.2680491 -0.7311457 0.6273872 -0.2680417 -0.7311218 0.6273521 -0.2680501 -0.7311488 0.4347186 -0.3947172 0.8094553 0.4346879 -0.3947227 0.8094694 0.4346852 -0.3947231 0.8094706 0.006518661 -0.9948592 -0.1010581 4.90229e-4 -0.9949166 -0.1007009 0.006503224 -0.9948596 -0.101055 0.1150455 -0.993034 0.02545958 0.1150611 -0.993032 0.02546513 0.1150467 -0.9930338 0.02545785 -0.02844667 -0.9717831 0.2341554 -0.02844965 -0.9717831 0.2341546 -0.02844989 -0.9717831 0.2341545 -0.715018 -0.1782288 -0.6760057 -0.7150261 -0.1782318 -0.6759964 -0.7150288 -0.1782329 -0.6759933 -0.2149204 -0.9765904 -0.008979439 -0.214949 -0.9765841 -0.0089733 -0.2149507 -0.9765837 -0.008972942 0.2168998 -0.9725822 0.08389532 0.2196831 -0.9717571 0.0861833 0.2175899 -0.972385 0.08439332 -0.012178 -0.9964311 -0.08352768 -0.005797445 -0.9968126 -0.07956916 -0.4843524 -0.7942497 -0.3668383 -0.484317 -0.7942646 -0.3668527 -0.4843149 -0.7942655 -0.3668535 0.1324309 -0.9883405 0.0751338 0.1324264 -0.9883413 0.07513272 0.1324259 -0.9883413 0.07513266 0.2203873 -0.9715395 0.08683633 0.2203873 -0.9715395 0.08683633 -0.4628355 0.7539399 0.4662165 -0.4628332 0.7539431 0.4662138 -0.4628365 0.7539387 0.4662176 0.116601 -0.9929297 0.02224647 0.1152424 -0.9930242 0.02494466 0.1166008 -0.9929297 0.02224647 -0.01319575 -0.9963944 -0.08380991 -0.01315551 -0.996395 -0.08380979 0.4280986 -0.4167329 0.8019136 0.4281069 -0.4167325 0.8019093 0.4281076 -0.4167325 0.801909 -0.1375941 -0.9898403 -0.03583294 -0.137612 -0.9898377 -0.03583782 -0.1375929 -0.9898405 -0.03583258 0.115063 -0.9930317 0.02546459 0.1150202 -0.9930369 0.02546215 -0.6838059 -0.535098 0.4960643 -0.6837972 -0.5351016 0.4960723 -0.6838104 -0.535096 0.49606 0.1496058 -0.9882761 0.03047049 0.1496126 -0.9882755 0.03045964 0.1496152 -0.9882752 0.03045547 0.1278195 -0.8896312 0.4384275 0.1278452 -0.889631 0.4384202 0.1278473 -0.889631 0.4384197 -0.8086559 -0.0140987 0.5881131 -0.8086564 -0.0141133 0.5881121 0.5564939 -0.4904298 -0.6706663 0.5564897 -0.4904316 -0.6706685 0.5564943 -0.4904296 -0.6706661 -0.7085024 -0.2156313 -0.671958 -0.7085114 -0.2156354 -0.6719473 -0.7085128 -0.2156361 -0.6719455 -0.6710503 -0.5622333 0.4833066 -0.6710491 -0.5622326 0.4833091 -0.6710507 -0.5622336 0.4833056 0.1163018 -0.9929568 0.02260172 -0.5725869 -0.7092687 0.4111961 -0.5725859 -0.7092643 0.4112049 -0.5725876 -0.7092719 0.4111896 -0.6480771 -0.4789161 -0.5921449 -0.6480792 -0.4789142 -0.5921441 -0.6480793 -0.478914 -0.5921441 -0.6861697 -0.5309265 0.4972809 -0.6861745 -0.5309255 0.4972755 -0.6861677 -0.5309269 0.4972832 0.2839439 -0.8576683 -0.4286969 0.2839404 -0.857671 -0.4286938 0.2839441 -0.8576681 -0.428697 -0.7752534 -0.2497588 0.5801749 -0.7752535 -0.2497587 0.5801747 -0.7752527 -0.2497594 0.5801754 0 0.1025161 -0.9947314 0 0.1025161 -0.9947314 0 -0.221437 -0.9751747 0 -0.221437 -0.9751747 0 -0.6516152 -0.7585498 0 -0.6516152 -0.7585498 0 -0.6630349 0.7485885 0 -0.6630349 0.7485886 0 -0.9911575 0.1326907 0 -0.9896789 0.1433032 0 -0.1022492 -0.9947589 0 -0.1022492 -0.9947589 0 -0.6207711 0.7839919 0 -0.6207711 0.783992 0 -0.999061 -0.04332673 0 -0.999061 -0.04332667 0 -0.9993082 0.03719073 0 -0.9993083 0.03719073 0 -0.4544122 0.8907917 0 -0.08822816 -0.9961004 0 -0.08822816 -0.9961004 0 -0.9996715 0.02563458 0 -0.9996716 0.02563065 0 0.1984453 0.980112 0 0.1984453 0.980112 0 -0.1825085 -0.9832043 0 -0.1825193 -0.9832023 0 -0.8942376 0.4475926 0 -0.8942376 0.4475926 0 -0.1321634 0.991228 0 -0.1321656 0.9912277 0 -0.9916056 0.1292998 0 -0.9998235 -0.01878839 0 -0.9998235 -0.01878851 0 -0.987295 0.1588985 0 -0.9872949 0.1588985 0 -0.8136774 -0.5813167 0 -0.1149076 0.9933763 0 -0.1149076 0.9933762 0 -0.1825283 -0.9832006 0 -0.1321609 0.9912284 0 -0.9577586 -0.2875735 0 -0.4880953 0.8727903 0 -0.4880954 0.8727903 0 -0.8900411 -0.4558807 0 -0.890041 -0.4558806 0 -0.9996645 0.02590227 0.005716681 -0.9948601 -0.1010984 0 -0.4463208 -0.8948732 0 -0.4463208 -0.8948731 0 -0.9805933 0.196053 0 -0.9805933 0.196053 0 -0.9996715 0.02563273 0 -0.9952092 0.09776872 0 -0.9951616 0.09825181 0 -0.9995195 -0.03099673 0 -0.9995195 -0.03099691 0 -0.8217978 0.5697792 0 -0.8217979 0.5697792 0 -0.9952594 0.09725654 0 -0.972495 0.2329241 0 -0.972495 0.2329241 0 -0.997123 0.07580035 0 -0.997123 0.07580041 0 -0.5305681 0.8476424 0 -0.5796743 -0.8148484 0 -0.898534 -0.4389039 0 -0.9996574 0.02617406 0 -0.6261784 0.7796798 0.003569006 0.9930439 0.1176908 1.13135e-4 0.9999228 0.01242381 -1.27709e-4 0.9998222 -0.01885449 0.07747912 0.993048 0.08861553 0.07088977 0.9974222 0.01113009 0.07136899 0.9972357 -0.02067977 0.1351041 0.9887589 -0.06405377 0.1305773 0.9913913 0.009648025 0.1326134 0.9909284 -0.02178609 0.4942159 0.8666316 0.06856024 0.2614592 0.9570487 0.1252877 0.5799489 0.8143629 -0.02173721 0.6540152 0.7546704 -0.05231362 0.6195057 0.6929554 0.3688164 0.6657327 0.7443956 -0.05172443 8.15864e-4 0.9980011 -0.06319129 0.07077044 0.9952984 -0.06612712 0.8851307 0.4582376 -0.08100563 0.995552 0.09421265 -4.50842e-4 0.9493646 0.3141436 -0.004559099 0.9360244 0.3519353 0 0.9472982 0.2841579 -0.1479208 0.9808869 0.1214779 -0.1520006 0.9912071 0.1037177 -0.08216589 0.9530495 0.2867601 -0.09729045 0.8983659 0.4137514 -0.1474745 0.9835857 0.0426594 -0.1753267 0.9951512 0.04678279 -0.086519 0.99926 0.03239226 -0.02074408 0.985096 -0.1716827 0.01054 0.9470885 0.3189488 0.03598892 0.9950885 0.09898906 -7.05474e-5 0.9817837 -0.189999 0.001087427 0.9871326 -0.1585724 -0.02059131 0.982467 0.114307 0.1472842 0.9355843 0.3461009 0.0699743 0.5305002 0.8423394 0.09504789 0.9687807 0.1888004 0.1606814 0.9540635 0.2899167 0.07557201 0.9865538 -0.14355 0.07813555 0.9941278 0.08396303 0.06826519 0.9839503 -0.1469111 0.1012869 0.9288432 0.3516121 0.1167022 0.9950193 0.07622379 0.06423962 0.991816 -0.1203547 0.04261261 0.4256685 0.8863552 0.1821563 0.4427938 0.860075 0.2533866 0.4910274 0.8086177 0.3240829 0.9281132 0.3448889 0.1402053 0.9903704 0.1235496 0.06246554 0.9976512 -0.05747395 0.03726786 0.8327434 0.511799 0.211188 0.57969 0.720095 0.3813432 0.9774258 0.1743221 0.1193761 0.9921728 0.09827178 0.07704502 0.9799872 -0.1990612 0 0.9845253 -0.165427 0.05782705 0.9923634 -0.0735054 0.09905534 0.9864434 -0.1550652 0.053707 0.9888132 -0.09060114 -0.1184906 0.4298064 -0.1473565 0.8908156 0.9886274 -0.1387912 0.05790293 0.9872089 -0.140698 0.07498657 0.9871963 -0.09097814 0.1310219 0.9154244 -0.3511436 0.1967145 0.9163338 -0.3884305 0.09723234 0.9224421 -0.3846428 0.03392022 0.03415369 -0.7805951 0.6241033 0.4426299 -0.6342819 0.6338496 0.8756327 -0.3066084 0.373174 0.8204488 -0.09428352 0.5638922 0.09017348 -0.7334191 0.6737694 0.1003165 -0.1344423 0.9858306 0.06001156 0.2355279 0.970013 -0.7229084 0.355487 0.59248 -0.7975018 0.5781296 0.172503 -0.5456814 0.8192231 0.1763676 -0.2939226 0.940005 0.1732056 -0.7176343 0.6837565 0.1322048 -0.7572547 0.6478155 0.08306974 0.1180633 0.991582 -0.05316245 0.1036046 0.5117267 0.8528786 0.1359631 0.940956 0.3100259 0.110518 0.9682577 0.2241941 0.08148825 0.9789605 0.1870725 0.12123 0.9862293 0.112495 0.127677 -0.1635134 0.9782443 0.8219966 -0.3125565 0.4760567 0.9544867 -0.2715501 -0.1233519 0.6257596 -0.1728513 0.760623 0.05105936 -0.1515541 0.9871293 0.02261149 0.9968991 0.07537174 0.02561783 0.9923279 0.1209508 0.03843367 0.9846078 0.1705008 0.03088665 0.9665614 0.2545686 0.03555184 0.9402461 0.3386348 0.05596697 0.6190075 0.7833884 0.03689748 -0.734697 0.6773912 0.02163314 -0.1299988 0.9912782 0.09361714 0.9942131 -0.05269157 0.9875578 -0.1558226 0.02119094 0.9847127 -0.1703961 0.03613823 0.9494524 0.3135398 -0.01526844 0.995571 0.09159821 -0.02117097 0.6463733 0.7625974 -0.02543008 0.9213938 0.387911 -0.02363681 0.8809381 0.1168886 -0.4585687 0.8339527 0.5017268 -0.2297683 0.6906706 0.6789504 -0.2489991 0.8673632 0.228384 -0.4421786 -0.00212717 -0.03410035 -0.9994162 0.07803684 0.9851692 -0.1528137 0.005503594 0.9886638 -0.1500458 0.1016329 0.9740493 -0.2022349 -0.03293126 -0.7804065 -0.6244049 0.02366286 -0.7806097 -0.6245707 0.1687336 -0.7696322 -0.6157884 0.1889744 0.03249424 -0.9814443 0.09053242 -0.003878653 -0.995886 0.3396679 0.07670217 -0.9374127 0.8374954 0.4353277 -0.3302896 0.8965464 0.4161701 -0.1516807 0.07614749 -0.2748036 -0.9584804 -0.00248599 -0.2927819 -0.9561761 -0.9345295 -0.02722871 -0.3548427 0.07926428 -0.116831 -0.9899837 0.02008414 -0.5901805 -0.8070214 0.2266197 -0.5749421 -0.7861839 0.9376189 -0.1867143 -0.2932726 0.5350864 -0.4801952 -0.6950505 0.05732405 -0.5893282 -0.8058574 0.954168 0.1128475 -0.2771804 0.5115768 -0.6308621 -0.5833543 0.9144132 -0.2945954 -0.2776008 0.2769635 -0.5115296 -0.8134055 0.02668809 -0.1641195 -0.9860794 0 0.9206311 -0.3904335 -0.02001625 -0.9868578 -0.1603465 0.06906712 -0.1637524 -0.9840807 0.09148836 0.01737558 -0.9956545 0.02440237 0.6042053 -0.796455 0.2264399 0.5886846 -0.7759997 0.9384694 0.1179192 -0.324608 0.05460286 0.6034816 -0.7955052 0.515377 0.5067726 -0.6910631 0.0690658 -0.1637526 -0.9840809 0.07742804 -0.8636016 0.498194 0.3188539 -0.8603273 0.3977051 0.3410984 -0.8622886 0.3743133 -0.3174138 0.01039397 0.9482302 0.03358119 0.9835173 0.1776686 0.7255085 0.06290262 0.6853327 -0.2471245 -0.2036162 0.9473489 0.3009513 0.9513528 0.06600135 0.2638476 0.9585931 0.1071619 0.99794 0.05334788 -0.03563451 0.9535398 0.2994462 -0.03307431 0.9865341 -0.1570559 0.04565292 0.1151208 0.9699584 0.2143084 -0.5535629 0.8162986 0.1649993 0.4717168 0.878995 0.06964862 0.9802082 -0.1688815 0.1032996 0.9722565 0.2197916 0.08005648 -0.4339582 0.8864944 0.1606491 0.9871109 -0.1496031 0.0568431 0.9740035 0.2152779 0.07051825 0.982921 -0.1543153 -0.1002656 0.5675574 0.7157229 0.4069638 0.4998615 0.8661031 -0.002041518 0.6786509 -0.7337517 -0.03227162 0.4593655 -0.1305367 0.8786032 0.9611874 0.1476348 -0.2330725 0.734102 -0.3548323 -0.5789545 0.764485 0.3778286 0.5223106 -0.4564248 -0.3296099 0.8264587 0.1214486 -0.9582538 -0.2588438 0.3004742 0.1626442 -0.9398203 0.3114619 0.8902973 0.332208 0.318517 0.855028 0.409236 -0.6397403 0.6561719 0.4002134 -0.4614453 -0.04881292 -0.8858247 -0.5021556 -0.774091 -0.3855167 -0.2794669 -0.03358083 -0.959568 -0.5257601 -0.0518797 -0.8490494 0.008741736 -0.9826075 -0.1854888 0.8338655 7.17867e-4 0.5519672 0.5528855 -0.04239267 0.8321782 0.06293076 -0.9886417 -0.136482 -0.3978763 -0.089464 -0.9130666 0.1895447 0.8623461 0.469502 0.1780217 0.8634901 0.4719038 0.02907919 -0.991793 -0.1245028 -0.03257721 -0.9909326 -0.1303515 0.2664924 0.005552351 -0.9638211 -0.09192943 -0.9098439 -0.4046396 -0.684323 0.626043 0.3738612 0.4121537 0.7572672 0.5066318 0.1889876 0.7891276 0.5844327 0.06733185 -0.9173302 -0.3923925 0.9478778 0.3139861 -0.05422437 0.9521582 0.3024461 -0.04383242 0.8524299 0.5020366 0.1460233 0.9328033 0.3601652 0.01260739 0.9290502 0.3699535 -4.29102e-4 0.9991276 0.03816622 -0.01695102 0.6574126 0.7535285 0.001900196 0.9202789 0.2312856 0.3155849 0.6390874 0.7686474 -0.02736306 0.9290573 0.194174 0.3148798 0.907718 0.3730587 -0.19203 -0.2776991 0.460218 -0.8432571 0.08977466 0.7582103 -0.6458002 0.2627801 0.3394044 -0.9031895 0.01683115 0.792478 -0.6096683 0.03318148 0.3783993 -0.9250475 -0.2593561 0.5169382 -0.8157876 -0.3813775 0.5597102 -0.7357146 0.06447625 0.3958319 -0.9160568 -0.09006404 0.6511657 -0.7535726 0.9071632 -0.06495213 -0.4157359 0.1666954 0.7977119 -0.5795416 0.4603523 -0.8226916 -0.3335482 0.3201671 0.776487 -0.5427348 0.06379121 -0.8952771 -0.4409191 0.9110349 -0.1386866 -0.3883061 0.2303623 -0.8795855 -0.4162483 0.4967501 -0.01790207 -0.867709 -0.7146184 -0.0620898 -0.6967536 0.7315725 -0.4201498 0.5369134 -0.0652635 -0.9973383 -0.03251135 -0.6548475 0.03152757 -0.7551032 -0.1167138 -0.9924787 0.03693252 -0.4843534 -0.002814352 0.874868 -0.003264188 -0.9971509 -0.07536226 0.3393738 -0.9272587 0.158167 0.7239196 -0.03605192 -0.6889418 0.7055888 -0.2288447 -0.6706523 0.07480937 -0.9883587 0.1324785 -0.0972197 -0.995263 0 0.8091226 0.009077966 0.5875697 -0.6273706 -0.2680454 -0.7311347 -0.434686 -0.3947212 0.8094711 -0.006502807 -0.9948598 -0.1010537 0.02844983 -0.9717832 0.234154 0.7150069 -0.1782296 -0.6760174 0.2149411 -0.9765858 -0.008973836 0 -0.9969534 -0.07799875 0.4843153 -0.7942658 -0.3668523 -0.1324341 -0.9883403 0.07513284 -0.2204 -0.9715366 0.08683544 0.4628251 0.7539625 0.4661903 -0.4280887 -0.4167362 0.801917 0.1376085 -0.9898383 -0.03583765 -0.1150272 -0.993036 0.02546221 0.68379 -0.5351132 0.4960699 -0.1496149 -0.9882753 0.03045541 -0.1278399 -0.8896318 0.4384204 0.8086566 -0.01409101 0.5881124 -0.5565142 -0.4904201 -0.6706565 0.708514 -0.2156365 -0.671944 0.6710528 -0.5622245 0.4833134 0.5725871 -0.7092605 0.4112098 0.648079 -0.4789147 -0.5921438 0.6861919 -0.5309225 0.4972545 -0.2839313 -0.8576775 -0.428687 0.775251 -0.2497645 0.5801756 0 0.1025152 -0.9947315 0 -0.221437 -0.9751747 0 -0.6630347 0.7485886 0 -0.1022492 -0.9947589 0 -0.6207723 0.7839911 0 -0.9990609 -0.0433281 0 -0.9993082 0.03719073 0 -0.08822804 -0.9961004 0 0.1984453 0.980112 0 -0.1825084 -0.9832044 0 -0.8942379 0.4475919 0 -0.9916055 0.1293 0 -0.9998236 -0.01878768 0 -0.987295 0.1588983 0 -0.813731 -0.5812418 0 -0.1321608 0.9912283 0 -0.4880949 0.8727906 0 -0.8900412 -0.4558804 0 -0.9949263 -0.1006065 0 -0.4463205 -0.8948733 0 -0.9805934 0.1960525 0 -0.9996715 0.02563267 0 -0.9995196 -0.03099602 0 -0.8217958 0.5697823 0 -0.9952594 0.09725689 0 -0.9724951 0.2329237 0 -0.9971231 0.07580006 0 -0.5796745 -0.8148482 0 -0.8985338 -0.4389045 0 -0.6261778 0.7796804 -0.07531744 0.9951148 -0.06382679 -0.003569006 0.993044 0.1176903 -1.13135e-4 0.9999229 0.01242685 -0.07747912 0.9930481 0.08861523 -0.07089006 0.9974222 0.01112109 -0.07136905 0.9972357 -0.02067965 -0.1351045 0.9887588 -0.06405395 -0.130575 0.9913916 0.00964725 -0.1326112 0.9909287 -0.02178615 -0.1218729 0.9843731 0.1271089 -0.5797865 0.8141238 0.0324034 -0.5799548 0.8143586 -0.02173793 -0.6647051 0.7450317 -0.05563187 -0.619509 0.6929545 0.3688126 -0.7062765 0.7030684 -0.08287584 -0.1120332 0.9916356 -0.0640912 -0.8671176 0.4591463 -0.1931105 -0.9360184 0.3519511 0 -0.9472976 0.2841585 -0.1479238 -0.9823839 0.1136081 -0.148375 -0.9879716 0.1222134 -0.09474307 -0.9608811 0.2656407 -0.0783751 -0.8983637 0.4137552 -0.1474772 -0.9835854 0.04266476 -0.1753271 -0.995144 0.0431689 -0.08845901 -0.9569256 0.2891238 -0.02647382 -0.9938242 0.1048108 -0.03644561 -0.9536518 0.3003559 -0.018292 -0.9992602 0.03238439 -0.0207467 -0.981158 -0.1929618 0.009741485 -0.9850971 -0.1716763 0.01053953 -0.9346702 0.3555161 -2.54038e-4 -0.9950892 0.09898269 -7.05474e-5 -0.94948 0.3138278 -2.24353e-5 -0.9957609 0.09196394 0.001731574 -0.9871336 -0.158567 -0.02059119 -0.9625948 -0.004219412 0.2709123 -0.9323942 0.3559762 0.06262743 -0.5305001 0.8423395 0.09504789 -0.975027 0.1660861 0.1474376 -0.9933985 0.09975463 0.05664384 -0.9382016 0.3456829 0.01677465 -0.9865534 -0.1435555 0.07813 -0.9730705 0.2197363 0.06964081 -0.9839501 -0.146912 0.101288 -0.9639034 0.2189697 0.1514688 -0.9950193 0.07622253 0.06423944 -0.9981069 -0.05981767 0.01430749 -0.4782934 0.8684294 0.1306363 -0.4711769 0.8504036 0.2341068 -0.5154893 0.8026105 0.3001457 -0.9281167 0.34488 0.1402045 -0.9903706 0.1235486 0.06246519 -0.9906539 0.1099606 -0.08070719 -0.8327434 0.511799 0.2111875 -0.4279825 0.7268633 0.5371227 -0.9893956 0.1228047 0.07755911 -0.9902338 0.1248502 0.06204414 -0.9799879 -0.1990573 0 -0.9845247 -0.1654286 0.05783259 -0.9883698 -0.1434883 0.05036109 -0.9856697 -0.1533659 0.07024365 -0.9864413 -0.1550788 0.05370539 -0.9888131 -0.09059196 -0.1184983 -0.02157586 -0.129804 0.9913049 -0.4298068 -0.1473516 0.8908163 -0.9886302 -0.1387748 0.0578944 -0.9840564 -0.1360293 0.1145827 -0.90788 -0.3751843 0.1870583 -0.9201945 -0.3778226 0.1024315 -0.9224365 -0.3846554 0.03392779 -0.03415405 -0.7805947 0.6241038 -0.4426282 -0.6342825 0.6338502 -0.8756318 -0.3066106 0.3731741 -0.82045 -0.09427374 0.5638922 -0.09017384 -0.733419 0.6737695 -0.1007983 -0.1327031 0.9860171 -0.06001234 0.2355272 0.9700132 0.7229134 0.3554852 0.592475 0.7974759 0.5781629 0.1725106 0.5456783 0.8192247 0.1763693 0.2938991 0.9400126 0.1732042 0.7176321 0.6837572 0.1322135 0.7572262 0.6478487 0.08307021 -0.1180534 0.9915833 -0.05316025 -0.1036046 0.5117267 0.8528786 -0.1359632 0.9409558 0.3100262 -0.1105183 0.9682579 0.2241932 -0.08148819 0.9789604 0.1870728 -0.1212296 0.9862293 0.1124957 -0.1295326 -0.1540728 0.979532 -0.9181693 -0.1088526 0.3809412 -0.9858405 -0.1356384 -0.0985946 -0.6257539 -0.1728522 0.7606276 -0.05215954 -0.151408 0.9870943 -0.02261149 0.9968991 0.07537239 -0.02561789 0.9923279 0.1209514 -0.03843373 0.9846074 0.1705026 -0.03088682 0.9665613 0.2545691 -0.03555202 0.9402458 0.3386356 -0.05596703 0.6190073 0.7833886 -0.0197134 -0.7359416 0.6767581 -0.09361708 0.994213 -0.05269235 -0.9875591 -0.1558142 0.02118939 -0.9847133 -0.1703934 0.03613817 -0.6546606 0.7554166 -0.02766627 -0.6463738 0.7625971 -0.02543109 -0.8809396 0.1168525 -0.458575 -0.833953 0.5017264 -0.2297676 -0.6906596 0.6789611 -0.2490006 -0.867363 0.2283843 -0.4421787 -0.07803714 0.9851695 -0.1528115 -0.2517117 0.9551215 -0.1561548 0.03293055 -0.7804076 -0.6244034 -0.02366292 -0.7806088 -0.624572 -0.1687365 -0.769633 -0.6157866 -0.1808445 0.03685379 -0.9828211 -0.1191997 -0.01830494 -0.9927016 -0.3675141 0.07946169 -0.9266171 -0.8374983 0.4353262 -0.3302847 -0.8965481 0.4161664 -0.1516813 0.9345374 -0.02722644 -0.354822 -0.0792644 -0.116831 -0.9899837 -0.02008384 -0.5901805 -0.8070214 -0.22662 -0.5749419 -0.7861839 -0.9376159 -0.1867069 -0.2932865 -0.5350874 -0.4801948 -0.69505 -0.05732482 -0.5893284 -0.8058574 -0.5203652 0.516112 -0.6803297 -0.9480754 0.1880814 -0.2564729 -0.2264397 0.5886857 -0.7759988 -0.02440124 0.6042087 -0.7964524 -0.5115795 -0.6308572 -0.5833572 -0.9144107 -0.294594 -0.2776105 -0.2769654 -0.5115306 -0.8134043 -0.02668851 -0.1641195 -0.9860795 0.01960396 -0.9856445 -0.1676923 -0.06906765 -0.1637525 -0.9840807 -0.05460935 0.603483 -0.7955037 -0.07177686 -0.29392 -0.9531312 -0.1195276 0.001102328 -0.9928303 -0.9379682 0.2050349 -0.2796007 -0.06906533 -0.1637529 -0.9840809 -0.07742899 -0.8635897 0.4982144 -0.3188886 -0.8603027 0.3977301 -0.3410871 -0.8623104 0.3742733 0.3173621 0.01039582 0.9482474 -0.03358119 0.9835177 0.1776664 -0.7254835 0.06291049 0.6853583 0.2471253 -0.203603 0.9473515 -0.3009528 0.9513527 0.06599801 -0.2638324 0.9585986 0.1071512 -0.9979401 0.05334973 -0.0356276 -0.9865339 -0.1570566 0.04565334 -0.9808638 -0.1944488 -0.00979948 -0.1151208 0.9699589 0.2143061 0.5535295 0.8163203 0.1650041 -0.4244599 0.8953719 0.1346964 -0.9802072 -0.1688836 0.1033075 -0.9571757 0.2892749 0.01160943 0.4339554 0.8864957 0.1606494 -0.4401177 0.8807731 0.1747432 -0.9918617 -0.1205413 0.04098975 -0.9854717 -0.1372361 -0.1000592 -0.5675535 0.7157248 0.4069659 -0.4998584 0.8661047 -0.002041518 -0.6785976 -0.7338009 -0.03227317 -0.4593659 -0.1305236 0.878605 -0.7446308 -0.2929021 -0.5997778 -0.6078755 -0.4660172 -0.6428962 -0.764485 0.3778282 0.5223107 0.3893967 -0.1786735 0.903574 -0.06733053 -0.9173139 -0.3924307 -0.3161343 0.1421011 -0.938012 -0.1889879 0.7891416 0.5844135 -0.3241541 0.8457185 0.423892 0.6644458 0.600292 0.4451534 0.4614531 -0.04881817 -0.8858205 0.195334 -0.9798616 -0.04142373 0.09595596 -0.1548199 -0.9832718 0.5257607 -0.0518797 -0.849049 0.1248055 -0.9689445 -0.2134716 -0.7201904 -0.2187216 0.658397 -0.5528854 -0.04239147 0.8321783 -0.001032948 -0.9845204 -0.1752671 0.3978754 -0.08946341 -0.9130671 -0.1891393 0.8506886 0.4904644 -0.172303 0.8486896 0.5000379 0.01484316 -0.9879406 -0.1541211 0.09055906 -0.984619 -0.1494145 -0.4867612 -0.1295722 -0.863872 0.03634226 -0.994226 -0.1009647 0.6886247 0.5790143 0.4365071 -0.4121463 0.757272 0.5066306 -0.1889839 0.7891215 0.584442 -0.06733161 -0.9173304 -0.3923922 -0.9229896 0.384747 -0.00776261 -0.9313935 0.3640112 -0.001486241 -0.9521259 0.3025476 -0.04383319 -0.9420726 0.3304586 -0.05741435 -0.9327983 0.3601782 0.01260763 -0.9289976 0.3700856 -4.29205e-4 -0.6581007 0.7528935 -0.007406949 -0.9202854 0.2312812 0.3155692 -0.6391397 0.7686038 -0.0273649 -0.9290396 0.1940967 0.3149791 -0.9077147 0.3730564 -0.1920496 -0.9987319 0.04345697 -0.02542281 0.2776482 0.4602301 -0.8432673 -0.08978271 0.7581944 -0.6458176 -0.2627726 0.3393462 -0.9032136 -0.0157746 0.7791336 -0.6266593 -0.03318244 0.3784134 -0.9250417 0.2593161 0.5169591 -0.815787 0.3813459 0.5597294 -0.7357163 -0.06447553 0.3958301 -0.9160577 0.09004908 0.6511802 -0.753562 -0.9071171 -0.06496638 -0.4158341 -0.166671 0.7977955 -0.5794336 -0.4603508 -0.8227002 -0.3335291 -0.3201918 0.776426 -0.5428075 -0.06379157 -0.8952779 -0.4409173 -0.911036 -0.1386623 -0.3883121 -0.2303702 -0.8795829 -0.4162493 -0.4965533 -0.01787096 -0.8678224 -0.5004109 -0.07047832 -0.8629147 -0.7315621 -0.4201436 0.5369324 0.0652641 -0.9973384 -0.03251141 0.654823 0.0315243 -0.7551245 0.1166683 -0.9924839 0.03693658 0.4843409 -0.002818703 0.8748749 0.003264129 -0.997151 -0.07536202 -0.3393715 -0.92726 0.1581648 -0.7239218 -0.03604316 -0.68894 -0.7055826 -0.228846 -0.6706584 -0.07480597 -0.9883591 0.1324784 0.09721362 -0.9952636 0 -0.8091336 0.009079694 0.5875546 0.6273913 -0.2680407 -0.7311187 0.4347215 -0.3947168 0.8094541 -0.02844643 -0.9717829 0.2341554 -0.7150154 -0.1782278 -0.6760088 -0.2149186 -0.9765907 -0.008979797 0.2169002 -0.9725822 0.0838952 -0.4843546 -0.7942487 -0.3668375 0.1324313 -0.9883404 0.07513391 -0.4628322 0.7539443 0.4662126 0.4280979 -0.4167329 0.801914 -0.1376132 -0.9898375 -0.03583812 0.1150197 -0.9930369 0.02546215 -0.6837927 -0.5351036 0.4960765 0.1496032 -0.9882764 0.03047472 0.1278174 -0.8896312 0.4384281 -0.8086538 -0.01411348 0.5881155 0.5564893 -0.4904317 -0.6706687 -0.7085009 -0.2156305 -0.6719599 -0.6710487 -0.5622323 0.4833101 -0.5725853 -0.7092611 0.4112115 -0.6480769 -0.4789162 -0.5921449 -0.6861765 -0.530925 0.497273 0.2839402 -0.8576712 -0.4286937 -0.7752541 -0.249758 0.5801741</float_array>
          <technique_common>
            <accessor source="#Body_Plane-mesh-normals-array" count="2640" stride="3">
              <param name="X" type="float"/>
              <param name="Y" type="float"/>
              <param name="Z" type="float"/>
            </accessor>
          </technique_common>
        </source>
        <source id="Body_Plane-mesh-map-0">
          <float_array id="Body_Plane-mesh-map-0-array" count="9450">0.447136 0.08667898 0.390755 0.05491799 0.445591 0.05047798 0.506827 0.08284395 0.445591 0.05047798 0.504867 0.04618597 0.459868 0.470122 0.520591 0.367704 0.524147 0.470587 0.454811 0.280914 0.516181 0.268785 0.516656 0.279438 0.515593 0.25661 0.450205 0.158625 0.510724 0.155696 0.400872 0.467932 0.457678 0.368011 0.459868 0.470122 0.397484 0.279878 0.454465 0.270402 0.454811 0.280914 0.396929 0.257882 0.450205 0.158625 0.454006 0.258369 0.394163 0.1604149 0.378587 0.090568 0.391896 0.09023195 0.399316 0.364699 0.385286 0.281263 0.397484 0.279878 0.397263 0.269641 0.384731 0.259267 0.396929 0.257882 0.399316 0.364699 0.391326 0.464304 0.387118 0.366083 0.384731 0.259267 0.369623 0.272711 0.369239 0.260958 0.387118 0.366083 0.372405 0.449116 0.369268 0.367814 0.387118 0.366083 0.369584 0.282953 0.385286 0.281263 0.378587 0.090568 0.366056 0.163536 0.363802 0.08678996 0.36664 0.530378 0.325885 0.575593 0.349145 0.512354 0.376887 0.05472695 0.363802 0.08678996 0.364227 0.04811894 0.390755 0.05491799 0.378587 0.090568 0.376887 0.05472695 0.510724 0.155696 0.447136 0.08667898 0.506827 0.08284395 0.450205 0.158625 0.391896 0.09023195 0.447136 0.08667898 0.01165294 0.859424 0.07163 0.86725 0.070984 0.905568 0.192337 0.322135 0.155974 0.34864 0.1558 0.320886 0.124548 0.324238 0.155974 0.34864 0.124351 0.348296 0.322059 0.598494 0.325885 0.575593 0.341955 0.596451 0.152182 0.882928 0.111459 0.935926 0.114735 0.881828 0.152182 0.882928 0.178413 0.938707 0.1532019 0.941784 0.1511009 0.84024 0.180029 0.883422 0.152182 0.882928 0.116909 0.839878 0.152182 0.882928 0.114735 0.881828 0.114735 0.881828 0.106609 0.932288 0.10957 0.880081 0.192297 0.348557 0.22065 0.615428 0.190856 0.616655 0.180029 0.883422 0.2148 0.936589 0.178413 0.938707 0.192297 0.348557 0.219226 0.322005 0.220567 0.348437 0.180029 0.883422 0.2045029 0.839 0.213047 0.883754 0.118112 0.813187 0.1511009 0.84024 0.116909 0.839878 0.151603 0.812884 0.1835049 0.840129 0.1511009 0.84024 0.153035 0.643736 0.187837 0.784011 0.152131 0.784098 0.121833 0.643506 0.152131 0.784098 0.119379 0.785099 0.187837 0.784011 0.205603 0.811423 0.185988 0.812788 0.25963 0.346867 0.308443 0.596451 0.258998 0.599702 0.25963 0.346867 0.302686 0.324718 0.304075 0.345245 0.2400979 0.347652 0.259611 0.323987 0.25963 0.346867 0.2400979 0.347652 0.258998 0.599702 0.2398239 0.607565 0.219226 0.322005 0.238352 0.288407 0.239414 0.323587 0.192337 0.322135 0.218145 0.289187 0.219226 0.322005 0.1558 0.320886 0.1288 0.289096 0.156036 0.289408 0.1558 0.320886 0.190595 0.289312 0.192337 0.322135 0.259611 0.323987 0.301633 0.288357 0.302686 0.324718 0.239809 0.621771 0.258934 0.625189 0.239794 0.633757 0.258964 0.613521 0.308884 0.621774 0.258934 0.625189 0.122168 0.616389 0.153367 0.631383 0.122049 0.631042 0.1537629 0.616732 0.1905969 0.631307 0.153367 0.631383 0.1905969 0.631307 0.220654 0.642324 0.190373 0.643661 0.217392 0.08438795 0.19349 0.05883699 0.2215819 0.05878096 0.133696 0.253558 0.156036 0.289408 0.1288 0.289096 0.323222 0.633942 0.341955 0.596451 0.347079 0.63341 0.179688 0.081694 0.19349 0.05883699 0.192701 0.085563 0.156036 0.289408 0.1877 0.2542 0.190595 0.289312 0.136012 0.22924 0.1584489 0.253699 0.133696 0.253558 0.190595 0.289312 0.215846 0.252985 0.218145 0.289187 0.1443009 0.174962 0.162638 0.204914 0.138329 0.204922 0.1601189 0.229303 0.182912 0.205916 0.185306 0.230058 0.185306 0.230058 0.198868 0.205072 0.204623 0.230032 0.161022 0.101483 0.169522 0.144024 0.150274 0.1450009 0.169522 0.144024 0.182855 0.174913 0.165998 0.174792 0.199708 0.173025 0.186446 0.143937 0.2155359 0.141086 0.347079 0.63341 0.324944 0.669789 0.323222 0.633942 0.32548 0.694288 0.348491 0.674046 0.349138 0.696787 0.327575 0.749167 0.349785 0.719528 0.352023 0.750451 0.334313 0.823573 0.35426 0.781374 0.355312 0.830405 0.338768 0.852986 0.355312 0.830405 0.355775 0.86865 0.179688 0.081694 0.161022 0.101483 0.170166 0.072488 0.175904 0.106053 0.186446 0.143937 0.169522 0.144024 0.2155359 0.141086 0.191918 0.106962 0.216103 0.107119 0.184897 0.057298 0.170166 0.072488 0.182183 0.04351395 0.342896 0.882678 0.355775 0.86865 0.357202 0.893896 0.175904 0.106053 0.192701 0.085563 0.191918 0.106962 0.216103 0.107119 0.192701 0.085563 0.217392 0.08438795 0.258559 0.287627 0.301682 0.282452 0.301633 0.288357 0.218145 0.289187 0.23724 0.265695 0.238352 0.288407 0.293398 0.06951397 0.307496 0.04903298 0.309177 0.06778496 0.296636 0.09219795 0.309177 0.06778496 0.311263 0.09073495 0.296636 0.09219795 0.309192 0.109968 0.294841 0.1113 0.245114 0.09235298 0.266917 0.115715 0.244069 0.120882 0.850482 0.09376198 0.868024 0.178592 0.849367 0.1785269 0.868049 0.007886946 0.850736 0.02299499 0.849463 0.008994996 0.283337 0.093378 0.294841 0.1113 0.281754 0.113772 0.283337 0.093378 0.293398 0.06951397 0.296636 0.09219795 0.280556 0.070921 0.288304 0.049133 0.293398 0.06951397 0.268957 0.07242 0.275796 0.04923695 0.280556 0.070921 0.271323 0.09467196 0.280556 0.070921 0.283337 0.093378 0.271323 0.09467196 0.281754 0.113772 0.269879 0.116014 0.781917 0.995136 0.797628 0.90793 0.796064 0.995136 0.881356 0.005741953 0.869742 0.02164995 0.868049 0.007886946 0.275796 0.04923695 0.287394 0.03686296 0.288304 0.049133 0.288304 0.049133 0.305927 0.03791397 0.307496 0.04903298 0.883559 0.01876598 0.869296 0.09098798 0.869742 0.02164995 0.850736 0.02299499 0.869296 0.09098798 0.850527 0.09170699 0.93686 0.486201 0.96873 0.484675 0.93693 0.488347 0.968612 0.482401 0.983243 0.486712 0.96873 0.484675 0.871314 0.462588 0.875125 0.420024 0.875125 0.466006 0.425249 0.833658 0.42541 0.783065 0.427215 0.834027 0.421981 0.752279 0.423033 0.721825 0.424222 0.752445 0.419885 0.702316 0.421119 0.683407 0.422076 0.702616 0.419038 0.682932 0.419931 0.646898 0.421119 0.683407 0.418249 0.64661 0.420118 0.626385 0.419931 0.646898 0.426725 0.885995 0.357202 0.893896 0.355775 0.86865 0.425249 0.833658 0.355775 0.86865 0.355312 0.830405 0.42323 0.782859 0.355312 0.830405 0.35426 0.781374 0.421981 0.752279 0.35426 0.781374 0.352023 0.750451 0.419885 0.702316 0.349785 0.719528 0.349138 0.696787 0.418249 0.64661 0.348491 0.674046 0.347079 0.63341 0.883559 0.01876598 0.896497 0.08764898 0.883759 0.08822995 0.275796 0.04923695 0.263155 0.02842396 0.274882 0.02923697 0.266917 0.115715 0.271323 0.09467196 0.269879 0.116014 0.893138 0.004862964 0.883559 0.01876598 0.881356 0.005741953 0.883759 0.08822995 0.896497 0.08974099 0.883748 0.09030801 0.419931 0.646898 0.518898 0.630293 0.519651 0.65065 0.421119 0.683407 0.519651 0.65065 0.52106 0.692571 0.422076 0.702616 0.52106 0.692571 0.52139 0.708141 0.424222 0.752445 0.521721 0.72371 0.522407 0.754348 0.427215 0.834027 0.523092 0.784986 0.523891 0.835983 0.428476 0.886527 0.523891 0.835983 0.524147 0.888519 0.96873 0.484675 0.988096 0.580489 0.973583 0.578451 0.869296 0.09098798 0.883748 0.09030801 0.869265 0.09306198 0.850527 0.09170699 0.869265 0.09306198 0.850482 0.09376198 0.417693 0.626315 0.347079 0.63341 0.341955 0.596451 0.190373 0.643661 0.220742 0.782503 0.187837 0.784011 0.258934 0.625189 0.311263 0.751037 0.25868 0.756671 0.239794 0.633757 0.25868 0.756671 0.239739 0.766176 0.122049 0.631042 0.153035 0.643736 0.121833 0.643506 0.153367 0.631383 0.190373 0.643661 0.153035 0.643736 0.155974 0.34864 0.190856 0.616655 0.1537629 0.616732 0.124351 0.348296 0.1537629 0.616732 0.122168 0.616389 0.2398239 0.607565 0.258964 0.613521 0.239809 0.621771 0.258998 0.599702 0.308682 0.610181 0.258964 0.613521 0.190856 0.616655 0.220654 0.630021 0.1905969 0.631307 0.381966 0.1618 0.369239 0.260958 0.366056 0.163536 0.396929 0.257882 0.381966 0.1618 0.394163 0.1604149 0.397263 0.269641 0.454006 0.258369 0.454465 0.270402 0.454465 0.270402 0.515593 0.25661 0.516181 0.268785 0.385286 0.281263 0.369623 0.272711 0.385065 0.271026 0.397484 0.279878 0.385065 0.271026 0.397263 0.269641 0.399316 0.364699 0.454811 0.280914 0.457678 0.368011 0.457678 0.368011 0.516656 0.279438 0.520591 0.367704 0.005022943 0.623637 0.122049 0.631042 0.004845976 0.63385 0.121833 0.643506 0.004845976 0.63385 0.122049 0.631042 0.111459 0.935926 0.1041949 0.960035 0.106609 0.932288 0.070984 0.905568 0.01368099 0.892773 0.01165294 0.859424 0.364227 0.04811894 0.37821 0.02010798 0.376887 0.05472695 0.152209 0.961576 0.111459 0.935926 0.1532019 0.941784 0.637571 0.59122 0.706848 0.553025 0.706771 0.592607 0.445591 0.05047798 0.389994 0.01352798 0.444831 0.009087979 0.504867 0.04618597 0.444831 0.009087979 0.502211 0.004862964 0.390755 0.05491799 0.37821 0.02010798 0.389994 0.01352798 0.9918 0.177613 0.99496 0.232629 0.99176 0.232769 0.99176 0.232769 0.995 0.290796 0.9918 0.290937 0.582855 0.689213 0.570682 0.689444 0.571003 0.687294 0.790819 0.458882 0.790819 0.47028 0.789139 0.460217 0.551739 0.591207 0.574491 0.548839 0.583114 0.590064 0.612911 0.590697 0.632642 0.551716 0.637571 0.59122 0.545275 0.591405 0.540836 0.547732 0.551739 0.591207 0.106609 0.932288 0.06985098 0.937322 0.070984 0.905568 0.10957 0.880081 0.070984 0.905568 0.07163 0.86725 0.545275 0.591405 0.551739 0.591207 0.545124 0.596017 0.606729 0.495883 0.574932 0.484657 0.606672 0.484168 0.706296 0.496135 0.63294 0.483763 0.705872 0.483845 0.487035 0.938035 0.490925 0.91126 0.490925 0.938047 0.57472 0.522258 0.606729 0.495883 0.606519 0.523148 0.883666 0.614161 0.908951 0.682505 0.884467 0.685053 0.883013 0.514503 0.907333 0.553409 0.88285 0.555957 0.948515 0.924467 0.947298 0.948274 0.927007 0.931558 0.884388 0.491581 0.907497 0.511955 0.883013 0.514503 0.88285 0.555957 0.90778 0.585256 0.883296 0.587804 0.914788 0.512696 0.920869 0.49363 0.920145 0.513241 0.944473 0.957735 0.962347 0.95621 0.942397 0.964686 0.914625 0.55415 0.920145 0.513241 0.919982 0.554695 0.916242 0.683246 0.920798 0.612899 0.921599 0.683792 0.920869 0.49363 0.925401 0.512762 0.920145 0.513241 0.90815 0.611612 0.915072 0.585998 0.915441 0.612354 0.962347 0.95621 0.948982 0.968673 0.942397 0.964686 0.920145 0.513241 0.925581 0.55446 0.919982 0.554695 0.920798 0.612899 0.927168 0.683621 0.921599 0.683792 0.464995 0.983922 0.461542 0.911801 0.464995 0.910165 0.45185 0.910166 0.447973 0.983915 0.447975 0.910165 0.920429 0.586543 0.926367 0.612728 0.920798 0.612899 0.915441 0.612354 0.920429 0.586543 0.920798 0.612899 0.883296 0.587804 0.90815 0.611612 0.883666 0.614161 0.606519 0.523148 0.633031 0.496054 0.632837 0.523885 0.633031 0.496054 0.606672 0.484168 0.63294 0.483763 0.583114 0.590064 0.606309 0.550413 0.612911 0.590697 0.908951 0.682505 0.915441 0.612354 0.916242 0.683246 0.907333 0.553409 0.914788 0.512696 0.914625 0.55415 0.947298 0.948274 0.961153 0.950411 0.944473 0.957735 0.90778 0.585256 0.914625 0.55415 0.915072 0.585998 0.907497 0.511955 0.915318 0.493086 0.914788 0.512696 0.919982 0.554695 0.915072 0.585998 0.914625 0.55415 0.925997 0.586372 0.919982 0.554695 0.925581 0.55446 0.97099 0.38287 0.988348 0.320387 0.974192 0.382609 0.986243 0.413242 0.979886 0.398547 0.988348 0.410798 0.977126 0.400043 0.974192 0.382609 0.979886 0.398547 0.973872 0.677387 0.947633 0.670804 0.973368 0.673998 0.916721 0.03814196 0.931879 0.106289 0.928859 0.111111 0.905143 0.451278 0.909264 0.418964 0.909264 0.450502 0.946145 0.673947 0.939822 0.668264 0.947633 0.670804 0.929233 0.019683 0.920614 0.03856396 0.916721 0.03814196 0.943426 0.004862964 0.932226 0.02143096 0.929233 0.019683 0.185988 0.812788 0.2045029 0.839 0.1835049 0.840129 0.152131 0.784098 0.185988 0.812788 0.151603 0.812884 0.119379 0.785099 0.151603 0.812884 0.118112 0.813187 0.22065 0.615428 0.239809 0.621771 0.220654 0.630021 0.220654 0.642324 0.239739 0.766176 0.220742 0.782503 0.238352 0.288407 0.25864 0.277723 0.258559 0.287627 0.220654 0.630021 0.239794 0.633757 0.220654 0.642324 0.239414 0.323587 0.258559 0.287627 0.259611 0.323987 0.220567 0.348437 0.2398239 0.607565 0.22065 0.615428 0.220567 0.348437 0.239414 0.323587 0.2400979 0.347652 0.423033 0.721825 0.52139 0.708141 0.521721 0.72371 0.419038 0.682932 0.349138 0.696787 0.348491 0.674046 0.420733 0.7217 0.422076 0.702616 0.423033 0.721825 0.326017 0.718787 0.349138 0.696787 0.349785 0.719528 0.1877 0.2542 0.204623 0.230032 0.215846 0.252985 0.1584489 0.253699 0.185306 0.230058 0.1877 0.2542 0.138329 0.204922 0.1601189 0.229303 0.136012 0.22924 0.42541 0.783065 0.522407 0.754348 0.523092 0.784986 0.420733 0.7217 0.352023 0.750451 0.349785 0.719528 0.42323 0.782859 0.424222 0.752445 0.42541 0.783065 0.329134 0.779548 0.352023 0.750451 0.35426 0.781374 0.198868 0.205072 0.182855 0.174913 0.199708 0.173025 0.165998 0.174792 0.182912 0.205916 0.162638 0.204914 0.150274 0.1450009 0.165998 0.174792 0.1443009 0.174962 0.216103 0.107119 0.244069 0.120882 0.2155359 0.141086 0.391326 0.464304 0.349145 0.512354 0.372405 0.449116 0.982068 0.260419 0.979101 0.01325798 0.982068 0.004862964 0.993608 0.004862964 0.993357 0.08234 0.99176 0.08406299 0.736203 0.460543 0.743247 0.45302 0.746464 0.463456 0.06289297 0.40423 0.107271 0.363112 0.06328898 0.4065 0.99176 0.08406299 0.995154 0.1645269 0.99363 0.167746 0.502919 0.910165 0.500617 0.969552 0.500842 0.910697 0.006599962 0.620454 0.118971 0.608665 0.120586 0.612598 0.743247 0.45302 0.735304 0.440092 0.749491 0.441965 0.852984 0.418536 0.854638 0.429791 0.851177 0.428809 0.887026 0.202387 0.877825 0.18938 0.887026 0.188319 0.406749 0.965125 0.399448 0.953938 0.403513 0.952696 0.405445 0.930189 0.408721 0.910165 0.41403 0.914702 0.403513 0.952696 0.392322 0.946426 0.401656 0.945759 0.918956 0.428253 0.925514 0.439807 0.92095 0.43749 0.851177 0.428809 0.855457 0.435149 0.847749 0.43646 0.794389 0.446514 0.802031 0.426976 0.802031 0.449155 0.821981 0.449341 0.81356 0.429332 0.821981 0.426976 0.852033 0.449738 0.860722 0.453481 0.861622 0.462578 0.864203 0.204186 0.849367 0.188916 0.864319 0.188319 0.735304 0.440092 0.749491 0.427071 0.749491 0.441965 0.847749 0.43646 0.856964 0.445052 0.852033 0.449738 0.895451 0.439806 0.886537 0.418589 0.895451 0.417298 0.401656 0.945759 0.397944 0.927586 0.405445 0.930189 0.41099 0.945091 0.405445 0.930189 0.412946 0.932792 0.840041 0.43777 0.852033 0.449738 0.847101 0.454424 0.847101 0.454424 0.861622 0.462578 0.859692 0.466572 0.788017 0.44341 0.793761 0.427951 0.794389 0.446514 0.847716 0.427826 0.847749 0.43646 0.840041 0.43777 0.407578 0.951454 0.401656 0.945759 0.41099 0.945091 0.405445 0.930189 0.416269 0.922024 0.412946 0.932792 0.406749 0.965125 0.407578 0.951454 0.416269 0.965617 0.852984 0.418536 0.847716 0.427826 0.84473 0.417675 0.122168 0.616389 0.006599962 0.620454 0.120586 0.612598 0.01053398 0.457842 0.06289297 0.40423 0.01196897 0.458336 0.006488978 0.539017 0.006599962 0.620454 0.005022943 0.623637 0.06246399 0.401817 0.110849 0.354524 0.06289297 0.40423 0.01053398 0.457842 0.008032977 0.537317 0.006488978 0.539017 0.122168 0.616389 0.1223919 0.35651 0.124351 0.348296 0.006400942 0.743436 0.006778955 0.649101 0.008132994 0.744553 0.983621 0.659426 0.984849 0.6336 0.984797 0.659776 0.983564 0.687645 0.987186 0.825565 0.986068 0.829272 0.07163 0.86725 0.108838 0.877934 0.10957 0.880081 0.983674 0.63261 0.987186 0.592219 0.984849 0.6336 0.983564 0.687645 0.984797 0.659776 0.984743 0.687321 0.009911 0.820668 0.07180398 0.86541 0.07163 0.86725 0.005013942 0.645648 0.120808 0.647009 0.006778955 0.649101 0.10957 0.880081 0.11388 0.879639 0.114735 0.881828 0.009911 0.820668 0.008132994 0.744553 0.01155894 0.819941 0.551104 0.628975 0.54691 0.597241 0.5527 0.629146 0.96428 0.790267 0.964879 0.766534 0.965925 0.790325 0.582855 0.689213 0.571962 0.685599 0.583435 0.687456 0.963199 0.76569 0.970293 0.696012 0.964879 0.766534 0.637497 0.69324 0.695278 0.691347 0.695173 0.69324 0.551104 0.628975 0.567871 0.68081 0.566777 0.682347 0.790819 0.47028 0.788017 0.46153 0.789139 0.460217 0.965586 0.819965 0.970293 0.848962 0.968793 0.850841 0.96428 0.790267 0.967189 0.819073 0.965586 0.819965 0.582855 0.689213 0.636329 0.691355 0.637497 0.69324 0.545124 0.596017 0.553314 0.592585 0.54691 0.597241 0.606309 0.550413 0.632837 0.523885 0.632642 0.551716 0.574491 0.548839 0.606519 0.523148 0.606309 0.550413 0.487035 0.938035 0.490925 0.964835 0.487035 0.965904 0.475433 0.936762 0.477343 0.910959 0.476612 0.937014 0.6431 0.865504 0.648985 0.831013 0.643965 0.865658 0.437401 0.910165 0.427074 0.932098 0.425961 0.932422 0.648078 0.89432 0.643965 0.865658 0.648841 0.893886 0.475433 0.936762 0.475882 0.963069 0.474687 0.96336 0.427024 0.939524 0.43828 0.970589 0.437401 0.971715 0.474687 0.96336 0.477343 0.974011 0.476178 0.97453 0.425961 0.932422 0.428115 0.939055 0.427024 0.939524 0.322147 0.946726 0.326513 0.971441 0.326075 0.972082 0.322147 0.946726 0.321497 0.910787 0.322799 0.946667 0.951487 0.904616 0.954592 0.914145 0.950151 0.915666 0.849092 0.380964 0.859386 0.393144 0.855197 0.396246 0.991326 0.965626 0.977965 0.914421 0.981996 0.912874 0.724849 0.431697 0.721935 0.466417 0.721618 0.430357 0.961153 0.950411 0.966667 0.954288 0.962347 0.95621 0.622704 0.888334 0.579482 0.893519 0.62257 0.884839 0.841892 0.3099 0.853341 0.378014 0.849092 0.380964 0.794865 0.209561 0.835523 0.20275 0.839674 0.2061139 0.774578 0.415117 0.777713 0.411914 0.777522 0.415628 0.762574 0.413542 0.749814 0.40813 0.762912 0.409849 0.774578 0.415117 0.762912 0.409849 0.774798 0.411408 0.956796 0.221377 0.944195 0.230736 0.939523 0.227527 0.725169 0.468118 0.721987 0.472277 0.721935 0.466417 0.959529 0.942518 0.952972 0.922859 0.963877 0.940731 0.981996 0.912874 0.980061 0.893484 0.984113 0.891727 0.579185 0.897101 0.557066 0.898025 0.579482 0.893519 0.926346 0.407571 0.910874 0.403033 0.929831 0.404358 0.722447 0.159488 0.719119 0.14722 0.722325 0.1457329 0.741273 0.484989 0.763505 0.489524 0.73899 0.488352 0.749344 0.411806 0.735526 0.405805 0.749814 0.40813 0.766034 0.486172 0.795113 0.490801 0.763505 0.489524 0.907199 0.406232 0.8883 0.401749 0.910874 0.403033 0.840041 0.221384 0.84617 0.305578 0.841848 0.307805 0.797957 0.487462 0.826837 0.491983 0.795113 0.490801 0.724674 0.411149 0.721618 0.430357 0.721445 0.410011 0.884399 0.404936 0.86983 0.401055 0.8883 0.401749 0.692915 0.923816 0.691579 0.928605 0.686342 0.929977 0.722223 0.134118 0.721987 0.007743954 0.725222 0.004862964 0.841848 0.307805 0.846213 0.307653 0.841892 0.3099 0.556546 0.901652 0.534584 0.902649 0.557066 0.898025 0.767241 0.210535 0.791157 0.206162 0.794865 0.209561 0.724674 0.411149 0.71924 0.160839 0.722447 0.159488 0.963968 0.869597 0.964664 0.879157 0.960324 0.880329 0.865745 0.404235 0.859386 0.393144 0.86983 0.401055 0.718599 0.483763 0.73899 0.488352 0.71654 0.487139 0.959529 0.942518 0.965486 0.948546 0.961153 0.950411 0.984113 0.891727 0.987203 0.870517 0.991326 0.868531 0.800655 0.417188 0.777713 0.411914 0.800617 0.413459 0.960324 0.880329 0.959854 0.891335 0.955465 0.892629 0.722325 0.1457329 0.719017 0.13572 0.722223 0.134118 0.759183 0.464511 0.764773 0.472116 0.759183 0.472343 0.830348 0.417249 0.800617 0.413459 0.830016 0.41352 0.955465 0.892629 0.955915 0.903204 0.951487 0.904616 0.738061 0.21165 0.763805 0.207127 0.767241 0.210535 0.963968 0.9605 0.966667 0.954288 0.968273 0.958535 0.774798 0.411408 0.778037 0.224261 0.777713 0.411914 0.777713 0.411914 0.800945 0.223805 0.800617 0.413459 0.788252 0.896617 0.808005 0.696012 0.808005 0.897456 0.885058 0.702139 0.895746 0.899544 0.885058 0.900899 0.859386 0.393144 0.86983 0.221392 0.86983 0.401055 0.71654 0.88647 0.768946 0.699147 0.768946 0.894856 0.874461 0.705282 0.885058 0.900899 0.874461 0.902092 0.846213 0.307653 0.853341 0.221377 0.853341 0.378014 0.721935 0.466417 0.537572 0.432037 0.721618 0.430357 0.86414 0.707939 0.874461 0.902092 0.86414 0.902799 0.735526 0.405805 0.750131 0.224547 0.749814 0.40813 0.71924 0.160839 0.535073 0.1489 0.719119 0.14722 0.835988 0.716361 0.855951 0.903511 0.835988 0.902432 0.749814 0.40813 0.763233 0.224358 0.762912 0.409849 0.73899 0.488352 0.717189 0.686285 0.71654 0.487139 0.828054 0.715789 0.822225 0.902512 0.822225 0.715369 0.853341 0.378014 0.859386 0.221382 0.859386 0.393144 0.795113 0.490801 0.764146 0.686244 0.763505 0.489524 0.944195 0.230736 0.961298 0.413242 0.944195 0.413223 0.84617 0.305578 0.846213 0.221378 0.846213 0.307653 0.62257 0.884839 0.579622 0.703055 0.622704 0.702967 0.817698 0.716738 0.822225 0.902512 0.817698 0.902433 0.762912 0.409849 0.775121 0.224188 0.774798 0.411408 0.721987 0.472277 0.537888 0.468097 0.721935 0.466417 0.835988 0.716361 0.828054 0.902478 0.828054 0.715789 0.84438 0.221382 0.846169 0.221379 0.84617 0.305578 0.579482 0.893519 0.557209 0.704751 0.579622 0.703055 0.763805 0.207127 0.735393 0.004887998 0.764281 0.004862964 0.719119 0.14722 0.534971 0.1374 0.719017 0.13572 0.910874 0.403033 0.929831 0.221409 0.929831 0.404358 0.768946 0.894856 0.788252 0.69804 0.788252 0.896617 0.835523 0.20275 0.79163 0.004923999 0.835987 0.005087971 0.721445 0.410011 0.535193 0.162519 0.71924 0.160839 0.8883 0.401749 0.910874 0.22142 0.910874 0.403033 0.557066 0.898025 0.534728 0.706564 0.557209 0.704751 0.791157 0.206162 0.764281 0.004862964 0.79163 0.004923999 0.835523 0.20275 0.839674 0.005113959 0.839191 0.210725 0.86983 0.401055 0.8883 0.221405 0.8883 0.401749 0.763505 0.489524 0.739634 0.686285 0.73899 0.488352 0.721618 0.430357 0.537398 0.411691 0.721445 0.410011 0.855951 0.714693 0.86414 0.902799 0.855951 0.903511 0.800617 0.413459 0.830348 0.221377 0.830016 0.41352 0.826837 0.491983 0.795749 0.686138 0.795113 0.490801 0.719017 0.13572 0.533839 0.009460985 0.721987 0.007743954 0.895746 0.698834 0.905212 0.898462 0.895746 0.899544 0.447136 0.08667898 0.390755 0.05491799 0.391896 0.09023195 0.506827 0.08284395 0.445591 0.05047798 0.447136 0.08667898 0.520591 0.367704 0.459868 0.470122 0.524147 0.470587 0.516181 0.268785 0.454811 0.280914 0.516656 0.279438 0.515593 0.25661 0.450205 0.158625 0.454006 0.258369 0.457678 0.368011 0.400872 0.467932 0.459868 0.470122 0.454465 0.270402 0.397484 0.279878 0.454811 0.280914 0.450205 0.158625 0.396929 0.257882 0.454006 0.258369 0.378587 0.090568 0.394163 0.1604149 0.391896 0.09023195 0.385286 0.281263 0.399316 0.364699 0.397484 0.279878 0.384731 0.259267 0.397263 0.269641 0.396929 0.257882 0.399316 0.364699 0.391326 0.464304 0.400872 0.467932 0.384731 0.259267 0.369623 0.272711 0.385065 0.271026 0.387118 0.366083 0.372405 0.449116 0.391326 0.464304 0.369584 0.282953 0.387118 0.366083 0.385286 0.281263 0.378587 0.090568 0.366056 0.163536 0.381966 0.1618 0.325885 0.575593 0.36664 0.530378 0.349145 0.512354 0.376887 0.05472695 0.363802 0.08678996 0.378587 0.090568 0.390755 0.05491799 0.378587 0.090568 0.391896 0.09023195 0.510724 0.155696 0.447136 0.08667898 0.450205 0.158625 0.450205 0.158625 0.391896 0.09023195 0.394163 0.1604149 0.01165294 0.859424 0.07163 0.86725 0.009911 0.820668 0.155974 0.34864 0.192337 0.322135 0.1558 0.320886 0.124548 0.324238 0.155974 0.34864 0.1558 0.320886 0.325885 0.575593 0.322059 0.598494 0.341955 0.596451 0.111459 0.935926 0.152182 0.882928 0.114735 0.881828 0.152182 0.882928 0.178413 0.938707 0.180029 0.883422 0.1511009 0.84024 0.180029 0.883422 0.1835049 0.840129 0.116909 0.839878 0.152182 0.882928 0.1511009 0.84024 0.106609 0.932288 0.114735 0.881828 0.10957 0.880081 0.22065 0.615428 0.192297 0.348557 0.190856 0.616655 0.2148 0.936589 0.180029 0.883422 0.178413 0.938707 0.192297 0.348557 0.219226 0.322005 0.192337 0.322135 0.180029 0.883422 0.2045029 0.839 0.1835049 0.840129 0.118112 0.813187 0.1511009 0.84024 0.151603 0.812884 0.151603 0.812884 0.1835049 0.840129 0.185988 0.812788 0.153035 0.643736 0.187837 0.784011 0.190373 0.643661 0.121833 0.643506 0.152131 0.784098 0.153035 0.643736 0.205603 0.811423 0.187837 0.784011 0.185988 0.812788 0.308443 0.596451 0.25963 0.346867 0.258998 0.599702 0.25963 0.346867 0.302686 0.324718 0.259611 0.323987 0.2400979 0.347652 0.259611 0.323987 0.239414 0.323587 0.258998 0.599702 0.2400979 0.347652 0.2398239 0.607565 0.238352 0.288407 0.219226 0.322005 0.239414 0.323587 0.218145 0.289187 0.192337 0.322135 0.219226 0.322005 0.1558 0.320886 0.1288 0.289096 0.124548 0.324238 0.190595 0.289312 0.1558 0.320886 0.192337 0.322135 0.301633 0.288357 0.259611 0.323987 0.302686 0.324718 0.258934 0.625189 0.239809 0.621771 0.239794 0.633757 0.308884 0.621774 0.258964 0.613521 0.258934 0.625189 0.122168 0.616389 0.153367 0.631383 0.1537629 0.616732 0.1537629 0.616732 0.1905969 0.631307 0.190856 0.616655 0.220654 0.642324 0.1905969 0.631307 0.190373 0.643661 0.217392 0.08438795 0.19349 0.05883699 0.192701 0.085563 0.133696 0.253558 0.156036 0.289408 0.1584489 0.253699 0.341955 0.596451 0.323222 0.633942 0.347079 0.63341 0.179688 0.081694 0.19349 0.05883699 0.184897 0.057298 0.156036 0.289408 0.1877 0.2542 0.1584489 0.253699 0.136012 0.22924 0.1584489 0.253699 0.1601189 0.229303 0.215846 0.252985 0.190595 0.289312 0.218145 0.289187 0.1443009 0.174962 0.162638 0.204914 0.165998 0.174792 0.1601189 0.229303 0.182912 0.205916 0.162638 0.204914 0.198868 0.205072 0.185306 0.230058 0.204623 0.230032 0.161022 0.101483 0.169522 0.144024 0.175904 0.106053 0.182855 0.174913 0.169522 0.144024 0.165998 0.174792 0.199708 0.173025 0.186446 0.143937 0.182855 0.174913 0.324944 0.669789 0.347079 0.63341 0.323222 0.633942 0.32548 0.694288 0.348491 0.674046 0.324944 0.669789 0.327575 0.749167 0.349785 0.719528 0.326017 0.718787 0.334313 0.823573 0.35426 0.781374 0.329134 0.779548 0.338768 0.852986 0.355312 0.830405 0.334313 0.823573 0.161022 0.101483 0.179688 0.081694 0.170166 0.072488 0.186446 0.143937 0.175904 0.106053 0.169522 0.144024 0.2155359 0.141086 0.191918 0.106962 0.186446 0.143937 0.170166 0.072488 0.184897 0.057298 0.182183 0.04351395 0.342896 0.882678 0.355775 0.86865 0.338768 0.852986 0.175904 0.106053 0.192701 0.085563 0.179688 0.081694 0.216103 0.107119 0.192701 0.085563 0.191918 0.106962 0.301682 0.282452 0.258559 0.287627 0.301633 0.288357 0.23724 0.265695 0.218145 0.289187 0.238352 0.288407 0.293398 0.06951397 0.307496 0.04903298 0.288304 0.049133 0.296636 0.09219795 0.309177 0.06778496 0.293398 0.06951397 0.309192 0.109968 0.296636 0.09219795 0.294841 0.1113 0.266917 0.115715 0.245114 0.09235298 0.244069 0.120882 0.850482 0.09376198 0.868024 0.178592 0.869265 0.09306198 0.850736 0.02299499 0.868049 0.007886946 0.849463 0.008994996 0.294841 0.1113 0.283337 0.093378 0.281754 0.113772 0.283337 0.093378 0.293398 0.06951397 0.280556 0.070921 0.280556 0.070921 0.288304 0.049133 0.275796 0.04923695 0.268957 0.07242 0.275796 0.04923695 0.264499 0.04955399 0.271323 0.09467196 0.280556 0.070921 0.268957 0.07242 0.281754 0.113772 0.271323 0.09467196 0.269879 0.116014 0.797628 0.90793 0.781917 0.995136 0.796064 0.995136 0.869742 0.02164995 0.881356 0.005741953 0.868049 0.007886946 0.287394 0.03686296 0.275796 0.04923695 0.288304 0.049133 0.305927 0.03791397 0.288304 0.049133 0.307496 0.04903298 0.869296 0.09098798 0.883559 0.01876598 0.869742 0.02164995 0.850736 0.02299499 0.869296 0.09098798 0.869742 0.02164995 0.96873 0.484675 0.93686 0.486201 0.93693 0.488347 0.983243 0.486712 0.968612 0.482401 0.96873 0.484675 0.875125 0.420024 0.871314 0.462588 0.875125 0.466006 0.42541 0.783065 0.425249 0.833658 0.427215 0.834027 0.423033 0.721825 0.421981 0.752279 0.424222 0.752445 0.421119 0.683407 0.419885 0.702316 0.422076 0.702616 0.419931 0.646898 0.419038 0.682932 0.421119 0.683407 0.420118 0.626385 0.418249 0.64661 0.419931 0.646898 0.357202 0.893896 0.426725 0.885995 0.355775 0.86865 0.355775 0.86865 0.425249 0.833658 0.355312 0.830405 0.355312 0.830405 0.42323 0.782859 0.35426 0.781374 0.35426 0.781374 0.421981 0.752279 0.352023 0.750451 0.349785 0.719528 0.419885 0.702316 0.349138 0.696787 0.348491 0.674046 0.418249 0.64661 0.347079 0.63341 0.883559 0.01876598 0.896497 0.08764898 0.895922 0.017708 0.275796 0.04923695 0.263155 0.02842396 0.264499 0.04955399 0.266917 0.115715 0.271323 0.09467196 0.268347 0.09155899 0.883559 0.01876598 0.893138 0.004862964 0.881356 0.005741953 0.883759 0.08822995 0.896497 0.08974099 0.896497 0.08764898 0.518898 0.630293 0.419931 0.646898 0.519651 0.65065 0.519651 0.65065 0.421119 0.683407 0.52106 0.692571 0.52106 0.692571 0.422076 0.702616 0.52139 0.708141 0.521721 0.72371 0.424222 0.752445 0.522407 0.754348 0.523092 0.784986 0.427215 0.834027 0.523891 0.835983 0.523891 0.835983 0.428476 0.886527 0.524147 0.888519 0.988096 0.580489 0.96873 0.484675 0.973583 0.578451 0.869296 0.09098798 0.883748 0.09030801 0.883759 0.08822995 0.850527 0.09170699 0.869265 0.09306198 0.869296 0.09098798 0.347079 0.63341 0.417693 0.626315 0.341955 0.596451 0.220742 0.782503 0.190373 0.643661 0.187837 0.784011 0.311263 0.751037 0.258934 0.625189 0.25868 0.756671 0.25868 0.756671 0.239794 0.633757 0.239739 0.766176 0.122049 0.631042 0.153035 0.643736 0.153367 0.631383 0.153367 0.631383 0.190373 0.643661 0.1905969 0.631307 0.155974 0.34864 0.190856 0.616655 0.192297 0.348557 0.124351 0.348296 0.1537629 0.616732 0.155974 0.34864 0.258964 0.613521 0.2398239 0.607565 0.239809 0.621771 0.308682 0.610181 0.258998 0.599702 0.258964 0.613521 0.220654 0.630021 0.190856 0.616655 0.1905969 0.631307 0.381966 0.1618 0.369239 0.260958 0.384731 0.259267 0.381966 0.1618 0.396929 0.257882 0.394163 0.1604149 0.454006 0.258369 0.397263 0.269641 0.454465 0.270402 0.515593 0.25661 0.454465 0.270402 0.516181 0.268785 0.369623 0.272711 0.385286 0.281263 0.385065 0.271026 0.385065 0.271026 0.397484 0.279878 0.397263 0.269641 0.454811 0.280914 0.399316 0.364699 0.457678 0.368011 0.516656 0.279438 0.457678 0.368011 0.520591 0.367704 0.005022943 0.623637 0.122049 0.631042 0.122168 0.616389 0.121833 0.643506 0.004845976 0.63385 0.005013942 0.645648 0.1041949 0.960035 0.111459 0.935926 0.106609 0.932288 0.01368099 0.892773 0.070984 0.905568 0.01165294 0.859424 0.37821 0.02010798 0.364227 0.04811894 0.376887 0.05472695 0.111459 0.935926 0.152209 0.961576 0.1532019 0.941784 0.637571 0.59122 0.706848 0.553025 0.632642 0.551716 0.445591 0.05047798 0.389994 0.01352798 0.390755 0.05491799 0.504867 0.04618597 0.444831 0.009087979 0.445591 0.05047798 0.390755 0.05491799 0.37821 0.02010798 0.376887 0.05472695 0.99496 0.232629 0.9918 0.177613 0.99176 0.232769 0.995 0.290796 0.99176 0.232769 0.9918 0.290937 0.570682 0.689444 0.582855 0.689213 0.571003 0.687294 0.790819 0.458882 0.789139 0.460217 0.790819 0.47028 0.551739 0.591207 0.574491 0.548839 0.540836 0.547732 0.612911 0.590697 0.632642 0.551716 0.606309 0.550413 0.545275 0.591405 0.540836 0.547732 0.533839 0.54817 0.06985098 0.937322 0.106609 0.932288 0.070984 0.905568 0.070984 0.905568 0.10957 0.880081 0.07163 0.86725 0.545275 0.591405 0.545124 0.596017 0.551739 0.591207 0.606729 0.495883 0.574932 0.484657 0.574948 0.495677 0.706296 0.496135 0.63294 0.483763 0.633031 0.496054 0.487035 0.938035 0.490925 0.91126 0.487035 0.910165 0.606729 0.495883 0.57472 0.522258 0.606519 0.523148 0.908951 0.682505 0.883666 0.614161 0.884467 0.685053 0.907333 0.553409 0.883013 0.514503 0.88285 0.555957 0.947298 0.948274 0.948515 0.924467 0.927007 0.931558 0.907497 0.511955 0.884388 0.491581 0.883013 0.514503 0.90778 0.585256 0.88285 0.555957 0.883296 0.587804 0.914788 0.512696 0.920869 0.49363 0.915318 0.493086 0.944473 0.957735 0.962347 0.95621 0.961153 0.950411 0.914625 0.55415 0.920145 0.513241 0.914788 0.512696 0.916242 0.683246 0.920798 0.612899 0.915441 0.612354 0.925401 0.512762 0.920869 0.49363 0.920145 0.513241 0.90815 0.611612 0.915072 0.585998 0.90778 0.585256 0.948982 0.968673 0.962347 0.95621 0.942397 0.964686 0.925581 0.55446 0.920145 0.513241 0.919982 0.554695 0.927168 0.683621 0.920798 0.612899 0.921599 0.683792 0.461542 0.911801 0.464995 0.983922 0.464995 0.910165 0.45185 0.910166 0.447973 0.983915 0.45185 0.985375 0.926367 0.612728 0.920429 0.586543 0.920798 0.612899 0.915441 0.612354 0.920429 0.586543 0.915072 0.585998 0.90815 0.611612 0.883296 0.587804 0.883666 0.614161 0.633031 0.496054 0.606519 0.523148 0.632837 0.523885 0.633031 0.496054 0.606672 0.484168 0.606729 0.495883 0.583114 0.590064 0.606309 0.550413 0.574491 0.548839 0.908951 0.682505 0.915441 0.612354 0.90815 0.611612 0.907333 0.553409 0.914788 0.512696 0.907497 0.511955 0.947298 0.948274 0.961153 0.950411 0.959529 0.942518 0.90778 0.585256 0.914625 0.55415 0.907333 0.553409 0.907497 0.511955 0.915318 0.493086 0.907762 0.492347 0.919982 0.554695 0.915072 0.585998 0.920429 0.586543 0.919982 0.554695 0.925997 0.586372 0.925581 0.55446 0.97099 0.38287 0.988348 0.320387 0.986243 0.315831 0.986243 0.413242 0.979886 0.398547 0.977126 0.400043 0.977126 0.400043 0.974192 0.382609 0.97099 0.38287 0.973872 0.677387 0.947633 0.670804 0.946145 0.673947 0.931879 0.106289 0.916721 0.03814196 0.928859 0.111111 0.905143 0.451278 0.909264 0.418964 0.905144 0.417298 0.946145 0.673947 0.939822 0.668264 0.937729 0.67121 0.920614 0.03856396 0.929233 0.019683 0.916721 0.03814196 0.932226 0.02143096 0.943426 0.004862964 0.929233 0.019683 0.2045029 0.839 0.185988 0.812788 0.1835049 0.840129 0.152131 0.784098 0.185988 0.812788 0.187837 0.784011 0.119379 0.785099 0.151603 0.812884 0.152131 0.784098 0.239809 0.621771 0.22065 0.615428 0.220654 0.630021 0.239739 0.766176 0.220654 0.642324 0.220742 0.782503 0.25864 0.277723 0.238352 0.288407 0.258559 0.287627 0.239794 0.633757 0.220654 0.630021 0.220654 0.642324 0.258559 0.287627 0.239414 0.323587 0.259611 0.323987 0.2398239 0.607565 0.220567 0.348437 0.22065 0.615428 0.220567 0.348437 0.239414 0.323587 0.219226 0.322005 0.52139 0.708141 0.423033 0.721825 0.521721 0.72371 0.349138 0.696787 0.419038 0.682932 0.348491 0.674046 0.422076 0.702616 0.420733 0.7217 0.423033 0.721825 0.326017 0.718787 0.349138 0.696787 0.32548 0.694288 0.204623 0.230032 0.1877 0.2542 0.215846 0.252985 0.1584489 0.253699 0.185306 0.230058 0.1601189 0.229303 0.138329 0.204922 0.1601189 0.229303 0.162638 0.204914 0.522407 0.754348 0.42541 0.783065 0.523092 0.784986 0.352023 0.750451 0.420733 0.7217 0.349785 0.719528 0.424222 0.752445 0.42323 0.782859 0.42541 0.783065 0.329134 0.779548 0.352023 0.750451 0.327575 0.749167 0.198868 0.205072 0.182855 0.174913 0.182912 0.205916 0.182912 0.205916 0.165998 0.174792 0.162638 0.204914 0.150274 0.1450009 0.165998 0.174792 0.169522 0.144024 0.244069 0.120882 0.216103 0.107119 0.2155359 0.141086 0.349145 0.512354 0.391326 0.464304 0.372405 0.449116 0.979101 0.01325798 0.982068 0.260419 0.982068 0.004862964 0.993357 0.08234 0.993608 0.004862964 0.99176 0.08406299 0.743247 0.45302 0.736203 0.460543 0.746464 0.463456 0.06289297 0.40423 0.107271 0.363112 0.110849 0.354524 0.995154 0.1645269 0.99176 0.08406299 0.99363 0.167746 0.502919 0.910165 0.500617 0.969552 0.502919 0.970374 0.118971 0.608665 0.006599962 0.620454 0.120586 0.612598 0.743247 0.45302 0.735304 0.440092 0.73638 0.452066 0.852984 0.418536 0.854638 0.429791 0.861622 0.417298 0.887026 0.202387 0.877825 0.18938 0.874011 0.205475 0.406749 0.965125 0.399448 0.953938 0.397779 0.966677 0.405445 0.930189 0.408721 0.910165 0.397944 0.927586 0.403513 0.952696 0.392322 0.946426 0.399448 0.953938 0.925514 0.439807 0.918956 0.428253 0.92095 0.43749 0.851177 0.428809 0.855457 0.435149 0.854638 0.429791 0.794389 0.446514 0.802031 0.426976 0.793761 0.427951 0.81356 0.429332 0.821981 0.449341 0.821981 0.426976 0.852033 0.449738 0.860722 0.453481 0.856964 0.445052 0.864203 0.204186 0.849367 0.188916 0.849637 0.204186 0.749491 0.427071 0.735304 0.440092 0.749491 0.441965 0.847749 0.43646 0.856964 0.445052 0.855457 0.435149 0.886537 0.418589 0.895451 0.439806 0.895451 0.417298 0.401656 0.945759 0.397944 0.927586 0.392322 0.946426 0.41099 0.945091 0.405445 0.930189 0.401656 0.945759 0.840041 0.43777 0.852033 0.449738 0.847749 0.43646 0.847101 0.454424 0.861622 0.462578 0.852033 0.449738 0.788017 0.44341 0.793761 0.427951 0.78934 0.428032 0.847716 0.427826 0.847749 0.43646 0.851177 0.428809 0.407578 0.951454 0.401656 0.945759 0.403513 0.952696 0.416269 0.922024 0.405445 0.930189 0.412946 0.932792 0.407578 0.951454 0.406749 0.965125 0.416269 0.965617 0.847716 0.427826 0.852984 0.418536 0.84473 0.417675 0.122168 0.616389 0.006599962 0.620454 0.005022943 0.623637 0.01053398 0.457842 0.06289297 0.40423 0.06246399 0.401817 0.006599962 0.620454 0.006488978 0.539017 0.005022943 0.623637 0.06246399 0.401817 0.110849 0.354524 0.114393 0.345792 0.008032977 0.537317 0.01053398 0.457842 0.006488978 0.539017 0.1223919 0.35651 0.122168 0.616389 0.124351 0.348296 0.006400942 0.743436 0.006778955 0.649101 0.005013942 0.645648 0.983621 0.659426 0.984849 0.6336 0.983674 0.63261 0.987186 0.825565 0.983564 0.687645 0.986068 0.829272 0.108838 0.877934 0.07163 0.86725 0.10957 0.880081 0.983674 0.63261 0.987186 0.592219 0.986068 0.590216 0.983564 0.687645 0.984797 0.659776 0.983621 0.659426 0.07180398 0.86541 0.009911 0.820668 0.07163 0.86725 0.005013942 0.645648 0.120808 0.647009 0.121833 0.643506 0.11388 0.879639 0.10957 0.880081 0.114735 0.881828 0.009911 0.820668 0.008132994 0.744553 0.006400942 0.743436 0.551104 0.628975 0.54691 0.597241 0.545124 0.596017 0.96428 0.790267 0.964879 0.766534 0.963199 0.76569 0.582855 0.689213 0.571962 0.685599 0.571003 0.687294 0.963199 0.76569 0.970293 0.696012 0.968543 0.696068 0.695278 0.691347 0.637497 0.69324 0.695173 0.69324 0.567871 0.68081 0.551104 0.628975 0.566777 0.682347 0.788017 0.46153 0.790819 0.47028 0.789139 0.460217 0.970293 0.848962 0.965586 0.819965 0.968793 0.850841 0.967189 0.819073 0.96428 0.790267 0.965586 0.819965 0.636329 0.691355 0.582855 0.689213 0.637497 0.69324 0.545124 0.596017 0.553314 0.592585 0.551739 0.591207 0.632837 0.523885 0.606309 0.550413 0.632642 0.551716 0.606519 0.523148 0.574491 0.548839 0.606309 0.550413 0.490925 0.964835 0.487035 0.938035 0.487035 0.965904 0.475433 0.936762 0.477343 0.910959 0.476178 0.910165 0.6431 0.865504 0.648985 0.831013 0.648225 0.830138 0.427074 0.932098 0.437401 0.910165 0.425961 0.932422 0.648078 0.89432 0.643965 0.865658 0.6431 0.865504 0.475882 0.963069 0.475433 0.936762 0.474687 0.96336 0.43828 0.970589 0.427024 0.939524 0.437401 0.971715 0.477343 0.974011 0.474687 0.96336 0.476178 0.97453 0.428115 0.939055 0.425961 0.932422 0.427024 0.939524 0.326513 0.971441 0.322147 0.946726 0.326075 0.972082 0.322147 0.946726 0.321497 0.910787 0.320955 0.910165 0.954592 0.914145 0.951487 0.904616 0.950151 0.915666 0.859386 0.393144 0.849092 0.380964 0.855197 0.396246 0.977965 0.914421 0.991326 0.965626 0.981996 0.912874 0.724849 0.431697 0.721935 0.466417 0.725169 0.468118 0.966667 0.954288 0.961153 0.950411 0.962347 0.95621 0.622704 0.888334 0.579482 0.893519 0.579185 0.897101 0.853341 0.378014 0.841892 0.3099 0.849092 0.380964 0.835523 0.20275 0.794865 0.209561 0.839674 0.2061139 0.777713 0.411914 0.774578 0.415117 0.777522 0.415628 0.762574 0.413542 0.749814 0.40813 0.749344 0.411806 0.774578 0.415117 0.762912 0.409849 0.762574 0.413542 0.944195 0.230736 0.956796 0.221377 0.939523 0.227527 0.725169 0.468118 0.721987 0.472277 0.725222 0.474036 0.959529 0.942518 0.952972 0.922859 0.948515 0.924467 0.980061 0.893484 0.981996 0.912874 0.984113 0.891727 0.579185 0.897101 0.557066 0.898025 0.556546 0.901652 0.926346 0.407571 0.910874 0.403033 0.907199 0.406232 0.719119 0.14722 0.722447 0.159488 0.722325 0.1457329 0.741273 0.484989 0.763505 0.489524 0.766034 0.486172 0.749344 0.411806 0.735526 0.405805 0.734915 0.409457 0.766034 0.486172 0.795113 0.490801 0.797957 0.487462 0.907199 0.406232 0.8883 0.401749 0.884399 0.404936 0.84617 0.305578 0.840041 0.221384 0.841848 0.307805 0.797957 0.487462 0.826837 0.491983 0.829998 0.488655 0.724674 0.411149 0.721618 0.430357 0.724849 0.431697 0.884399 0.404936 0.86983 0.401055 0.865745 0.404235 0.691579 0.928605 0.692915 0.923816 0.686342 0.929977 0.721987 0.007743954 0.722223 0.134118 0.725222 0.004862964 0.846213 0.307653 0.841848 0.307805 0.841892 0.3099 0.556546 0.901652 0.534584 0.902649 0.533839 0.906322 0.791157 0.206162 0.767241 0.210535 0.794865 0.209561 0.71924 0.160839 0.724674 0.411149 0.722447 0.159488 0.964664 0.879157 0.963968 0.869597 0.960324 0.880329 0.865745 0.404235 0.859386 0.393144 0.855197 0.396246 0.718599 0.483763 0.73899 0.488352 0.741273 0.484989 0.965486 0.948546 0.959529 0.942518 0.961153 0.950411 0.987203 0.870517 0.984113 0.891727 0.991326 0.868531 0.800655 0.417188 0.777713 0.411914 0.777522 0.415628 0.959854 0.891335 0.960324 0.880329 0.955465 0.892629 0.719017 0.13572 0.722325 0.1457329 0.722223 0.134118 0.764773 0.472116 0.759183 0.464511 0.759183 0.472343 0.830348 0.417249 0.800617 0.413459 0.800655 0.417188 0.955915 0.903204 0.955465 0.892629 0.951487 0.904616 0.763805 0.207127 0.738061 0.21165 0.767241 0.210535 0.963968 0.9605 0.966667 0.954288 0.962347 0.95621 0.778037 0.224261 0.774798 0.411408 0.777713 0.411914 0.800945 0.223805 0.777713 0.411914 0.800617 0.413459 0.808005 0.696012 0.788252 0.896617 0.808005 0.897456 0.885058 0.702139 0.895746 0.899544 0.895746 0.698834 0.86983 0.221392 0.859386 0.393144 0.86983 0.401055 0.768946 0.699147 0.71654 0.88647 0.768946 0.894856 0.874461 0.705282 0.885058 0.900899 0.885058 0.702139 0.853341 0.221377 0.846213 0.307653 0.853341 0.378014 0.537572 0.432037 0.721935 0.466417 0.721618 0.430357 0.86414 0.707939 0.874461 0.902092 0.874461 0.705282 0.750131 0.224547 0.735526 0.405805 0.749814 0.40813 0.535073 0.1489 0.71924 0.160839 0.719119 0.14722 0.835988 0.716361 0.855951 0.903511 0.855951 0.714693 0.763233 0.224358 0.749814 0.40813 0.762912 0.409849 0.717189 0.686285 0.73899 0.488352 0.71654 0.487139 0.822225 0.902512 0.828054 0.715789 0.822225 0.715369 0.859386 0.221382 0.853341 0.378014 0.859386 0.393144 0.764146 0.686244 0.795113 0.490801 0.763505 0.489524 0.944195 0.230736 0.961298 0.413242 0.961298 0.224646 0.846213 0.221378 0.84617 0.305578 0.846213 0.307653 0.62257 0.884839 0.579622 0.703055 0.579482 0.893519 0.817698 0.716738 0.822225 0.902512 0.822225 0.715369 0.775121 0.224188 0.762912 0.409849 0.774798 0.411408 0.537888 0.468097 0.721987 0.472277 0.721935 0.466417 0.828054 0.902478 0.835988 0.716361 0.828054 0.715789 0.846169 0.221379 0.84438 0.221382 0.84617 0.305578 0.579482 0.893519 0.557209 0.704751 0.557066 0.898025 0.763805 0.207127 0.735393 0.004887998 0.734915 0.20823 0.534971 0.1374 0.719119 0.14722 0.719017 0.13572 0.929831 0.221409 0.910874 0.403033 0.929831 0.404358 0.788252 0.69804 0.768946 0.894856 0.788252 0.896617 0.835523 0.20275 0.79163 0.004923999 0.791157 0.206162 0.535193 0.162519 0.721445 0.410011 0.71924 0.160839 0.910874 0.22142 0.8883 0.401749 0.910874 0.403033 0.557066 0.898025 0.534728 0.706564 0.534584 0.902649 0.791157 0.206162 0.764281 0.004862964 0.763805 0.207127 0.839674 0.005113959 0.835523 0.20275 0.839191 0.210725 0.8883 0.221405 0.86983 0.401055 0.8883 0.401749 0.739634 0.686285 0.763505 0.489524 0.73899 0.488352 0.537398 0.411691 0.721618 0.430357 0.721445 0.410011 0.855951 0.714693 0.86414 0.902799 0.86414 0.707939 0.830348 0.221377 0.800617 0.413459 0.830016 0.41352 0.795749 0.686138 0.826837 0.491983 0.795113 0.490801 0.533839 0.009460985 0.719017 0.13572 0.721987 0.007743954 0.895746 0.698834 0.905212 0.898462 0.905212 0.696012 0.447136 0.08667898 0.391896 0.09023195 0.390755 0.05491799 0.506827 0.08284395 0.447136 0.08667898 0.445591 0.05047798 0.459868 0.470122 0.457678 0.368011 0.520591 0.367704 0.454811 0.280914 0.454465 0.270402 0.516181 0.268785 0.515593 0.25661 0.454006 0.258369 0.450205 0.158625 0.400872 0.467932 0.399316 0.364699 0.457678 0.368011 0.397484 0.279878 0.397263 0.269641 0.454465 0.270402 0.396929 0.257882 0.394163 0.1604149 0.450205 0.158625 0.394163 0.1604149 0.381966 0.1618 0.378587 0.090568 0.399316 0.364699 0.387118 0.366083 0.385286 0.281263 0.397263 0.269641 0.385065 0.271026 0.384731 0.259267 0.399316 0.364699 0.400872 0.467932 0.391326 0.464304 0.384731 0.259267 0.385065 0.271026 0.369623 0.272711 0.387118 0.366083 0.391326 0.464304 0.372405 0.449116 0.387118 0.366083 0.369268 0.367814 0.369584 0.282953 0.378587 0.090568 0.381966 0.1618 0.366056 0.163536 0.36664 0.530378 0.341955 0.596451 0.325885 0.575593 0.376887 0.05472695 0.378587 0.090568 0.363802 0.08678996 0.390755 0.05491799 0.391896 0.09023195 0.378587 0.090568 0.510724 0.155696 0.450205 0.158625 0.447136 0.08667898 0.450205 0.158625 0.394163 0.1604149 0.391896 0.09023195 0.01165294 0.859424 0.009911 0.820668 0.07163 0.86725 0.192337 0.322135 0.192297 0.348557 0.155974 0.34864 0.124548 0.324238 0.1558 0.320886 0.155974 0.34864 0.322059 0.598494 0.320955 0.574509 0.325885 0.575593 0.152182 0.882928 0.1532019 0.941784 0.111459 0.935926 0.152182 0.882928 0.180029 0.883422 0.178413 0.938707 0.1511009 0.84024 0.1835049 0.840129 0.180029 0.883422 0.116909 0.839878 0.1511009 0.84024 0.152182 0.882928 0.114735 0.881828 0.111459 0.935926 0.106609 0.932288 0.192297 0.348557 0.220567 0.348437 0.22065 0.615428 0.180029 0.883422 0.213047 0.883754 0.2148 0.936589 0.192297 0.348557 0.192337 0.322135 0.219226 0.322005 0.180029 0.883422 0.1835049 0.840129 0.2045029 0.839 0.118112 0.813187 0.151603 0.812884 0.1511009 0.84024 0.151603 0.812884 0.185988 0.812788 0.1835049 0.840129 0.153035 0.643736 0.190373 0.643661 0.187837 0.784011 0.121833 0.643506 0.153035 0.643736 0.152131 0.784098 0.187837 0.784011 0.220742 0.782503 0.205603 0.811423 0.25963 0.346867 0.304075 0.345245 0.308443 0.596451 0.25963 0.346867 0.259611 0.323987 0.302686 0.324718 0.2400979 0.347652 0.239414 0.323587 0.259611 0.323987 0.2400979 0.347652 0.25963 0.346867 0.258998 0.599702 0.219226 0.322005 0.218145 0.289187 0.238352 0.288407 0.192337 0.322135 0.190595 0.289312 0.218145 0.289187 0.1558 0.320886 0.124548 0.324238 0.1288 0.289096 0.1558 0.320886 0.156036 0.289408 0.190595 0.289312 0.259611 0.323987 0.258559 0.287627 0.301633 0.288357 0.239809 0.621771 0.258964 0.613521 0.258934 0.625189 0.258964 0.613521 0.308682 0.610181 0.308884 0.621774 0.122168 0.616389 0.1537629 0.616732 0.153367 0.631383 0.1537629 0.616732 0.190856 0.616655 0.1905969 0.631307 0.1905969 0.631307 0.220654 0.630021 0.220654 0.642324 0.217392 0.08438795 0.192701 0.085563 0.19349 0.05883699 0.133696 0.253558 0.1584489 0.253699 0.156036 0.289408 0.323222 0.633942 0.322059 0.598494 0.341955 0.596451 0.179688 0.081694 0.184897 0.057298 0.19349 0.05883699 0.156036 0.289408 0.1584489 0.253699 0.1877 0.2542 0.136012 0.22924 0.1601189 0.229303 0.1584489 0.253699 0.190595 0.289312 0.1877 0.2542 0.215846 0.252985 0.1443009 0.174962 0.165998 0.174792 0.162638 0.204914 0.1601189 0.229303 0.162638 0.204914 0.182912 0.205916 0.185306 0.230058 0.182912 0.205916 0.198868 0.205072 0.161022 0.101483 0.175904 0.106053 0.169522 0.144024 0.169522 0.144024 0.186446 0.143937 0.182855 0.174913 0.199708 0.173025 0.182855 0.174913 0.186446 0.143937 0.347079 0.63341 0.348491 0.674046 0.324944 0.669789 0.32548 0.694288 0.324944 0.669789 0.348491 0.674046 0.327575 0.749167 0.326017 0.718787 0.349785 0.719528 0.334313 0.823573 0.329134 0.779548 0.35426 0.781374 0.338768 0.852986 0.334313 0.823573 0.355312 0.830405 0.179688 0.081694 0.175904 0.106053 0.161022 0.101483 0.175904 0.106053 0.191918 0.106962 0.186446 0.143937 0.2155359 0.141086 0.186446 0.143937 0.191918 0.106962 0.184897 0.057298 0.179688 0.081694 0.170166 0.072488 0.342896 0.882678 0.338768 0.852986 0.355775 0.86865 0.175904 0.106053 0.179688 0.081694 0.192701 0.085563 0.216103 0.107119 0.191918 0.106962 0.192701 0.085563 0.258559 0.287627 0.25864 0.277723 0.301682 0.282452 0.218145 0.289187 0.215846 0.252985 0.23724 0.265695 0.293398 0.06951397 0.288304 0.049133 0.307496 0.04903298 0.296636 0.09219795 0.293398 0.06951397 0.309177 0.06778496 0.296636 0.09219795 0.311263 0.09073495 0.309192 0.109968 0.245114 0.09235298 0.268347 0.09155899 0.266917 0.115715 0.850482 0.09376198 0.869265 0.09306198 0.868024 0.178592 0.868049 0.007886946 0.869742 0.02164995 0.850736 0.02299499 0.283337 0.093378 0.296636 0.09219795 0.294841 0.1113 0.283337 0.093378 0.280556 0.070921 0.293398 0.06951397 0.280556 0.070921 0.275796 0.04923695 0.288304 0.049133 0.268957 0.07242 0.264499 0.04955399 0.275796 0.04923695 0.271323 0.09467196 0.268957 0.07242 0.280556 0.070921 0.271323 0.09467196 0.283337 0.093378 0.281754 0.113772 0.781917 0.995136 0.780712 0.907183 0.797628 0.90793 0.881356 0.005741953 0.883559 0.01876598 0.869742 0.02164995 0.275796 0.04923695 0.274882 0.02923697 0.287394 0.03686296 0.288304 0.049133 0.287394 0.03686296 0.305927 0.03791397 0.883559 0.01876598 0.883759 0.08822995 0.869296 0.09098798 0.850736 0.02299499 0.869742 0.02164995 0.869296 0.09098798 0.93686 0.486201 0.968612 0.482401 0.96873 0.484675 0.968612 0.482401 0.988096 0.484385 0.983243 0.486712 0.871314 0.462588 0.872837 0.417298 0.875125 0.420024 0.425249 0.833658 0.42323 0.782859 0.42541 0.783065 0.421981 0.752279 0.420733 0.7217 0.423033 0.721825 0.419885 0.702316 0.419038 0.682932 0.421119 0.683407 0.419038 0.682932 0.418249 0.64661 0.419931 0.646898 0.418249 0.64661 0.417693 0.626315 0.420118 0.626385 0.426725 0.885995 0.424934 0.900438 0.357202 0.893896 0.425249 0.833658 0.426725 0.885995 0.355775 0.86865 0.42323 0.782859 0.425249 0.833658 0.355312 0.830405 0.421981 0.752279 0.42323 0.782859 0.35426 0.781374 0.419885 0.702316 0.420733 0.7217 0.349785 0.719528 0.418249 0.64661 0.419038 0.682932 0.348491 0.674046 0.883559 0.01876598 0.895922 0.017708 0.896497 0.08764898 0.275796 0.04923695 0.264499 0.04955399 0.263155 0.02842396 0.266917 0.115715 0.268347 0.09155899 0.271323 0.09467196 0.893138 0.004862964 0.895922 0.017708 0.883559 0.01876598 0.883759 0.08822995 0.896497 0.08764898 0.896497 0.08974099 0.419931 0.646898 0.420118 0.626385 0.518898 0.630293 0.421119 0.683407 0.419931 0.646898 0.519651 0.65065 0.422076 0.702616 0.421119 0.683407 0.52106 0.692571 0.424222 0.752445 0.423033 0.721825 0.521721 0.72371 0.427215 0.834027 0.42541 0.783065 0.523092 0.784986 0.428476 0.886527 0.427215 0.834027 0.523891 0.835983 0.96873 0.484675 0.983243 0.486712 0.988096 0.580489 0.869296 0.09098798 0.883759 0.08822995 0.883748 0.09030801 0.850527 0.09170699 0.869296 0.09098798 0.869265 0.09306198 0.417693 0.626315 0.418249 0.64661 0.347079 0.63341 0.190373 0.643661 0.220654 0.642324 0.220742 0.782503 0.258934 0.625189 0.308884 0.621774 0.311263 0.751037 0.239794 0.633757 0.258934 0.625189 0.25868 0.756671 0.122049 0.631042 0.153367 0.631383 0.153035 0.643736 0.153367 0.631383 0.1905969 0.631307 0.190373 0.643661 0.155974 0.34864 0.192297 0.348557 0.190856 0.616655 0.124351 0.348296 0.155974 0.34864 0.1537629 0.616732 0.2398239 0.607565 0.258998 0.599702 0.258964 0.613521 0.258998 0.599702 0.308443 0.596451 0.308682 0.610181 0.190856 0.616655 0.22065 0.615428 0.220654 0.630021 0.381966 0.1618 0.384731 0.259267 0.369239 0.260958 0.396929 0.257882 0.384731 0.259267 0.381966 0.1618 0.397263 0.269641 0.396929 0.257882 0.454006 0.258369 0.454465 0.270402 0.454006 0.258369 0.515593 0.25661 0.385286 0.281263 0.369584 0.282953 0.369623 0.272711 0.397484 0.279878 0.385286 0.281263 0.385065 0.271026 0.399316 0.364699 0.397484 0.279878 0.454811 0.280914 0.457678 0.368011 0.454811 0.280914 0.516656 0.279438 0.005022943 0.623637 0.122168 0.616389 0.122049 0.631042 0.121833 0.643506 0.005013942 0.645648 0.004845976 0.63385 0.111459 0.935926 0.108867 0.9612 0.1041949 0.960035 0.070984 0.905568 0.06985098 0.937322 0.01368099 0.892773 0.364227 0.04811894 0.372128 0.01412695 0.37821 0.02010798 0.152209 0.961576 0.108867 0.9612 0.111459 0.935926 0.637571 0.59122 0.632642 0.551716 0.706848 0.553025 0.445591 0.05047798 0.390755 0.05491799 0.389994 0.01352798 0.504867 0.04618597 0.445591 0.05047798 0.444831 0.009087979 0.390755 0.05491799 0.376887 0.05472695 0.37821 0.02010798 0.9918 0.177613 0.995 0.177473 0.99496 0.232629 0.99176 0.232769 0.99496 0.232629 0.995 0.290796 0.582855 0.689213 0.583272 0.691974 0.570682 0.689444 0.551739 0.591207 0.540836 0.547732 0.574491 0.548839 0.612911 0.590697 0.606309 0.550413 0.632642 0.551716 0.545275 0.591405 0.533839 0.54817 0.540836 0.547732 0.106609 0.932288 0.1041949 0.960035 0.06985098 0.937322 0.10957 0.880081 0.106609 0.932288 0.070984 0.905568 0.606729 0.495883 0.574948 0.495677 0.574932 0.484657 0.706296 0.496135 0.633031 0.496054 0.63294 0.483763 0.487035 0.938035 0.487035 0.910165 0.490925 0.91126 0.57472 0.522258 0.574948 0.495677 0.606729 0.495883 0.883666 0.614161 0.90815 0.611612 0.908951 0.682505 0.883013 0.514503 0.907497 0.511955 0.907333 0.553409 0.948515 0.924467 0.959529 0.942518 0.947298 0.948274 0.884388 0.491581 0.907762 0.492347 0.907497 0.511955 0.88285 0.555957 0.907333 0.553409 0.90778 0.585256 0.914788 0.512696 0.915318 0.493086 0.920869 0.49363 0.944473 0.957735 0.961153 0.950411 0.962347 0.95621 0.914625 0.55415 0.914788 0.512696 0.920145 0.513241 0.916242 0.683246 0.915441 0.612354 0.920798 0.612899 0.920869 0.49363 0.927168 0.494856 0.925401 0.512762 0.90815 0.611612 0.90778 0.585256 0.915072 0.585998 0.962347 0.95621 0.963968 0.9605 0.948982 0.968673 0.920145 0.513241 0.925401 0.512762 0.925581 0.55446 0.920798 0.612899 0.926367 0.612728 0.927168 0.683621 0.464995 0.983922 0.461544 0.984145 0.461542 0.911801 0.45185 0.910166 0.45185 0.985375 0.447973 0.983915 0.920429 0.586543 0.925997 0.586372 0.926367 0.612728 0.915441 0.612354 0.915072 0.585998 0.920429 0.586543 0.883296 0.587804 0.90778 0.585256 0.90815 0.611612 0.606519 0.523148 0.606729 0.495883 0.633031 0.496054 0.633031 0.496054 0.606729 0.495883 0.606672 0.484168 0.583114 0.590064 0.574491 0.548839 0.606309 0.550413 0.908951 0.682505 0.90815 0.611612 0.915441 0.612354 0.907333 0.553409 0.907497 0.511955 0.914788 0.512696 0.947298 0.948274 0.959529 0.942518 0.961153 0.950411 0.90778 0.585256 0.907333 0.553409 0.914625 0.55415 0.907497 0.511955 0.907762 0.492347 0.915318 0.493086 0.919982 0.554695 0.920429 0.586543 0.915072 0.585998 0.925997 0.586372 0.920429 0.586543 0.919982 0.554695 0.97099 0.38287 0.986243 0.315831 0.988348 0.320387 0.986243 0.413242 0.977126 0.400043 0.979886 0.398547 0.977126 0.400043 0.97099 0.38287 0.974192 0.382609 0.973872 0.677387 0.946145 0.673947 0.947633 0.670804 0.916721 0.03814196 0.920614 0.03856396 0.931879 0.106289 0.905143 0.451278 0.905144 0.417298 0.909264 0.418964 0.946145 0.673947 0.937729 0.67121 0.939822 0.668264 0.929233 0.019683 0.932226 0.02143096 0.920614 0.03856396 0.943426 0.004862964 0.945399 0.007676959 0.932226 0.02143096 0.185988 0.812788 0.205603 0.811423 0.2045029 0.839 0.152131 0.784098 0.187837 0.784011 0.185988 0.812788 0.119379 0.785099 0.152131 0.784098 0.151603 0.812884 0.22065 0.615428 0.2398239 0.607565 0.239809 0.621771 0.220654 0.642324 0.239794 0.633757 0.239739 0.766176 0.238352 0.288407 0.23724 0.265695 0.25864 0.277723 0.220654 0.630021 0.239809 0.621771 0.239794 0.633757 0.239414 0.323587 0.238352 0.288407 0.258559 0.287627 0.220567 0.348437 0.2400979 0.347652 0.2398239 0.607565 0.220567 0.348437 0.219226 0.322005 0.239414 0.323587 0.423033 0.721825 0.422076 0.702616 0.52139 0.708141 0.419038 0.682932 0.419885 0.702316 0.349138 0.696787 0.420733 0.7217 0.419885 0.702316 0.422076 0.702616 0.326017 0.718787 0.32548 0.694288 0.349138 0.696787 0.1877 0.2542 0.185306 0.230058 0.204623 0.230032 0.1584489 0.253699 0.1601189 0.229303 0.185306 0.230058 0.138329 0.204922 0.162638 0.204914 0.1601189 0.229303 0.42541 0.783065 0.424222 0.752445 0.522407 0.754348 0.420733 0.7217 0.421981 0.752279 0.352023 0.750451 0.42323 0.782859 0.421981 0.752279 0.424222 0.752445 0.329134 0.779548 0.327575 0.749167 0.352023 0.750451 0.198868 0.205072 0.182912 0.205916 0.182855 0.174913 0.165998 0.174792 0.182855 0.174913 0.182912 0.205916 0.150274 0.1450009 0.169522 0.144024 0.165998 0.174792 0.216103 0.107119 0.245114 0.09235298 0.244069 0.120882 0.391326 0.464304 0.36664 0.530378 0.349145 0.512354 0.982068 0.260419 0.979136 0.256805 0.979101 0.01325798 0.993608 0.004862964 0.995154 0.00533998 0.993357 0.08234 0.736203 0.460543 0.73638 0.452066 0.743247 0.45302 0.06289297 0.40423 0.110849 0.354524 0.107271 0.363112 0.99176 0.08406299 0.993357 0.08234 0.995154 0.1645269 0.502919 0.910165 0.502919 0.970374 0.500617 0.969552 0.006599962 0.620454 0.008143961 0.617129 0.118971 0.608665 0.743247 0.45302 0.73638 0.452066 0.735304 0.440092 0.852984 0.418536 0.861622 0.417298 0.854638 0.429791 0.887026 0.202387 0.874011 0.205475 0.877825 0.18938 0.406749 0.965125 0.397779 0.966677 0.399448 0.953938 0.405445 0.930189 0.397944 0.927586 0.408721 0.910165 0.403513 0.952696 0.399448 0.953938 0.392322 0.946426 0.918956 0.428253 0.925514 0.417298 0.925514 0.439807 0.851177 0.428809 0.854638 0.429791 0.855457 0.435149 0.794389 0.446514 0.793761 0.427951 0.802031 0.426976 0.821981 0.449341 0.811724 0.451554 0.81356 0.429332 0.852033 0.449738 0.856964 0.445052 0.860722 0.453481 0.864203 0.204186 0.849637 0.204186 0.849367 0.188916 0.735304 0.440092 0.734915 0.426976 0.749491 0.427071 0.847749 0.43646 0.855457 0.435149 0.856964 0.445052 0.895451 0.439806 0.884817 0.44082 0.886537 0.418589 0.401656 0.945759 0.392322 0.946426 0.397944 0.927586 0.41099 0.945091 0.401656 0.945759 0.405445 0.930189 0.840041 0.43777 0.847749 0.43646 0.852033 0.449738 0.847101 0.454424 0.852033 0.449738 0.861622 0.462578 0.788017 0.44341 0.78934 0.428032 0.793761 0.427951 0.847716 0.427826 0.851177 0.428809 0.847749 0.43646 0.407578 0.951454 0.403513 0.952696 0.401656 0.945759 0.405445 0.930189 0.41403 0.914702 0.416269 0.922024 0.406749 0.965125 0.403513 0.952696 0.407578 0.951454 0.852984 0.418536 0.851177 0.428809 0.847716 0.427826 0.122168 0.616389 0.005022943 0.623637 0.006599962 0.620454 0.01053398 0.457842 0.06246399 0.401817 0.06289297 0.40423 0.006488978 0.539017 0.008032977 0.537317 0.006599962 0.620454 0.06246399 0.401817 0.114393 0.345792 0.110849 0.354524 0.01053398 0.457842 0.01196897 0.458336 0.008032977 0.537317 0.122168 0.616389 0.120586 0.612598 0.1223919 0.35651 0.006400942 0.743436 0.005013942 0.645648 0.006778955 0.649101 0.983621 0.659426 0.983674 0.63261 0.984849 0.6336 0.983564 0.687645 0.984743 0.687321 0.987186 0.825565 0.07163 0.86725 0.07180398 0.86541 0.108838 0.877934 0.983674 0.63261 0.986068 0.590216 0.987186 0.592219 0.983564 0.687645 0.983621 0.659426 0.984797 0.659776 0.009911 0.820668 0.01155894 0.819941 0.07180398 0.86541 0.005013942 0.645648 0.121833 0.643506 0.120808 0.647009 0.10957 0.880081 0.108838 0.877934 0.11388 0.879639 0.009911 0.820668 0.006400942 0.743436 0.008132994 0.744553 0.551104 0.628975 0.545124 0.596017 0.54691 0.597241 0.96428 0.790267 0.963199 0.76569 0.964879 0.766534 0.582855 0.689213 0.571003 0.687294 0.571962 0.685599 0.963199 0.76569 0.968543 0.696068 0.970293 0.696012 0.637497 0.69324 0.636329 0.691355 0.695278 0.691347 0.551104 0.628975 0.5527 0.629146 0.567871 0.68081 0.790819 0.47028 0.789644 0.47127 0.788017 0.46153 0.965586 0.819965 0.967189 0.819073 0.970293 0.848962 0.96428 0.790267 0.965925 0.790325 0.967189 0.819073 0.582855 0.689213 0.583435 0.687456 0.636329 0.691355 0.545124 0.596017 0.551739 0.591207 0.553314 0.592585 0.606309 0.550413 0.606519 0.523148 0.632837 0.523885 0.574491 0.548839 0.57472 0.522258 0.606519 0.523148 0.487035 0.938035 0.490925 0.938047 0.490925 0.964835 0.475433 0.936762 0.476178 0.910165 0.477343 0.910959 0.6431 0.865504 0.648225 0.830138 0.648985 0.831013 0.437401 0.910165 0.43828 0.910295 0.427074 0.932098 0.648078 0.89432 0.6431 0.865504 0.643965 0.865658 0.475433 0.936762 0.476612 0.937014 0.475882 0.963069 0.427024 0.939524 0.428115 0.939055 0.43828 0.970589 0.474687 0.96336 0.475882 0.963069 0.477343 0.974011 0.425961 0.932422 0.427074 0.932098 0.428115 0.939055 0.322147 0.946726 0.322799 0.946667 0.326513 0.971441 0.322147 0.946726 0.320955 0.910165 0.321497 0.910787 0.951487 0.904616 0.955915 0.903204 0.954592 0.914145 0.849092 0.380964 0.853341 0.378014 0.859386 0.393144 0.991326 0.965626 0.987203 0.966651 0.977965 0.914421 0.724849 0.431697 0.725169 0.468118 0.721935 0.466417 0.961153 0.950411 0.965486 0.948546 0.966667 0.954288 0.622704 0.888334 0.579185 0.897101 0.579482 0.893519 0.841892 0.3099 0.846213 0.307653 0.853341 0.378014 0.794865 0.209561 0.791157 0.206162 0.835523 0.20275 0.774578 0.415117 0.774798 0.411408 0.777713 0.411914 0.762574 0.413542 0.749344 0.411806 0.749814 0.40813 0.774578 0.415117 0.762574 0.413542 0.762912 0.409849 0.956796 0.221377 0.961298 0.224646 0.944195 0.230736 0.725169 0.468118 0.725222 0.474036 0.721987 0.472277 0.959529 0.942518 0.948515 0.924467 0.952972 0.922859 0.981996 0.912874 0.977965 0.914421 0.980061 0.893484 0.579185 0.897101 0.556546 0.901652 0.557066 0.898025 0.926346 0.407571 0.907199 0.406232 0.910874 0.403033 0.722447 0.159488 0.71924 0.160839 0.719119 0.14722 0.741273 0.484989 0.766034 0.486172 0.763505 0.489524 0.749344 0.411806 0.734915 0.409457 0.735526 0.405805 0.766034 0.486172 0.797957 0.487462 0.795113 0.490801 0.907199 0.406232 0.884399 0.404936 0.8883 0.401749 0.840041 0.221384 0.84438 0.221382 0.84617 0.305578 0.797957 0.487462 0.829998 0.488655 0.826837 0.491983 0.724674 0.411149 0.724849 0.431697 0.721618 0.430357 0.884399 0.404936 0.865745 0.404235 0.86983 0.401055 0.692915 0.923816 0.698086 0.922504 0.691579 0.928605 0.722223 0.134118 0.719017 0.13572 0.721987 0.007743954 0.841848 0.307805 0.84617 0.305578 0.846213 0.307653 0.556546 0.901652 0.533839 0.906322 0.534584 0.902649 0.767241 0.210535 0.763805 0.207127 0.791157 0.206162 0.724674 0.411149 0.721445 0.410011 0.71924 0.160839 0.963968 0.869597 0.968273 0.868531 0.964664 0.879157 0.865745 0.404235 0.855197 0.396246 0.859386 0.393144 0.718599 0.483763 0.741273 0.484989 0.73899 0.488352 0.959529 0.942518 0.963877 0.940731 0.965486 0.948546 0.984113 0.891727 0.980061 0.893484 0.987203 0.870517 0.800655 0.417188 0.777522 0.415628 0.777713 0.411914 0.960324 0.880329 0.964664 0.879157 0.959854 0.891335 0.722325 0.1457329 0.719119 0.14722 0.719017 0.13572 0.759183 0.464511 0.764773 0.464361 0.764773 0.472116 0.830348 0.417249 0.800655 0.417188 0.800617 0.413459 0.955465 0.892629 0.959854 0.891335 0.955915 0.903204 0.738061 0.21165 0.734915 0.20823 0.763805 0.207127 0.963968 0.9605 0.962347 0.95621 0.966667 0.954288 0.774798 0.411408 0.775121 0.224188 0.778037 0.224261 0.777713 0.411914 0.778037 0.224261 0.800945 0.223805 0.788252 0.896617 0.788252 0.69804 0.808005 0.696012 0.885058 0.702139 0.895746 0.698834 0.895746 0.899544 0.859386 0.393144 0.859386 0.221382 0.86983 0.221392 0.71654 0.88647 0.71654 0.699404 0.768946 0.699147 0.874461 0.705282 0.885058 0.702139 0.885058 0.900899 0.846213 0.307653 0.846213 0.221378 0.853341 0.221377 0.721935 0.466417 0.537888 0.468097 0.537572 0.432037 0.86414 0.707939 0.874461 0.705282 0.874461 0.902092 0.735526 0.405805 0.735839 0.224564 0.750131 0.224547 0.71924 0.160839 0.535193 0.162519 0.535073 0.1489 0.835988 0.716361 0.855951 0.714693 0.855951 0.903511 0.749814 0.40813 0.750131 0.224547 0.763233 0.224358 0.73899 0.488352 0.739634 0.686285 0.717189 0.686285 0.828054 0.715789 0.828054 0.902478 0.822225 0.902512 0.853341 0.378014 0.853341 0.221377 0.859386 0.221382 0.795113 0.490801 0.795749 0.686138 0.764146 0.686244 0.944195 0.230736 0.961298 0.224646 0.961298 0.413242 0.84617 0.305578 0.846169 0.221379 0.846213 0.221378 0.62257 0.884839 0.579482 0.893519 0.579622 0.703055 0.817698 0.716738 0.822225 0.715369 0.822225 0.902512 0.762912 0.409849 0.763233 0.224358 0.775121 0.224188 0.721987 0.472277 0.537941 0.473957 0.537888 0.468097 0.835988 0.716361 0.835988 0.902432 0.828054 0.902478 0.84438 0.221382 0.84438 0.221382 0.846169 0.221379 0.579482 0.893519 0.557066 0.898025 0.557209 0.704751 0.763805 0.207127 0.734915 0.20823 0.735393 0.004887998 0.719119 0.14722 0.535073 0.1489 0.534971 0.1374 0.910874 0.403033 0.910874 0.22142 0.929831 0.221409 0.768946 0.894856 0.768946 0.699147 0.788252 0.69804 0.835523 0.20275 0.791157 0.206162 0.79163 0.004923999 0.721445 0.410011 0.537398 0.411691 0.535193 0.162519 0.8883 0.401749 0.8883 0.221405 0.910874 0.22142 0.557066 0.898025 0.534584 0.902649 0.534728 0.706564 0.791157 0.206162 0.763805 0.207127 0.764281 0.004862964 0.835523 0.20275 0.835987 0.005087971 0.839674 0.005113959 0.86983 0.401055 0.86983 0.221392 0.8883 0.221405 0.763505 0.489524 0.764146 0.686244 0.739634 0.686285 0.721618 0.430357 0.537572 0.432037 0.537398 0.411691 0.855951 0.714693 0.86414 0.707939 0.86414 0.902799 0.800617 0.413459 0.800945 0.223805 0.830348 0.221377 0.826837 0.491983 0.827469 0.685936 0.795749 0.686138 0.719017 0.13572 0.534971 0.1374 0.533839 0.009460985 0.895746 0.698834 0.905212 0.696012 0.905212 0.898462 0.447136 0.08667898 0.445591 0.05047798 0.390755 0.05491799 0.506827 0.08284395 0.504867 0.04618597 0.445591 0.05047798 0.520591 0.367704 0.457678 0.368011 0.459868 0.470122 0.516181 0.268785 0.454465 0.270402 0.454811 0.280914 0.515593 0.25661 0.510724 0.155696 0.450205 0.158625 0.457678 0.368011 0.399316 0.364699 0.400872 0.467932 0.454465 0.270402 0.397263 0.269641 0.397484 0.279878 0.450205 0.158625 0.394163 0.1604149 0.396929 0.257882 0.378587 0.090568 0.381966 0.1618 0.394163 0.1604149 0.385286 0.281263 0.387118 0.366083 0.399316 0.364699 0.384731 0.259267 0.385065 0.271026 0.397263 0.269641 0.399316 0.364699 0.387118 0.366083 0.391326 0.464304 0.384731 0.259267 0.369239 0.260958 0.369623 0.272711 0.387118 0.366083 0.369268 0.367814 0.372405 0.449116 0.369584 0.282953 0.369268 0.367814 0.387118 0.366083 0.378587 0.090568 0.363802 0.08678996 0.366056 0.163536 0.325885 0.575593 0.341955 0.596451 0.36664 0.530378 0.376887 0.05472695 0.364227 0.04811894 0.363802 0.08678996 0.390755 0.05491799 0.376887 0.05472695 0.378587 0.090568 0.510724 0.155696 0.506827 0.08284395 0.447136 0.08667898 0.450205 0.158625 0.447136 0.08667898 0.391896 0.09023195 0.01165294 0.859424 0.070984 0.905568 0.07163 0.86725 0.155974 0.34864 0.192297 0.348557 0.192337 0.322135 0.124548 0.324238 0.124351 0.348296 0.155974 0.34864 0.325885 0.575593 0.320955 0.574509 0.322059 0.598494 0.111459 0.935926 0.1532019 0.941784 0.152182 0.882928 0.152182 0.882928 0.1532019 0.941784 0.178413 0.938707 0.1511009 0.84024 0.152182 0.882928 0.180029 0.883422 0.116909 0.839878 0.114735 0.881828 0.152182 0.882928 0.106609 0.932288 0.111459 0.935926 0.114735 0.881828 0.22065 0.615428 0.220567 0.348437 0.192297 0.348557 0.2148 0.936589 0.213047 0.883754 0.180029 0.883422 0.192297 0.348557 0.220567 0.348437 0.219226 0.322005 0.180029 0.883422 0.213047 0.883754 0.2045029 0.839 0.118112 0.813187 0.116909 0.839878 0.1511009 0.84024 0.151603 0.812884 0.1511009 0.84024 0.1835049 0.840129 0.153035 0.643736 0.152131 0.784098 0.187837 0.784011 0.121833 0.643506 0.119379 0.785099 0.152131 0.784098 0.205603 0.811423 0.220742 0.782503 0.187837 0.784011 0.308443 0.596451 0.304075 0.345245 0.25963 0.346867 0.25963 0.346867 0.304075 0.345245 0.302686 0.324718 0.2400979 0.347652 0.25963 0.346867 0.259611 0.323987 0.258998 0.599702 0.25963 0.346867 0.2400979 0.347652 0.238352 0.288407 0.218145 0.289187 0.219226 0.322005 0.218145 0.289187 0.190595 0.289312 0.192337 0.322135 0.1558 0.320886 0.156036 0.289408 0.1288 0.289096 0.190595 0.289312 0.156036 0.289408 0.1558 0.320886 0.301633 0.288357 0.258559 0.287627 0.259611 0.323987 0.258934 0.625189 0.258964 0.613521 0.239809 0.621771 0.308884 0.621774 0.308682 0.610181 0.258964 0.613521 0.122168 0.616389 0.122049 0.631042 0.153367 0.631383 0.1537629 0.616732 0.153367 0.631383 0.1905969 0.631307 0.220654 0.642324 0.220654 0.630021 0.1905969 0.631307 0.217392 0.08438795 0.2215819 0.05878096 0.19349 0.05883699 0.133696 0.253558 0.1288 0.289096 0.156036 0.289408 0.341955 0.596451 0.322059 0.598494 0.323222 0.633942 0.179688 0.081694 0.192701 0.085563 0.19349 0.05883699 0.156036 0.289408 0.190595 0.289312 0.1877 0.2542 0.136012 0.22924 0.133696 0.253558 0.1584489 0.253699 0.215846 0.252985 0.1877 0.2542 0.190595 0.289312 0.1443009 0.174962 0.138329 0.204922 0.162638 0.204914 0.1601189 0.229303 0.185306 0.230058 0.182912 0.205916 0.198868 0.205072 0.182912 0.205916 0.185306 0.230058 0.161022 0.101483 0.150274 0.1450009 0.169522 0.144024 0.182855 0.174913 0.186446 0.143937 0.169522 0.144024 0.199708 0.173025 0.2155359 0.141086 0.186446 0.143937 0.324944 0.669789 0.348491 0.674046 0.347079 0.63341 0.32548 0.694288 0.349138 0.696787 0.348491 0.674046 0.327575 0.749167 0.352023 0.750451 0.349785 0.719528 0.334313 0.823573 0.355312 0.830405 0.35426 0.781374 0.338768 0.852986 0.355775 0.86865 0.355312 0.830405 0.161022 0.101483 0.175904 0.106053 0.179688 0.081694 0.186446 0.143937 0.191918 0.106962 0.175904 0.106053 0.2155359 0.141086 0.216103 0.107119 0.191918 0.106962 0.170166 0.072488 0.179688 0.081694 0.184897 0.057298 0.342896 0.882678 0.357202 0.893896 0.355775 0.86865 0.175904 0.106053 0.191918 0.106962 0.192701 0.085563 0.216103 0.107119 0.217392 0.08438795 0.192701 0.085563 0.301682 0.282452 0.25864 0.277723 0.258559 0.287627 0.23724 0.265695 0.215846 0.252985 0.218145 0.289187 0.293398 0.06951397 0.309177 0.06778496 0.307496 0.04903298 0.296636 0.09219795 0.311263 0.09073495 0.309177 0.06778496 0.309192 0.109968 0.311263 0.09073495 0.296636 0.09219795 0.266917 0.115715 0.268347 0.09155899 0.245114 0.09235298 0.850482 0.09376198 0.849367 0.1785269 0.868024 0.178592 0.850736 0.02299499 0.869742 0.02164995 0.868049 0.007886946 0.294841 0.1113 0.296636 0.09219795 0.283337 0.093378 0.283337 0.093378 0.296636 0.09219795 0.293398 0.06951397 0.280556 0.070921 0.293398 0.06951397 0.288304 0.049133 0.268957 0.07242 0.280556 0.070921 0.275796 0.04923695 0.271323 0.09467196 0.283337 0.093378 0.280556 0.070921 0.281754 0.113772 0.283337 0.093378 0.271323 0.09467196 0.797628 0.90793 0.780712 0.907183 0.781917 0.995136 0.869742 0.02164995 0.883559 0.01876598 0.881356 0.005741953 0.287394 0.03686296 0.274882 0.02923697 0.275796 0.04923695 0.305927 0.03791397 0.287394 0.03686296 0.288304 0.049133 0.869296 0.09098798 0.883759 0.08822995 0.883559 0.01876598 0.850736 0.02299499 0.850527 0.09170699 0.869296 0.09098798 0.96873 0.484675 0.968612 0.482401 0.93686 0.486201 0.983243 0.486712 0.988096 0.484385 0.968612 0.482401 0.875125 0.420024 0.872837 0.417298 0.871314 0.462588 0.42541 0.783065 0.42323 0.782859 0.425249 0.833658 0.423033 0.721825 0.420733 0.7217 0.421981 0.752279 0.421119 0.683407 0.419038 0.682932 0.419885 0.702316 0.419931 0.646898 0.418249 0.64661 0.419038 0.682932 0.420118 0.626385 0.417693 0.626315 0.418249 0.64661 0.357202 0.893896 0.424934 0.900438 0.426725 0.885995 0.355775 0.86865 0.426725 0.885995 0.425249 0.833658 0.355312 0.830405 0.425249 0.833658 0.42323 0.782859 0.35426 0.781374 0.42323 0.782859 0.421981 0.752279 0.349785 0.719528 0.420733 0.7217 0.419885 0.702316 0.348491 0.674046 0.419038 0.682932 0.418249 0.64661 0.883559 0.01876598 0.883759 0.08822995 0.896497 0.08764898 0.275796 0.04923695 0.274882 0.02923697 0.263155 0.02842396 0.266917 0.115715 0.269879 0.116014 0.271323 0.09467196 0.883559 0.01876598 0.895922 0.017708 0.893138 0.004862964 0.883759 0.08822995 0.883748 0.09030801 0.896497 0.08974099 0.518898 0.630293 0.420118 0.626385 0.419931 0.646898 0.519651 0.65065 0.419931 0.646898 0.421119 0.683407 0.52106 0.692571 0.421119 0.683407 0.422076 0.702616 0.521721 0.72371 0.423033 0.721825 0.424222 0.752445 0.523092 0.784986 0.42541 0.783065 0.427215 0.834027 0.523891 0.835983 0.427215 0.834027 0.428476 0.886527 0.988096 0.580489 0.983243 0.486712 0.96873 0.484675 0.869296 0.09098798 0.869265 0.09306198 0.883748 0.09030801 0.850527 0.09170699 0.850482 0.09376198 0.869265 0.09306198 0.347079 0.63341 0.418249 0.64661 0.417693 0.626315 0.220742 0.782503 0.220654 0.642324 0.190373 0.643661 0.311263 0.751037 0.308884 0.621774 0.258934 0.625189 0.25868 0.756671 0.258934 0.625189 0.239794 0.633757 0.122049 0.631042 0.121833 0.643506 0.153035 0.643736 0.153367 0.631383 0.153035 0.643736 0.190373 0.643661 0.155974 0.34864 0.1537629 0.616732 0.190856 0.616655 0.124351 0.348296 0.122168 0.616389 0.1537629 0.616732 0.258964 0.613521 0.258998 0.599702 0.2398239 0.607565 0.308682 0.610181 0.308443 0.596451 0.258998 0.599702 0.220654 0.630021 0.22065 0.615428 0.190856 0.616655 0.381966 0.1618 0.366056 0.163536 0.369239 0.260958 0.381966 0.1618 0.384731 0.259267 0.396929 0.257882 0.454006 0.258369 0.396929 0.257882 0.397263 0.269641 0.515593 0.25661 0.454006 0.258369 0.454465 0.270402 0.369623 0.272711 0.369584 0.282953 0.385286 0.281263 0.385065 0.271026 0.385286 0.281263 0.397484 0.279878 0.454811 0.280914 0.397484 0.279878 0.399316 0.364699 0.516656 0.279438 0.454811 0.280914 0.457678 0.368011 0.005022943 0.623637 0.004845976 0.63385 0.122049 0.631042 0.121833 0.643506 0.122049 0.631042 0.004845976 0.63385 0.1041949 0.960035 0.108867 0.9612 0.111459 0.935926 0.01368099 0.892773 0.06985098 0.937322 0.070984 0.905568 0.37821 0.02010798 0.372128 0.01412695 0.364227 0.04811894 0.111459 0.935926 0.108867 0.9612 0.152209 0.961576 0.637571 0.59122 0.706771 0.592607 0.706848 0.553025 0.445591 0.05047798 0.444831 0.009087979 0.389994 0.01352798 0.504867 0.04618597 0.502211 0.004862964 0.444831 0.009087979 0.390755 0.05491799 0.389994 0.01352798 0.37821 0.02010798 0.99496 0.232629 0.995 0.177473 0.9918 0.177613 0.995 0.290796 0.99496 0.232629 0.99176 0.232769 0.570682 0.689444 0.583272 0.691974 0.582855 0.689213 0.551739 0.591207 0.583114 0.590064 0.574491 0.548839 0.612911 0.590697 0.637571 0.59122 0.632642 0.551716 0.545275 0.591405 0.551739 0.591207 0.540836 0.547732 0.06985098 0.937322 0.1041949 0.960035 0.106609 0.932288 0.070984 0.905568 0.106609 0.932288 0.10957 0.880081 0.606729 0.495883 0.606672 0.484168 0.574932 0.484657 0.706296 0.496135 0.705872 0.483845 0.63294 0.483763 0.487035 0.938035 0.490925 0.938047 0.490925 0.91126 0.606729 0.495883 0.574948 0.495677 0.57472 0.522258 0.908951 0.682505 0.90815 0.611612 0.883666 0.614161 0.907333 0.553409 0.907497 0.511955 0.883013 0.514503 0.947298 0.948274 0.959529 0.942518 0.948515 0.924467 0.907497 0.511955 0.907762 0.492347 0.884388 0.491581 0.90778 0.585256 0.907333 0.553409 0.88285 0.555957 0.914788 0.512696 0.920145 0.513241 0.920869 0.49363 0.944473 0.957735 0.942397 0.964686 0.962347 0.95621 0.914625 0.55415 0.919982 0.554695 0.920145 0.513241 0.916242 0.683246 0.921599 0.683792 0.920798 0.612899 0.925401 0.512762 0.927168 0.494856 0.920869 0.49363 0.90815 0.611612 0.915441 0.612354 0.915072 0.585998 0.948982 0.968673 0.963968 0.9605 0.962347 0.95621 0.925581 0.55446 0.925401 0.512762 0.920145 0.513241 0.927168 0.683621 0.926367 0.612728 0.920798 0.612899 0.461542 0.911801 0.461544 0.984145 0.464995 0.983922 0.45185 0.910166 0.447975 0.910165 0.447973 0.983915 0.926367 0.612728 0.925997 0.586372 0.920429 0.586543 0.915441 0.612354 0.920798 0.612899 0.920429 0.586543 0.90815 0.611612 0.90778 0.585256 0.883296 0.587804 0.633031 0.496054 0.606729 0.495883 0.606519 0.523148 0.633031 0.496054 0.63294 0.483763 0.606672 0.484168 0.583114 0.590064 0.612911 0.590697 0.606309 0.550413 0.908951 0.682505 0.916242 0.683246 0.915441 0.612354 0.907333 0.553409 0.914625 0.55415 0.914788 0.512696 0.947298 0.948274 0.944473 0.957735 0.961153 0.950411 0.90778 0.585256 0.915072 0.585998 0.914625 0.55415 0.907497 0.511955 0.914788 0.512696 0.915318 0.493086 0.919982 0.554695 0.914625 0.55415 0.915072 0.585998 0.919982 0.554695 0.920429 0.586543 0.925997 0.586372 0.97099 0.38287 0.974192 0.382609 0.988348 0.320387 0.986243 0.413242 0.988348 0.410798 0.979886 0.398547 0.977126 0.400043 0.979886 0.398547 0.974192 0.382609 0.973872 0.677387 0.973368 0.673998 0.947633 0.670804 0.931879 0.106289 0.920614 0.03856396 0.916721 0.03814196 0.905143 0.451278 0.909264 0.450502 0.909264 0.418964 0.946145 0.673947 0.947633 0.670804 0.939822 0.668264 0.920614 0.03856396 0.932226 0.02143096 0.929233 0.019683 0.932226 0.02143096 0.945399 0.007676959 0.943426 0.004862964 0.2045029 0.839 0.205603 0.811423 0.185988 0.812788 0.152131 0.784098 0.151603 0.812884 0.185988 0.812788 0.119379 0.785099 0.118112 0.813187 0.151603 0.812884 0.239809 0.621771 0.2398239 0.607565 0.22065 0.615428 0.239739 0.766176 0.239794 0.633757 0.220654 0.642324 0.25864 0.277723 0.23724 0.265695 0.238352 0.288407 0.239794 0.633757 0.239809 0.621771 0.220654 0.630021 0.258559 0.287627 0.238352 0.288407 0.239414 0.323587 0.2398239 0.607565 0.2400979 0.347652 0.220567 0.348437 0.220567 0.348437 0.2400979 0.347652 0.239414 0.323587 0.52139 0.708141 0.422076 0.702616 0.423033 0.721825 0.349138 0.696787 0.419885 0.702316 0.419038 0.682932 0.422076 0.702616 0.419885 0.702316 0.420733 0.7217 0.326017 0.718787 0.349785 0.719528 0.349138 0.696787 0.204623 0.230032 0.185306 0.230058 0.1877 0.2542 0.1584489 0.253699 0.1877 0.2542 0.185306 0.230058 0.138329 0.204922 0.136012 0.22924 0.1601189 0.229303 0.522407 0.754348 0.424222 0.752445 0.42541 0.783065 0.352023 0.750451 0.421981 0.752279 0.420733 0.7217 0.424222 0.752445 0.421981 0.752279 0.42323 0.782859 0.329134 0.779548 0.35426 0.781374 0.352023 0.750451 0.198868 0.205072 0.199708 0.173025 0.182855 0.174913 0.182912 0.205916 0.182855 0.174913 0.165998 0.174792 0.150274 0.1450009 0.1443009 0.174962 0.165998 0.174792 0.244069 0.120882 0.245114 0.09235298 0.216103 0.107119 0.349145 0.512354 0.36664 0.530378 0.391326 0.464304 0.979101 0.01325798 0.979136 0.256805 0.982068 0.260419 0.993357 0.08234 0.995154 0.00533998 0.993608 0.004862964 0.743247 0.45302 0.73638 0.452066 0.736203 0.460543 0.06289297 0.40423 0.06328898 0.4065 0.107271 0.363112 0.995154 0.1645269 0.993357 0.08234 0.99176 0.08406299 0.502919 0.910165 0.500842 0.910697 0.500617 0.969552 0.118971 0.608665 0.008143961 0.617129 0.006599962 0.620454 0.743247 0.45302 0.749491 0.441965 0.735304 0.440092 0.852984 0.418536 0.851177 0.428809 0.854638 0.429791 0.887026 0.202387 0.887026 0.188319 0.877825 0.18938 0.406749 0.965125 0.403513 0.952696 0.399448 0.953938 0.405445 0.930189 0.41403 0.914702 0.408721 0.910165 0.403513 0.952696 0.401656 0.945759 0.392322 0.946426 0.925514 0.439807 0.925514 0.417298 0.918956 0.428253 0.851177 0.428809 0.847749 0.43646 0.855457 0.435149 0.794389 0.446514 0.802031 0.449155 0.802031 0.426976 0.81356 0.429332 0.811724 0.451554 0.821981 0.449341 0.852033 0.449738 0.861622 0.462578 0.860722 0.453481 0.864203 0.204186 0.864319 0.188319 0.849367 0.188916 0.749491 0.427071 0.734915 0.426976 0.735304 0.440092 0.847749 0.43646 0.852033 0.449738 0.856964 0.445052 0.886537 0.418589 0.884817 0.44082 0.895451 0.439806 0.401656 0.945759 0.405445 0.930189 0.397944 0.927586 0.41099 0.945091 0.412946 0.932792 0.405445 0.930189 0.840041 0.43777 0.847101 0.454424 0.852033 0.449738 0.847101 0.454424 0.859692 0.466572 0.861622 0.462578 0.788017 0.44341 0.794389 0.446514 0.793761 0.427951 0.847716 0.427826 0.840041 0.43777 0.847749 0.43646 0.407578 0.951454 0.41099 0.945091 0.401656 0.945759 0.416269 0.922024 0.41403 0.914702 0.405445 0.930189 0.407578 0.951454 0.403513 0.952696 0.406749 0.965125 0.847716 0.427826 0.851177 0.428809 0.852984 0.418536 0.122168 0.616389 0.120586 0.612598 0.006599962 0.620454 0.01053398 0.457842 0.01196897 0.458336 0.06289297 0.40423 0.006599962 0.620454 0.008032977 0.537317 0.006488978 0.539017 0.06246399 0.401817 0.06289297 0.40423 0.110849 0.354524 0.008032977 0.537317 0.01196897 0.458336 0.01053398 0.457842 0.1223919 0.35651 0.120586 0.612598 0.122168 0.616389 0.006400942 0.743436 0.008132994 0.744553 0.006778955 0.649101 0.983621 0.659426 0.984797 0.659776 0.984849 0.6336 0.987186 0.825565 0.984743 0.687321 0.983564 0.687645 0.108838 0.877934 0.07180398 0.86541 0.07163 0.86725 0.983674 0.63261 0.984849 0.6336 0.987186 0.592219 0.983564 0.687645 0.984743 0.687321 0.984797 0.659776 0.07180398 0.86541 0.01155894 0.819941 0.009911 0.820668 0.005013942 0.645648 0.006778955 0.649101 0.120808 0.647009 0.11388 0.879639 0.108838 0.877934 0.10957 0.880081 0.009911 0.820668 0.01155894 0.819941 0.008132994 0.744553 0.551104 0.628975 0.5527 0.629146 0.54691 0.597241 0.96428 0.790267 0.965925 0.790325 0.964879 0.766534 0.582855 0.689213 0.583435 0.687456 0.571962 0.685599 0.963199 0.76569 0.964879 0.766534 0.970293 0.696012 0.695278 0.691347 0.636329 0.691355 0.637497 0.69324 0.567871 0.68081 0.5527 0.629146 0.551104 0.628975 0.788017 0.46153 0.789644 0.47127 0.790819 0.47028 0.970293 0.848962 0.967189 0.819073 0.965586 0.819965 0.967189 0.819073 0.965925 0.790325 0.96428 0.790267 0.636329 0.691355 0.583435 0.687456 0.582855 0.689213 0.545124 0.596017 0.54691 0.597241 0.553314 0.592585 0.632837 0.523885 0.606519 0.523148 0.606309 0.550413 0.606519 0.523148 0.57472 0.522258 0.574491 0.548839 0.490925 0.964835 0.490925 0.938047 0.487035 0.938035 0.475433 0.936762 0.476612 0.937014 0.477343 0.910959 0.6431 0.865504 0.643965 0.865658 0.648985 0.831013 0.427074 0.932098 0.43828 0.910295 0.437401 0.910165 0.648078 0.89432 0.648841 0.893886 0.643965 0.865658 0.475882 0.963069 0.476612 0.937014 0.475433 0.936762 0.43828 0.970589 0.428115 0.939055 0.427024 0.939524 0.477343 0.974011 0.475882 0.963069 0.474687 0.96336 0.428115 0.939055 0.427074 0.932098 0.425961 0.932422 0.326513 0.971441 0.322799 0.946667 0.322147 0.946726 0.322147 0.946726 0.322799 0.946667 0.321497 0.910787 0.954592 0.914145 0.955915 0.903204 0.951487 0.904616 0.859386 0.393144 0.853341 0.378014 0.849092 0.380964 0.977965 0.914421 0.987203 0.966651 0.991326 0.965626 0.724849 0.431697 0.721618 0.430357 0.721935 0.466417 0.966667 0.954288 0.965486 0.948546 0.961153 0.950411 0.622704 0.888334 0.62257 0.884839 0.579482 0.893519 0.853341 0.378014 0.846213 0.307653 0.841892 0.3099 0.835523 0.20275 0.791157 0.206162 0.794865 0.209561 0.777713 0.411914 0.774798 0.411408 0.774578 0.415117 0.762574 0.413542 0.762912 0.409849 0.749814 0.40813 0.774578 0.415117 0.774798 0.411408 0.762912 0.409849 0.944195 0.230736 0.961298 0.224646 0.956796 0.221377 0.725169 0.468118 0.721935 0.466417 0.721987 0.472277 0.959529 0.942518 0.963877 0.940731 0.952972 0.922859 0.980061 0.893484 0.977965 0.914421 0.981996 0.912874 0.579185 0.897101 0.579482 0.893519 0.557066 0.898025 0.926346 0.407571 0.929831 0.404358 0.910874 0.403033 0.719119 0.14722 0.71924 0.160839 0.722447 0.159488 0.741273 0.484989 0.73899 0.488352 0.763505 0.489524 0.749344 0.411806 0.749814 0.40813 0.735526 0.405805 0.766034 0.486172 0.763505 0.489524 0.795113 0.490801 0.907199 0.406232 0.910874 0.403033 0.8883 0.401749 0.84617 0.305578 0.84438 0.221382 0.840041 0.221384 0.797957 0.487462 0.795113 0.490801 0.826837 0.491983 0.724674 0.411149 0.721445 0.410011 0.721618 0.430357 0.884399 0.404936 0.8883 0.401749 0.86983 0.401055 0.691579 0.928605 0.698086 0.922504 0.692915 0.923816 0.721987 0.007743954 0.719017 0.13572 0.722223 0.134118 0.846213 0.307653 0.84617 0.305578 0.841848 0.307805 0.556546 0.901652 0.557066 0.898025 0.534584 0.902649 0.791157 0.206162 0.763805 0.207127 0.767241 0.210535 0.71924 0.160839 0.721445 0.410011 0.724674 0.411149 0.964664 0.879157 0.968273 0.868531 0.963968 0.869597 0.865745 0.404235 0.86983 0.401055 0.859386 0.393144 0.718599 0.483763 0.71654 0.487139 0.73899 0.488352 0.965486 0.948546 0.963877 0.940731 0.959529 0.942518 0.987203 0.870517 0.980061 0.893484 0.984113 0.891727 0.800655 0.417188 0.800617 0.413459 0.777713 0.411914 0.959854 0.891335 0.964664 0.879157 0.960324 0.880329 0.719017 0.13572 0.719119 0.14722 0.722325 0.1457329 0.764773 0.472116 0.764773 0.464361 0.759183 0.464511 0.830348 0.417249 0.830016 0.41352 0.800617 0.413459 0.955915 0.903204 0.959854 0.891335 0.955465 0.892629 0.763805 0.207127 0.734915 0.20823 0.738061 0.21165 0.963968 0.9605 0.968273 0.958535 0.966667 0.954288 0.778037 0.224261 0.775121 0.224188 0.774798 0.411408 0.800945 0.223805 0.778037 0.224261 0.777713 0.411914 0.808005 0.696012 0.788252 0.69804 0.788252 0.896617 0.885058 0.702139 0.885058 0.900899 0.895746 0.899544 0.86983 0.221392 0.859386 0.221382 0.859386 0.393144 0.768946 0.699147 0.71654 0.699404 0.71654 0.88647 0.874461 0.705282 0.874461 0.902092 0.885058 0.900899 0.853341 0.221377 0.846213 0.221378 0.846213 0.307653 0.537572 0.432037 0.537888 0.468097 0.721935 0.466417 0.86414 0.707939 0.86414 0.902799 0.874461 0.902092 0.750131 0.224547 0.735839 0.224564 0.735526 0.405805 0.535073 0.1489 0.535193 0.162519 0.71924 0.160839 0.835988 0.716361 0.835988 0.902432 0.855951 0.903511 0.763233 0.224358 0.750131 0.224547 0.749814 0.40813 0.717189 0.686285 0.739634 0.686285 0.73899 0.488352 0.822225 0.902512 0.828054 0.902478 0.828054 0.715789 0.859386 0.221382 0.853341 0.221377 0.853341 0.378014 0.764146 0.686244 0.795749 0.686138 0.795113 0.490801 0.944195 0.230736 0.944195 0.413223 0.961298 0.413242 0.846213 0.221378 0.846169 0.221379 0.84617 0.305578 0.62257 0.884839 0.622704 0.702967 0.579622 0.703055 0.817698 0.716738 0.817698 0.902433 0.822225 0.902512 0.775121 0.224188 0.763233 0.224358 0.762912 0.409849 0.537888 0.468097 0.537941 0.473957 0.721987 0.472277 0.828054 0.902478 0.835988 0.902432 0.835988 0.716361 0.579482 0.893519 0.579622 0.703055 0.557209 0.704751 0.763805 0.207127 0.764281 0.004862964 0.735393 0.004887998 0.534971 0.1374 0.535073 0.1489 0.719119 0.14722 0.929831 0.221409 0.910874 0.22142 0.910874 0.403033 0.788252 0.69804 0.768946 0.699147 0.768946 0.894856 0.835523 0.20275 0.835987 0.005087971 0.79163 0.004923999 0.535193 0.162519 0.537398 0.411691 0.721445 0.410011 0.910874 0.22142 0.8883 0.221405 0.8883 0.401749 0.557066 0.898025 0.557209 0.704751 0.534728 0.706564 0.791157 0.206162 0.79163 0.004923999 0.764281 0.004862964 0.839674 0.005113959 0.835987 0.005087971 0.835523 0.20275 0.8883 0.221405 0.86983 0.221392 0.86983 0.401055 0.739634 0.686285 0.764146 0.686244 0.763505 0.489524 0.537398 0.411691 0.537572 0.432037 0.721618 0.430357 0.855951 0.714693 0.855951 0.903511 0.86414 0.902799 0.830348 0.221377 0.800945 0.223805 0.800617 0.413459 0.795749 0.686138 0.827469 0.685936 0.826837 0.491983 0.533839 0.009460985 0.534971 0.1374 0.719017 0.13572 0.895746 0.698834 0.895746 0.899544 0.905212 0.898462</float_array>
          <technique_common>
            <accessor source="#Body_Plane-mesh-map-0-array" count="4725" stride="2">
              <param name="S" type="float"/>
              <param name="T" type="float"/>
            </accessor>
          </technique_common>
        </source>
        <vertices id="Body_Plane-mesh-vertices">
          <input semantic="POSITION" source="#Body_Plane-mesh-positions"/>
        </vertices>
        <lines count="2">
          <input semantic="VERTEX" source="#Body_Plane-mesh-vertices" offset="0"/>
          <p>880 674 879 206</p>
        </lines>
        <triangles material="Body-material" count="1575">
          <input semantic="VERTEX" source="#Body_Plane-mesh-vertices" offset="0"/>
          <input semantic="NORMAL" source="#Body_Plane-mesh-normals" offset="1"/>
          <input semantic="TEXCOORD" source="#Body_Plane-mesh-map-0" offset="2" set="0"/>
          <p>0 0 0 2 1 1 3 2 2 4 3 3 3 4 4 5 5 5 7 6 6 9 7 7 6 8 8 11 9 9 13 10 10 10 11 11 14 12 12 16 13 13 17 14 14 18 15 15 8 16 16 7 17 17 20 18 18 12 19 19 11 20 20 22 21 21 16 22 22 15 23 23 23 24 24 25 25 25 1 26 26 19 27 27 27 28 28 20 29 29 21 30 30 29 31 31 22 32 32 19 33 33 30 34 34 26 35 35 29 36 36 31 37 37 32 38 38 26 39 39 33 40 40 34 41 41 26 42 42 35 43 43 27 44 44 25 45 45 36 46 46 37 47 47 39 48 48 41 49 49 38 50 50 42 51 51 37 52 52 43 53 53 2 54 54 25 25 55 42 55 56 17 56 57 0 57 58 4 3 59 16 58 60 1 59 61 0 0 62 43 60 63 44 61 64 45 62 65 47 63 66 49 64 67 46 65 68 50 66 69 49 67 70 51 68 71 50 69 72 41 70 73 40 71 74 53 72 75 55 73 76 52 74 77 53 75 78 57 76 79 54 77 80 58 78 81 56 79 82 53 80 83 60 81 84 53 82 85 52 83 86 52 84 87 62 85 88 61 86 89 48 87 90 65 88 91 63 89 92 56 90 93 67 91 94 57 92 95 48 87 96 68 93 97 64 94 98 56 95 99 69 96 100 66 97 101 70 98 102 58 99 103 60 100 104 71 101 105 59 102 106 58 103 107 73 104 108 75 105 109 76 106 110 77 107 111 76 108 112 78 109 113 75 110 114 80 111 115 72 112 116 82 113 117 84 114 118 81 115 119 82 113 120 86 116 121 83 117 122 87 118 123 85 119 124 82 113 125 87 118 126 81 115 127 89 120 128 68 93 129 91 121 130 88 122 131 47 123 132 90 124 133 68 93 134 46 125 135 93 126 136 94 127 137 46 65 138 92 128 139 47 63 140 85 129 141 96 130 142 86 116 143 98 131 144 100 132 145 97 133 146 99 134 147 102 135 148 100 136 149 103 137 150 105 138 151 106 139 152 104 140 153 107 141 154 105 142 155 107 143 156 109 144 157 74 145 158 110 146 159 112 147 160 113 148 161 114 149 162 94 150 163 93 151 164 93 152 165 40 153 166 116 154 167 117 155 168 112 156 169 111 157 170 94 158 171 119 159 172 92 160 173 120 161 174 115 162 175 114 163 176 92 164 177 122 165 178 90 166 179 123 167 180 125 168 181 126 169 182 121 170 183 127 171 184 128 172 185 128 173 186 130 174 187 129 175 188 131 176 189 133 177 190 134 178 191 133 179 192 136 180 193 124 181 194 137 182 195 135 183 196 138 184 197 116 185 198 114 186 199 93 187 200 120 188 201 139 189 202 140 190 203 123 191 204 141 192 205 142 193 206 131 194 207 143 195 208 144 196 209 145 197 210 144 198 211 146 199 212 117 200 213 131 201 214 145 202 215 132 203 216 135 204 217 133 205 218 138 206 219 147 207 220 148 208 221 118 209 222 145 210 223 149 211 224 149 212 225 146 213 226 150 214 227 132 215 228 111 216 229 147 217 230 148 218 231 111 219 232 110 220 233 95 221 234 152 222 235 96 130 236 90 223 237 153 224 238 91 225 239 154 226 240 156 227 241 157 228 242 158 229 243 157 230 244 159 231 245 158 232 246 161 233 247 160 234 248 163 235 249 165 236 250 162 237 251 166 238 252 168 239 253 169 240 254 171 241 255 173 242 256 170 243 257 175 244 258 160 245 259 174 246 260 175 247 261 154 248 262 158 229 263 176 249 264 155 250 265 154 251 266 178 252 267 177 253 268 176 254 269 180 255 270 176 256 271 175 257 272 180 258 273 174 259 274 181 260 275 182 261 276 168 262 277 167 263 278 184 264 279 172 265 280 171 266 281 177 267 282 171 268 283 155 269 284 155 270 285 170 271 286 156 272 287 185 273 288 187 274 289 172 275 290 173 276 291 187 277 292 188 278 293 190 279 294 192 280 295 189 281 296 191 282 297 194 283 298 192 284 299 193 285 300 196 286 301 194 287 302 195 288 303 198 289 304 196 290 305 200 291 306 202 292 307 199 293 308 204 294 309 206 295 310 203 296 311 205 297 312 208 298 313 206 299 314 207 300 315 210 301 316 208 302 317 193 303 318 150 304 319 146 305 320 195 306 321 146 307 322 144 308 323 197 309 324 144 310 325 143 311 326 200 312 327 143 313 328 142 314 329 204 315 330 141 316 331 140 317 332 207 318 333 139 319 334 116 320 335 185 321 336 212 322 337 186 323 338 177 324 339 213 325 340 184 326 341 165 327 342 180 328 343 181 329 344 213 330 345 185 331 346 184 332 347 186 333 348 214 334 349 182 335 350 208 336 351 216 337 352 215 338 353 206 339 354 215 340 355 217 341 356 203 342 357 217 343 358 218 344 359 199 345 360 220 346 361 219 347 362 196 348 363 222 349 364 221 350 365 194 351 366 221 352 367 223 353 368 192 354 369 223 355 370 224 356 371 187 357 372 182 358 373 167 359 374 188 360 375 167 361 376 166 238 377 209 362 378 116 363 379 40 364 380 74 365 381 79 366 382 75 367 383 100 368 384 226 369 385 225 370 386 97 371 387 225 370 388 227 372 389 106 373 390 73 374 391 77 107 392 105 375 393 74 376 394 73 104 395 49 64 396 63 377 397 104 140 398 51 68 399 104 378 400 103 137 401 89 120 402 99 379 403 98 380 404 81 115 405 101 381 406 99 134 407 63 89 408 108 382 409 107 383 410 24 384 411 32 38 412 36 385 413 22 32 414 24 386 415 23 387 416 21 388 417 15 23 418 12 389 419 12 390 420 14 12 421 13 391 422 27 392 423 31 37 424 28 393 425 20 29 426 28 394 427 21 395 428 19 396 429 11 20 430 8 397 431 8 398 432 10 11 433 9 399 434 35 400 435 106 401 436 31 402 437 77 403 438 31 402 439 106 401 440 55 404 441 229 405 442 62 406 443 45 407 444 231 408 445 43 409 446 43 410 447 232 411 448 42 412 449 233 413 450 55 414 451 54 415 452 234 416 453 236 417 454 237 418 455 3 419 456 238 420 457 239 421 458 5 422 459 239 423 460 240 424 461 2 425 462 232 426 463 238 427 464 238 428 465 242 429 466 239 430 467 239 431 468 243 432 469 240 433 470 241 434 471 232 435 472 244 436 473 232 437 474 231 437 475 244 437 476 245 438 477 247 439 478 248 440 479 249 441 480 235 442 481 234 443 482 228 444 483 246 445 484 245 446 485 62 447 486 230 448 487 45 449 488 61 450 489 45 451 490 44 452 491 228 453 492 245 453 493 229 453 494 251 454 495 253 455 496 254 456 497 255 457 498 257 458 499 258 459 500 259 460 501 260 461 502 261 462 503 263 463 504 251 464 505 262 465 506 265 466 507 267 467 508 264 468 509 269 469 510 271 470 511 268 471 512 273 472 513 275 473 514 272 474 515 272 475 516 270 476 517 269 477 518 268 478 519 277 479 520 276 480 521 278 481 522 280 482 523 281 483 524 279 484 525 283 485 526 280 486 527 284 487 528 281 488 529 285 489 530 286 490 531 288 491 532 289 492 533 280 493 534 291 494 535 281 495 536 266 496 537 292 497 538 287 498 539 283 499 540 290 500 541 280 501 542 281 502 543 294 503 544 285 504 545 288 505 546 296 506 547 289 507 548 255 508 549 260 509 550 256 510 551 236 511 552 298 512 553 299 513 554 300 514 555 295 515 556 288 516 557 287 498 558 300 517 559 288 518 560 276 480 561 266 519 562 265 520 563 262 465 564 256 521 565 259 522 566 256 523 567 254 456 568 257 524 569 248 525 570 250 526 571 249 527 572 267 528 573 287 529 574 286 490 575 271 530 576 278 531 577 284 487 578 275 532 579 282 533 580 279 534 581 277 535 582 284 536 583 292 497 584 270 537 585 279 538 586 278 481 587 285 539 588 292 497 589 284 536 590 301 540 591 285 541 592 294 542 593 150 543 594 302 544 595 303 545 596 118 546 597 304 547 598 305 548 599 149 549 600 303 550 601 304 551 602 113 552 603 306 553 604 307 554 605 308 555 606 310 556 607 190 557 608 191 558 609 310 559 610 302 560 611 112 561 612 305 562 613 306 563 614 311 564 615 309 565 616 308 566 617 113 567 618 312 568 619 311 569 620 72 570 621 69 571 622 59 572 623 76 106 624 72 573 625 71 101 626 78 574 627 71 575 628 70 98 629 65 576 630 98 380 631 108 577 632 109 578 633 227 372 634 79 579 635 91 580 636 151 581 637 95 582 638 108 583 639 97 133 640 109 584 641 88 122 642 95 585 643 85 119 644 64 586 645 89 120 646 65 576 647 64 586 648 88 122 649 87 118 650 202 587 651 218 344 652 220 346 653 205 588 654 140 589 655 139 590 656 201 591 657 203 592 658 202 593 659 126 594 660 140 595 661 141 596 662 119 597 663 129 598 664 122 599 665 115 600 666 128 172 667 119 159 668 126 601 669 121 602 670 120 603 671 198 604 672 219 347 673 222 605 674 201 606 675 142 314 676 141 316 677 197 607 678 199 608 679 198 609 680 134 610 681 142 193 682 143 611 683 130 612 684 136 613 685 137 614 686 124 181 687 127 615 688 125 616 689 134 617 690 124 618 691 123 167 692 148 619 693 162 620 694 138 621 695 30 622 696 38 623 697 33 624 698 314 625 699 316 626 700 313 627 701 318 628 702 320 629 703 317 630 704 51 631 705 322 632 706 41 633 707 323 634 708 325 635 709 326 636 710 317 630 711 328 637 712 327 638 713 318 639 714 326 640 715 319 641 716 327 642 717 315 643 718 314 644 719 322 645 720 329 646 721 330 647 722 313 648 723 331 649 724 332 650 725 316 651 726 333 652 727 331 653 728 324 654 729 322 655 730 334 656 731 335 657 732 337 658 733 338 659 734 334 660 735 330 661 736 339 662 737 333 663 738 341 664 739 331 665 740 332 666 741 341 667 742 342 668 743 338 669 744 344 670 745 345 671 746 347 672 747 344 673 748 346 674 749 348 675 750 344 676 751 343 677 752 336 678 753 350 679 754 337 680 755 329 681 756 336 682 757 330 683 758 342 684 759 346 685 760 348 686 761 340 687 762 346 688 763 341 689 764 339 690 765 336 691 766 335 692 767 340 693 768 335 694 769 347 695 770 329 696 771 348 697 772 349 698 773 349 699 774 343 700 775 350 701 776 337 702 777 343 703 778 338 704 779 321 705 780 342 706 781 329 707 782 333 708 783 339 709 784 340 710 785 335 711 786 345 712 787 347 713 788 324 714 789 333 715 790 325 716 791 313 717 792 321 718 793 51 719 794 103 720 795 327 721 796 314 722 797 33 723 798 323 724 799 318 725 800 34 726 801 327 727 802 35 728 803 38 729 804 324 730 805 323 731 806 33 732 807 317 733 808 34 734 809 103 735 810 313 736 811 51 737 812 36 738 813 351 739 814 352 740 815 70 741 816 353 742 817 354 743 818 78 744 819 356 745 820 77 746 821 44 747 822 358 748 823 61 749 824 60 750 825 359 751 826 353 752 827 78 744 828 354 743 829 355 753 830 37 754 831 357 755 832 44 756 833 32 757 834 356 758 835 351 759 836 61 749 837 359 760 838 52 761 839 37 762 840 352 740 841 360 763 842 230 764 843 361 765 844 362 766 845 249 767 846 363 768 847 364 769 848 241 770 849 365 771 850 366 772 851 234 773 852 367 774 853 363 775 854 242 776 855 369 777 856 243 778 857 230 779 858 370 780 859 231 781 860 231 782 861 365 783 862 244 784 863 248 785 864 372 786 865 245 787 866 249 767 867 371 788 868 248 785 869 241 789 870 368 790 871 242 791 872 229 792 873 372 793 874 361 794 875 250 795 876 259 522 877 235 796 878 247 797 879 262 465 880 250 795 881 259 460 882 298 798 883 235 799 884 263 800 885 373 801 886 374 802 887 375 803 888 376 804 889 377 805 890 54 806 891 379 807 892 233 808 893 67 809 894 377 810 895 380 811 896 263 800 897 381 812 898 252 813 899 246 814 900 373 815 901 247 816 902 252 817 903 376 818 904 253 819 905 233 820 906 382 821 907 246 822 908 57 823 909 378 824 910 54 825 911 57 826 912 380 827 913 383 828 914 385 829 915 387 830 916 384 831 917 173 832 918 389 833 919 170 834 920 226 835 921 391 836 922 225 837 923 86 838 924 392 839 925 393 840 926 282 841 927 395 842 928 283 843 929 152 844 930 396 845 931 397 846 932 188 847 933 388 848 934 173 849 935 69 850 936 400 851 937 66 852 938 181 853 939 402 854 940 165 855 941 174 856 942 403 857 943 404 858 944 181 859 945 404 858 946 401 860 947 293 861 948 406 862 949 290 863 950 96 864 951 397 865 952 392 866 953 274 867 954 407 868 955 408 869 956 225 870 957 409 871 958 227 872 959 151 873 960 410 874 961 396 875 962 161 876 963 411 877 964 412 878 965 84 879 966 414 880 967 101 881 968 129 882 969 415 883 970 416 884 971 160 885 972 412 886 973 403 887 974 130 888 975 417 889 976 415 890 977 159 891 978 418 892 979 411 893 980 169 894 981 420 895 982 166 896 983 137 897 984 421 898 985 417 899 986 83 900 987 393 901 988 422 902 989 157 903 990 423 904 991 418 892 992 66 905 993 425 906 994 424 907 995 102 908 996 390 909 997 226 910 998 166 896 999 398 911 1000 188 912 1001 153 913 1002 427 914 1003 410 915 1004 80 916 1005 399 917 1006 69 918 1007 83 919 1008 413 920 1009 84 879 1010 424 921 1011 430 922 1012 429 923 1013 156 924 1014 389 925 1015 423 926 1016 122 927 1017 416 928 1018 427 929 1019 274 930 1020 394 931 1021 282 841 1022 227 932 1023 431 933 1024 79 934 1025 162 935 1026 402 936 1027 432 937 1028 429 938 1029 434 939 1030 433 940 1031 101 881 1032 426 941 1033 102 908 1034 384 942 1035 407 943 1036 273 944 1037 138 945 1038 432 946 1039 421 947 1040 433 948 1041 386 949 1042 385 950 1043 79 951 1044 428 952 1045 80 953 1046 293 954 1047 395 955 1048 405 956 1049 401 957 1050 436 958 1051 402 957 1052 402 959 1053 437 960 1054 432 961 1055 409 962 1056 439 963 1057 431 964 1058 434 965 1059 440 966 1060 441 966 1061 389 967 1062 443 968 1063 423 969 1064 390 970 1065 445 971 1066 391 972 1067 386 973 1068 441 974 1069 446 975 1070 398 976 1071 448 977 1072 388 978 1073 392 979 1074 450 980 1075 393 979 1076 387 981 1077 446 982 1078 451 983 1079 412 984 1080 453 985 1081 403 986 1082 413 987 1083 455 988 1084 414 989 1085 408 990 1086 456 991 1087 457 992 1088 403 993 1089 458 994 1090 404 995 1091 416 996 1092 460 997 1093 427 996 1094 394 998 1095 462 999 1096 395 1000 1097 388 1001 1098 442 1002 1099 389 967 1100 417 1003 1101 464 1004 1102 415 1005 1103 406 1006 1104 465 1007 1105 466 1008 1106 420 1009 1107 447 1010 1108 398 1011 1109 397 1012 1110 468 1013 1111 469 1014 1112 405 1015 1113 462 1015 1114 465 1015 1115 404 995 1116 435 1016 1117 401 1017 1118 397 1018 1119 449 1018 1120 392 1018 1121 408 1019 1122 461 1020 1123 394 998 1124 419 1021 1125 467 1021 1126 420 1021 1127 396 1022 1128 471 1023 1129 468 1024 1130 428 1025 1131 439 1026 1132 472 1027 1133 414 989 1134 473 1028 1135 426 1029 1136 411 877 1137 452 1030 1138 412 878 1139 391 1031 1140 438 1032 1141 409 1033 1142 400 1034 1143 475 1035 1144 476 1036 1145 422 1037 1146 454 1038 1147 413 987 1148 418 1039 1149 474 1040 1150 411 1041 1151 410 1042 1152 460 1043 1153 471 1044 1154 399 1045 1155 472 1046 1156 475 1047 1157 400 1048 1158 479 1049 1159 425 1050 1160 423 1051 1161 478 1052 1162 418 1039 1163 415 1053 1164 459 1054 1165 416 1053 1166 393 1055 1167 477 1056 1168 422 1057 1169 407 1058 1170 451 1059 1171 456 1060 1172 432 1061 1173 480 1062 1174 421 1063 1175 421 1064 1176 463 1065 1177 417 1066 1178 426 1029 1179 444 1067 1180 390 1068 1181 430 1069 1182 479 1070 1183 440 1071 1184 481 1072 1185 483 1073 1186 484 1074 1187 4 3 1188 482 1075 1189 481 1076 1190 9 1077 1191 486 1078 1192 6 1079 1193 13 10 1194 488 1080 1195 10 11 1196 14 12 1197 489 1081 1198 490 1082 1199 485 1083 1200 492 1084 1201 486 1085 1202 487 1086 1203 494 1087 1204 488 1088 1205 489 1089 1206 496 1090 1207 490 1091 1208 497 1092 1209 495 1093 1210 484 1094 1211 499 1095 1212 491 1096 1213 494 1097 1214 501 1098 1215 493 1099 1216 496 1100 1217 491 1101 1218 503 1102 1219 492 1103 1220 501 1104 1221 505 1105 1222 502 1106 1223 500 1107 1224 507 1108 1225 503 1109 1226 508 1110 1227 500 1111 1228 499 1112 1229 497 1113 1230 510 1114 1231 498 1115 1232 512 1116 1233 514 1117 1234 511 1118 1235 515 1119 1236 509 1120 1237 497 1121 1238 483 1122 1239 497 1092 1240 484 1094 1241 17 56 1242 481 1076 1243 489 1123 1244 489 1124 1245 484 1074 1246 495 1125 1247 516 1126 1248 518 1127 1249 509 1128 1250 520 1129 1251 522 1130 1252 519 1131 1253 523 1132 1254 520 1133 1255 519 1134 1256 512 1135 1257 523 1136 1258 513 1137 1259 526 1138 1260 528 1139 1261 525 1140 1262 528 1141 1263 529 1142 1264 530 1143 1265 531 1144 1266 530 1145 1267 532 1146 1268 533 1147 1269 528 1148 1270 531 1149 1271 535 1150 1272 525 1151 1273 534 1152 1274 537 1153 1275 521 1154 1276 536 1155 1277 539 1156 1278 530 1157 1279 529 1158 1280 521 1154 1281 541 1159 1282 522 1160 1283 530 1161 1284 542 1162 1285 532 1163 1286 543 1164 1287 531 1165 1288 544 1166 1289 544 1167 1290 532 1168 1291 545 1169 1292 546 1170 1293 548 1171 1294 549 1172 1295 550 1173 1296 547 1174 1297 546 1175 1298 552 1176 1299 548 1177 1300 545 1178 1301 555 1179 1302 557 1180 1303 554 1181 1304 557 1180 1305 558 1182 1306 559 1183 1307 560 1184 1308 559 1185 1309 561 1186 1310 554 1181 1311 560 1184 1312 562 1187 1313 563 1188 1314 541 1159 1315 561 1186 1316 564 1189 1317 522 1160 1318 541 1159 1319 519 1190 1320 567 1191 1321 523 1192 1322 565 1193 1323 519 1131 1324 522 1130 1325 568 1194 1326 559 1183 1327 558 1182 1328 571 1195 1329 573 1196 1330 570 1197 1331 574 1198 1332 572 1199 1333 571 1200 1334 576 1201 1335 578 1202 1336 579 1203 1337 579 1204 1338 580 1205 1339 536 1206 1340 581 1207 1341 580 1208 1342 549 1209 1343 583 1210 1344 585 1211 1345 586 1212 1346 587 1213 1347 566 1214 1348 588 1215 1349 513 1216 1350 567 1217 1351 589 1218 1352 590 1219 1353 585 1220 1354 591 1221 1355 566 1222 1356 592 1223 1357 588 1224 1358 593 1225 1359 588 1226 1360 594 1227 1361 595 1228 1362 565 1229 1363 564 1230 1364 596 1231 1365 598 1232 1366 599 1233 1367 594 1234 1368 601 1235 1369 598 1236 1370 603 1237 1371 600 1238 1372 602 1239 1373 604 1240 1374 606 1241 1375 607 1242 1376 608 1243 1377 606 1244 1378 599 1245 1379 610 1246 1380 609 1247 1381 608 1248 1382 587 1249 1383 589 1250 1384 567 1251 1385 593 1252 1386 612 1253 1387 587 1249 1388 596 1254 1389 615 1255 1390 597 1256 1391 604 1257 1392 617 1258 1393 605 1259 1394 618 1260 1395 616 1261 1396 604 1262 1397 604 1263 1398 590 1264 1399 618 1265 1400 609 1266 1401 607 1267 1402 606 1268 1403 611 1269 1404 620 1270 1405 609 1271 1406 618 1272 1407 591 1273 1408 622 1274 1409 622 1275 1410 619 1276 1411 618 1277 1412 607 1278 1413 586 1279 1414 590 1280 1415 621 1281 1416 586 1282 1417 620 1283 1418 624 1284 1419 569 1285 1420 568 1194 1421 626 1286 1422 564 1287 1423 563 1288 1424 627 1289 1425 629 1290 1426 630 1291 1427 631 1292 1428 628 1293 1429 627 1294 1430 634 1295 1431 631 1296 1432 633 1297 1433 636 1298 1434 638 1299 1435 635 1300 1436 639 1301 1437 168 1302 1438 640 1303 1439 642 1304 1440 644 1305 1441 641 1306 1442 633 1307 1443 646 1308 1444 645 1309 1445 646 1310 1446 627 1294 1447 647 1311 1448 647 1312 1449 630 1313 1450 648 1314 1451 649 1315 1452 648 1316 1453 650 1317 1454 651 1318 1455 647 1319 1456 649 1320 1457 645 1321 1458 651 1322 1459 652 1323 1460 168 1324 1461 653 1325 1462 640 1326 1463 643 1327 1464 655 1328 1465 644 1329 1466 644 1330 1467 648 1331 1468 630 1332 1469 641 1333 1470 630 1334 1471 629 1335 1472 656 1336 1473 654 1337 1474 643 1338 1475 642 1339 1476 656 1340 1477 643 1341 1478 660 1342 1479 662 1343 1480 659 1344 1481 663 1345 1482 661 1346 1483 660 1347 1484 665 1348 1485 664 1349 1486 663 1350 1487 667 1351 1488 666 1352 1489 665 1353 1490 670 1354 1491 672 1355 1492 669 1356 1493 674 1357 1494 676 1358 1495 673 1359 1496 677 1360 1497 675 1361 1498 674 1362 1499 679 1363 1500 678 1364 1501 677 1365 1502 623 1366 1503 664 1367 1504 619 1368 1505 619 1369 1506 666 1370 1507 616 1371 1508 616 1372 1509 668 1373 1510 617 1374 1511 617 1375 1512 672 1376 1513 614 1377 1514 615 1378 1515 676 1379 1516 613 1380 1517 612 1381 1518 678 1382 1519 589 1383 1520 654 1384 1521 681 1385 1522 682 1386 1523 648 1387 1524 683 1388 1525 650 1389 1526 636 1390 1527 651 1391 1528 637 1392 1529 654 1393 1530 683 1394 1531 655 1395 1532 657 1396 1533 684 1397 1534 681 1398 1535 216 1399 1536 677 1400 1537 215 1401 1538 215 1402 1539 674 1403 1540 217 1404 1541 217 1405 1542 673 1406 1543 218 1407 1544 220 1408 1545 669 1409 1546 219 1410 1547 222 1411 1548 665 1412 1549 221 1413 1550 221 1414 1551 663 1415 1552 223 1416 1553 223 1417 1554 660 1418 1555 224 1419 1556 656 1420 1557 653 1421 1558 657 1422 1559 658 1423 1560 640 1303 1561 656 1424 1562 589 1425 1563 680 1426 1564 513 1427 1565 553 1428 1566 549 1429 1567 548 1430 1568 686 1431 1569 571 1432 1570 685 1433 1571 685 1433 1572 570 1434 1573 687 1435 1574 577 1436 1575 546 1175 1576 578 1437 1577 578 1438 1578 549 1172 1579 580 1439 1580 520 1129 1581 536 1206 1582 521 1440 1583 524 1441 1584 579 1203 1585 520 1133 1586 572 1442 1587 562 1187 1588 573 1196 1589 575 1443 1590 554 1181 1591 572 1199 1592 582 1444 1593 536 1155 1594 580 1445 1595 498 1446 1596 504 1447 1597 501 1104 1598 498 1448 1599 496 1100 1600 495 1449 1601 490 1091 1602 493 1450 1603 487 1451 1604 14 12 1605 487 1452 1606 13 391 1607 505 1105 1608 499 1453 1609 502 1106 1610 502 1454 1611 494 1097 1612 493 1455 1613 488 1088 1614 491 1456 1615 485 1457 1616 10 11 1617 485 1458 1618 9 399 1619 508 1459 1620 577 1460 1621 576 1461 1622 550 1462 1623 505 1463 1624 504 1464 1625 688 1465 1626 526 1466 1627 535 1467 1628 690 1468 1629 517 1469 1630 516 1470 1631 692 1471 1632 516 1472 1633 515 1473 1634 526 1474 1635 693 1475 1636 527 1476 1637 694 1477 1638 236 417 1639 695 1478 1640 482 1479 1641 697 1480 1642 483 1481 1643 5 422 1644 696 1482 1645 482 1483 1646 483 1484 1647 692 1485 1648 515 1486 1649 698 1487 1650 697 1488 1651 696 1489 1652 243 1490 1653 696 1491 1654 240 1492 1655 692 1493 1656 699 1494 1657 700 1495 1658 692 1496 1659 700 1496 1660 690 1496 1661 701 1497 1662 703 1498 1663 704 1499 1664 705 1500 1665 695 1501 1666 706 1502 1667 689 1503 1668 704 1504 1669 693 1505 1670 691 1506 1671 535 1507 1672 517 1508 1673 517 1509 1674 534 1510 1675 518 1511 1676 689 1512 1677 688 1512 1678 701 1512 1679 707 1513 1680 709 1514 1681 710 1515 1682 255 457 1683 711 1516 1684 712 1517 1685 713 1518 1686 715 1519 1687 712 1520 1688 707 1521 1689 717 1522 1690 716 1523 1691 267 1524 1692 719 1525 1693 264 1526 1694 721 1527 1695 723 1528 1696 720 1529 1697 725 1530 1698 727 1531 1699 724 1532 1700 722 1533 1701 724 1534 1702 723 1535 1703 729 1536 1704 720 1537 1705 728 1538 1706 730 1539 1707 732 1540 1708 733 1541 1709 733 1542 1710 734 1543 1711 735 1544 1712 736 1545 1713 731 1546 1714 730 1547 1715 286 1548 1716 738 1549 1717 739 1550 1718 740 1551 1719 732 1552 1720 731 1553 1721 718 1554 1722 742 1555 1723 729 1556 1724 741 1557 1725 734 1558 1726 732 1559 1727 744 1560 1728 731 1561 1729 737 1562 1730 296 1563 1731 738 1564 1732 289 1565 1733 715 1566 1734 255 508 1735 712 1567 1736 236 1568 1737 746 1569 1738 695 1570 1739 745 1571 1740 748 1572 1741 738 1573 1742 739 1574 1743 748 1575 1744 742 1555 1745 718 1576 1746 728 1538 1747 719 1577 1748 712 1578 1749 716 1523 1750 713 1579 1751 712 1580 1752 708 1581 1753 707 1513 1754 702 1582 1755 706 1583 1756 703 1584 1757 267 1585 1758 739 1550 1759 718 1586 1760 721 1587 1761 730 1547 1762 722 1588 1763 725 1589 1764 735 1590 1765 726 1591 1766 729 1556 1767 736 1592 1768 721 1593 1769 722 1594 1770 733 1541 1771 725 1595 1772 737 1596 1773 742 1555 1774 748 1575 1775 737 1597 1776 747 1598 1777 744 1599 1778 623 1600 1779 750 1601 1780 661 1602 1781 591 1603 1782 752 1604 1783 622 1605 1784 622 1606 1785 749 1607 1786 623 1608 1787 584 1609 1788 754 1610 1789 585 1611 1790 755 1612 1791 757 1613 1792 662 1614 1793 661 1615 1794 755 1616 1795 662 1617 1796 585 1618 1797 751 1619 1798 591 1620 1799 756 1621 1800 759 1622 1801 757 1623 1802 758 1624 1803 584 1625 1804 759 1626 1805 542 1627 1806 545 1628 1807 532 1629 1808 547 1630 1809 545 1169 1810 548 1171 1811 551 1631 1812 544 1166 1813 547 1632 1814 573 1196 1815 537 1633 1816 582 1634 1817 687 1435 1818 581 1635 1819 553 1636 1820 625 1637 1821 563 1638 1822 569 1639 1823 570 1640 1824 582 1641 1825 581 1642 1826 569 1643 1827 561 1186 1828 559 1185 1829 562 1187 1830 538 1644 1831 537 1633 1832 538 1645 1833 561 1186 1834 541 1159 1835 218 1407 1836 670 1646 1837 220 1408 1838 613 1647 1839 675 1648 1840 612 1649 1841 673 1650 1842 671 1651 1843 670 1652 1844 597 1653 1845 613 1654 1846 593 1655 1847 602 1656 1848 592 1657 1849 595 1658 1850 588 1224 1851 600 1659 1852 594 1234 1853 597 1660 1854 594 1661 1855 598 1662 1856 219 1410 1857 667 1663 1858 222 1664 1859 614 1377 1860 671 1665 1861 615 1378 1862 669 1666 1863 668 1667 1864 667 1668 1865 605 1669 1866 614 1670 1867 596 1254 1868 603 1671 1869 608 1672 1870 601 1673 1871 601 1674 1872 599 1245 1873 598 1675 1874 605 1676 1875 599 1233 1876 606 1677 1877 635 1678 1878 621 1679 1879 611 1680 1880 511 1681 1881 503 1682 1882 507 1683 1883 761 1684 1884 763 1685 1885 760 1686 1886 765 1687 1887 767 1688 1888 764 1689 1889 768 1690 1890 524 1691 1891 512 1692 1892 770 1693 1893 772 1694 1894 773 1695 1895 775 1696 1896 764 1689 1897 774 1697 1898 767 1698 1899 771 1699 1900 770 1700 1901 762 1701 1902 774 1702 1903 763 1703 1904 768 1704 1905 777 1705 1906 769 1706 1907 760 1707 1908 779 1708 1909 761 1709 1910 761 1710 1911 780 1711 1912 772 1712 1913 773 1713 1914 768 1714 1915 512 1715 1916 782 1716 1917 784 1717 1918 785 1718 1919 781 1719 1920 776 1720 1921 768 1721 1922 787 1722 1923 780 1723 1924 779 1724 1925 778 1725 1926 787 1726 1927 779 1727 1928 783 1728 1929 791 1729 1930 792 1730 1931 791 1731 1932 794 1732 1933 793 1733 1934 795 1734 1935 791 1735 1936 793 1736 1937 785 1737 1938 796 1738 1939 797 1739 1940 785 1740 1941 777 1741 1942 776 1742 1943 789 1743 1944 793 1744 1945 787 1745 1946 793 1746 1947 788 1747 1948 787 1748 1949 786 1749 1950 785 1750 1951 776 1751 1952 788 1752 1953 782 1753 1954 786 1754 1955 777 1755 1956 795 1756 1957 789 1757 1958 797 1758 1959 792 1759 1960 795 1760 1961 784 1761 1962 792 1762 1963 796 1763 1964 769 1764 1965 789 1765 1966 778 1766 1967 780 1767 1968 786 1768 1969 781 1769 1970 790 1770 1971 782 1771 1972 794 1772 1973 780 1773 1974 773 1774 1975 772 1775 1976 769 1776 1977 760 1777 1978 524 1778 1979 576 1461 1980 774 1779 1981 508 1459 1982 507 1780 1983 770 1781 1984 511 1782 1985 774 1783 1986 506 1784 1987 508 1785 1988 511 1786 1989 773 1787 1990 512 1788 1991 764 1789 1992 507 1790 1993 506 1791 1994 760 1792 1995 576 1793 1996 524 1794 1997 510 1795 1998 799 1796 1999 504 1797 2000 543 1798 2001 801 1799 2002 533 1800 2003 802 1801 2004 551 1802 2005 550 1803 2006 804 1804 2007 518 1805 2008 534 1806 2009 533 1807 2010 806 1808 2011 525 1809 2012 551 1802 2013 800 1810 2014 543 1798 2015 805 1811 2016 509 1812 2017 518 1813 2018 504 1814 2019 802 1815 2020 550 1816 2021 806 1817 2022 534 1806 2023 525 1818 2024 509 1819 2025 798 1820 2026 510 1795 2027 691 1821 2028 809 1822 2029 688 1823 2030 705 1824 2031 811 1825 2032 694 1826 2033 699 1827 2034 813 1828 2035 700 1829 2036 694 1830 2037 367 1831 2038 237 1832 2039 369 1833 2040 698 1834 2041 243 1835 2042 815 1836 2043 691 1837 2044 690 1838 2045 813 1839 2046 690 1840 2047 700 1841 2048 816 1842 2049 702 1843 2050 701 1844 2051 817 1845 2052 705 1824 2053 702 1843 2054 814 1846 2055 699 1847 2056 698 1848 2057 688 1849 2058 816 1850 2059 701 1851 2060 713 1579 2061 706 1852 2062 695 1853 2063 716 1523 2064 703 1854 2065 706 1852 2066 746 1855 2067 713 1518 2068 695 1856 2069 717 1857 2070 819 1858 2071 703 1859 2072 820 1860 2073 822 1861 2074 709 1862 2075 823 1863 2076 527 1864 2077 693 1865 2078 539 1866 2079 821 1867 2080 820 1868 2081 826 1869 2082 717 1857 2083 710 1870 2084 819 1871 2085 704 1872 2086 703 1873 2087 822 1874 2088 710 1875 2089 709 1876 2090 827 1877 2091 693 1878 2092 704 1879 2093 824 1880 2094 529 1881 2095 527 1882 2096 529 1883 2097 825 1884 2098 539 1885 2099 830 1886 2100 832 1887 2101 829 1888 2102 833 1889 2103 642 1890 2104 641 1891 2105 835 1892 2106 686 1893 2107 685 1894 2108 558 1895 2109 838 1896 2110 568 1897 2111 839 1898 2112 735 1899 2113 734 1900 2114 624 1901 2115 842 1902 2116 625 1903 2117 834 1904 2118 658 1905 2119 642 1906 2120 844 1907 2121 542 1908 2122 540 1909 2123 846 1910 2124 652 1911 2125 636 1912 2126 645 1913 2127 849 1914 2128 633 1915 2129 652 1916 2130 848 1917 2131 645 1913 2132 850 1918 2133 743 1919 2134 741 1920 2135 568 1921 2136 841 1922 2137 624 1923 2138 726 1924 2139 853 1925 2140 727 1926 2141 854 1927 2142 685 1928 2143 687 1929 2144 625 1930 2145 855 1931 2146 626 1932 2147 634 1933 2148 857 1934 2149 632 1935 2150 858 1936 2151 555 1937 2152 575 1938 2153 602 1939 2154 861 1940 2155 603 1941 2156 633 1942 2157 856 1943 2158 634 1944 2159 603 1945 2160 862 1946 2161 610 1947 2162 632 1948 2163 863 1949 2164 628 1950 2165 864 1951 2166 169 894 2167 639 1952 2168 610 1953 2169 865 1954 2170 611 1955 2171 556 1956 2172 837 1957 2173 558 1958 2174 628 1950 2175 867 1959 2176 629 1960 2177 869 1961 2178 540 1962 2179 868 1963 2180 836 1964 2181 574 1965 2182 686 1966 2183 843 1967 2184 639 1952 2185 658 1968 2186 626 1969 2187 871 1970 2188 595 1971 2189 845 1972 2190 552 1973 2191 542 1974 2192 859 1975 2193 556 1976 2194 555 1937 2195 874 1977 2196 868 1978 2197 873 1979 2198 629 1980 2199 833 1981 2200 641 1982 2201 595 1983 2202 860 1984 2203 602 1985 2204 840 1986 2205 726 1987 2206 735 1899 2207 875 1988 2208 687 1989 2209 553 1990 2210 635 1991 2211 846 1992 2212 636 1993 2213 878 1994 2214 873 1995 2215 877 1996 2216 870 1997 2217 575 1938 2218 574 1965 2219 853 1998 2220 829 1999 2221 727 2000 2222 611 2001 2223 876 2002 2224 635 2003 2225 831 2004 2226 877 2005 2227 832 2006 2228 872 2007 2229 553 2008 2230 552 2009 2231 743 2010 2232 839 2011 2233 734 2012 2234 436 958 2235 847 2013 2236 846 2014 2237 437 960 2238 846 2015 2239 876 2016 2240 439 963 2241 854 2017 2242 875 2018 2243 878 2019 2244 440 966 2245 874 2020 2246 443 968 2247 833 2021 2248 867 2022 2249 445 971 2250 836 2023 2251 835 2024 2252 831 2025 2253 441 974 2254 878 2026 2255 448 977 2256 843 2027 2257 834 2028 2258 450 980 2259 838 2029 2260 837 2030 2261 830 982 2262 446 982 2263 831 2031 2264 453 985 2265 856 2032 2266 849 2033 2267 455 988 2268 859 2034 2269 858 2035 2270 852 2036 2271 456 991 2272 853 2037 2273 458 994 2274 849 2038 2275 848 2039 2276 460 997 2277 860 2040 2278 871 2041 2279 462 999 2280 840 2042 2281 839 2043 2282 442 1002 2283 834 2044 2284 833 2021 2285 464 1004 2286 862 2045 2287 861 2046 2288 850 2047 2289 465 1007 2290 851 2048 2291 447 1010 2292 864 2049 2293 843 2049 2294 841 2050 2295 468 1013 2296 842 2051 2297 851 1015 2298 462 1015 2299 839 1015 2300 435 1016 2301 848 2039 2302 847 2052 2303 449 1018 2304 841 1018 2305 838 1018 2306 461 1020 2307 852 2053 2308 840 2042 2309 467 2054 2310 419 2054 2311 864 2054 2312 842 2055 2313 471 1023 2314 855 2056 2315 872 2057 2316 439 1026 2317 875 2058 2318 473 1028 2319 858 2035 2320 870 2059 2321 452 1030 2322 857 1934 2323 856 2060 2324 438 1032 2325 835 2061 2326 854 2062 2327 844 2063 2328 475 1035 2329 845 2064 2330 454 1038 2331 866 2065 2332 859 2034 2333 474 1040 2334 863 2066 2335 857 2067 2336 855 1044 2337 460 1043 2338 871 1042 2339 845 2068 2340 472 1046 2341 872 2069 2342 479 1049 2343 844 2070 2344 869 2071 2345 478 1052 2346 867 2072 2347 863 2066 2348 459 1054 2349 861 2073 2350 860 2074 2351 477 1056 2352 837 2075 2353 866 2076 2354 853 1058 2355 451 1059 2356 830 2077 2357 480 1062 2358 876 2078 2359 865 2078 2360 463 1065 2361 865 1064 2362 862 2079 2363 444 1067 2364 870 2059 2365 836 2080 2366 874 2081 2367 479 1070 2368 869 2081 2369 0 0 2370 1 59 2371 2 1 2372 4 3 2373 0 57 2374 3 4 2375 7 6 2376 8 2082 2377 9 7 2378 11 9 2379 12 2083 2380 13 10 2381 14 12 2382 15 2084 2383 16 13 2384 18 15 2385 19 2085 2386 8 16 2387 20 18 2388 21 2086 2389 12 19 2390 22 21 2391 23 2087 2392 16 22 2393 23 24 2394 24 2088 2395 25 25 2396 19 27 2397 26 2089 2398 27 28 2399 21 30 2400 28 2090 2401 29 31 2402 19 33 2403 18 2091 2404 30 34 2405 29 36 2406 28 393 2407 31 37 2408 26 39 2409 30 2092 2410 33 40 2411 26 42 2412 34 2093 2413 35 43 2414 25 45 2415 24 2094 2416 36 46 2417 39 48 2418 40 2095 2419 41 49 2420 42 51 2421 25 2096 2422 37 52 2423 2 54 2424 1 26 2425 25 25 2426 17 56 2427 16 2097 2428 0 57 2429 16 58 2430 23 2098 2431 1 59 2432 43 60 2433 37 2099 2434 44 61 2435 47 63 2436 48 2100 2437 49 64 2438 50 66 2439 46 2101 2440 49 67 2441 50 69 2442 51 2102 2443 41 70 2444 53 72 2445 54 2103 2446 55 73 2447 53 75 2448 56 2104 2449 57 76 2450 58 78 2451 59 2105 2452 56 79 2453 60 81 2454 58 2106 2455 53 82 2456 52 84 2457 55 2107 2458 62 85 2459 48 87 2460 64 94 2461 65 88 2462 56 90 2463 66 2108 2464 67 91 2465 48 87 2466 47 123 2467 68 93 2468 56 95 2469 59 2109 2470 69 96 2471 70 98 2472 71 575 2473 58 99 2474 71 101 2475 72 573 2476 59 102 2477 73 104 2478 74 376 2479 75 105 2480 77 107 2481 73 374 2482 76 108 2483 75 110 2484 79 2110 2485 80 111 2486 82 113 2487 83 117 2488 84 114 2489 82 113 2490 85 129 2491 86 116 2492 87 118 2493 88 122 2494 85 119 2495 87 118 2496 82 113 2497 81 115 2498 68 93 2499 90 124 2500 91 121 2501 47 123 2502 92 2111 2503 90 124 2504 46 125 2505 50 2112 2506 93 126 2507 46 65 2508 94 2113 2509 92 128 2510 85 129 2511 95 221 2512 96 130 2513 98 131 2514 99 2114 2515 100 132 2516 99 134 2517 101 381 2518 102 135 2519 103 137 2520 104 378 2521 105 138 2522 104 140 2523 63 377 2524 107 141 2525 107 143 2526 108 2115 2527 109 144 2528 110 146 2529 111 2116 2530 112 147 2531 114 149 2532 115 2117 2533 94 150 2534 93 152 2535 50 2118 2536 40 153 2537 117 155 2538 118 2119 2539 112 156 2540 94 158 2541 115 600 2542 119 159 2543 120 161 2544 121 2120 2545 115 162 2546 92 164 2547 119 2121 2548 122 165 2549 123 167 2550 124 618 2551 125 168 2552 121 170 2553 125 2122 2554 127 171 2555 128 173 2556 127 2123 2557 130 174 2558 131 176 2559 132 2124 2560 133 177 2561 133 179 2562 135 2125 2563 136 180 2564 137 182 2565 136 2126 2566 135 183 2567 116 185 2568 139 189 2569 114 186 2570 120 188 2571 114 186 2572 139 189 2573 123 191 2574 126 2127 2575 141 192 2576 131 194 2577 134 2128 2578 143 195 2579 145 197 2580 131 2129 2581 144 198 2582 117 200 2583 132 2130 2584 131 201 2585 132 203 2586 147 2131 2587 135 204 2588 138 206 2589 135 2132 2590 147 207 2591 118 209 2592 117 2133 2593 145 210 2594 149 212 2595 145 2134 2596 146 213 2597 132 215 2598 117 2135 2599 111 216 2600 148 218 2601 147 2136 2602 111 219 2603 95 221 2604 151 2137 2605 152 222 2606 90 223 2607 122 2138 2608 153 224 2609 154 226 2610 155 2139 2611 156 227 2612 158 229 2613 154 248 2614 157 230 2615 158 232 2616 159 2140 2617 161 233 2618 163 235 2619 164 2141 2620 165 236 2621 166 238 2622 167 361 2623 168 239 2624 171 241 2625 172 2142 2626 173 242 2627 175 244 2628 158 2143 2629 160 245 2630 175 247 2631 176 2144 2632 154 248 2633 176 249 2634 177 2145 2635 155 250 2636 178 252 2637 179 2146 2638 177 253 2639 180 255 2640 178 2147 2641 176 256 2642 180 258 2643 175 2148 2644 174 259 2645 182 261 2646 183 2149 2647 168 262 2648 184 264 2649 185 2150 2650 172 265 2651 177 267 2652 184 2151 2653 171 268 2654 155 270 2655 171 2152 2656 170 271 2657 185 273 2658 186 2153 2659 187 274 2660 173 276 2661 172 2154 2662 187 277 2663 190 279 2664 191 2155 2665 192 280 2666 191 282 2667 193 2156 2668 194 283 2669 193 285 2670 195 2157 2671 196 286 2672 195 288 2673 197 2158 2674 198 289 2675 200 291 2676 201 2159 2677 202 292 2678 204 294 2679 205 2160 2680 206 295 2681 205 297 2682 207 2161 2683 208 298 2684 207 300 2685 209 2162 2686 210 301 2687 193 303 2688 191 2163 2689 150 304 2690 195 306 2691 193 2164 2692 146 307 2693 197 309 2694 195 2165 2695 144 310 2696 200 312 2697 197 2166 2698 143 313 2699 204 315 2700 201 606 2701 141 316 2702 207 318 2703 205 2167 2704 139 319 2705 185 321 2706 211 2168 2707 212 322 2708 177 324 2709 179 2169 2710 213 325 2711 165 327 2712 164 2170 2713 180 328 2714 213 330 2715 211 2171 2716 185 331 2717 186 333 2718 212 2172 2719 214 334 2720 208 336 2721 210 2173 2722 216 337 2723 206 339 2724 208 2174 2725 215 340 2726 203 342 2727 206 2175 2728 217 343 2729 199 345 2730 202 587 2731 220 346 2732 196 348 2733 198 2176 2734 222 349 2735 194 351 2736 196 2177 2737 221 352 2738 192 354 2739 194 2178 2740 223 355 2741 187 357 2742 186 2179 2743 182 358 2744 188 360 2745 187 2180 2746 167 361 2747 209 362 2748 207 2181 2749 116 363 2750 74 365 2751 109 2182 2752 79 366 2753 100 368 2754 102 2183 2755 226 369 2756 97 371 2757 100 368 2758 225 370 2759 106 373 2760 105 2184 2761 73 374 2762 105 375 2763 107 2185 2764 74 376 2765 49 64 2766 48 2100 2767 63 377 2768 51 68 2769 49 67 2770 104 378 2771 89 120 2772 81 115 2773 99 379 2774 81 115 2775 84 114 2776 101 381 2777 63 89 2778 65 88 2779 108 382 2780 24 384 2781 29 36 2782 32 38 2783 22 32 2784 29 31 2785 24 386 2786 21 388 2787 22 21 2788 15 23 2789 12 390 2790 15 2084 2791 14 12 2792 27 392 2793 35 2186 2794 31 37 2795 20 29 2796 27 28 2797 28 394 2798 19 396 2799 20 18 2800 11 20 2801 8 398 2802 11 9 2803 10 11 2804 35 400 2805 103 720 2806 106 401 2807 77 403 2808 32 2187 2809 31 402 2810 55 404 2811 228 2188 2812 229 405 2813 45 407 2814 230 2189 2815 231 408 2816 43 410 2817 231 2190 2818 232 411 2819 233 413 2820 228 2191 2821 55 414 2822 234 416 2823 235 2192 2824 236 417 2825 3 419 2826 2 2193 2827 238 420 2828 5 422 2829 3 2194 2830 239 423 2831 2 425 2832 42 2195 2833 232 426 2834 238 428 2835 241 2196 2836 242 429 2837 239 431 2838 242 2197 2839 243 432 2840 241 434 2841 238 2198 2842 232 435 2843 245 438 2844 246 2199 2845 247 439 2846 249 441 2847 250 2200 2848 235 442 2849 228 444 2850 233 2201 2851 246 445 2852 62 447 2853 229 2202 2854 230 448 2855 61 450 2856 62 2203 2857 45 451 2858 251 454 2859 252 2204 2860 253 455 2861 255 457 2862 256 2205 2863 257 458 2864 259 460 2865 256 2206 2866 260 461 2867 263 463 2868 252 2207 2869 251 464 2870 265 466 2871 266 2208 2872 267 467 2873 269 469 2874 270 2209 2875 271 470 2876 273 472 2877 274 2210 2878 275 473 2879 272 475 2880 275 2211 2881 270 476 2882 268 478 2883 271 2212 2884 277 479 2885 278 481 2886 279 538 2887 280 482 2888 279 484 2889 282 2213 2890 283 485 2891 284 487 2892 278 531 2893 281 488 2894 286 490 2895 287 529 2896 288 491 2897 280 493 2898 290 2214 2899 291 494 2900 266 496 2901 277 535 2902 292 497 2903 283 499 2904 293 2215 2905 290 500 2906 281 502 2907 291 2216 2908 294 503 2909 288 505 2910 295 2217 2911 296 506 2912 255 508 2913 297 2218 2914 260 509 2915 236 511 2916 235 2219 2917 298 512 2918 300 514 2919 301 2220 2920 295 515 2921 287 498 2922 292 497 2923 300 517 2924 276 480 2925 277 479 2926 266 519 2927 262 465 2928 251 464 2929 256 521 2930 256 523 2931 251 454 2932 254 456 2933 248 525 2934 247 2221 2935 250 526 2936 267 528 2937 266 2222 2938 287 529 2939 271 530 2940 270 2223 2941 278 531 2942 275 532 2943 274 2224 2944 282 533 2945 277 535 2946 271 2225 2947 284 536 2948 270 537 2949 275 2226 2950 279 538 2951 285 539 2952 300 517 2953 292 497 2954 301 540 2955 300 2227 2956 285 541 2957 150 543 2958 191 2228 2959 302 544 2960 118 546 2961 149 2229 2962 304 547 2963 149 549 2964 150 2230 2965 303 550 2966 113 552 2967 112 2231 2968 306 553 2969 308 555 2970 309 2232 2971 310 556 2972 191 558 2973 190 2233 2974 310 559 2975 112 561 2976 118 2234 2977 305 562 2978 311 564 2979 312 2235 2980 309 565 2981 113 567 2982 307 2236 2983 312 568 2984 72 570 2985 80 2237 2986 69 571 2987 76 106 2988 75 105 2989 72 573 2990 78 574 2991 76 2238 2992 71 575 2993 65 576 2994 89 120 2995 98 380 2996 109 578 2997 97 371 2998 227 372 2999 91 580 3000 153 2239 3001 151 581 3002 108 583 3003 98 131 3004 97 133 3005 88 122 3006 91 121 3007 95 585 3008 64 586 3009 87 118 3010 89 120 3011 64 586 3012 68 93 3013 88 122 3014 202 587 3015 203 342 3016 218 344 3017 205 588 3018 204 2240 3019 140 589 3020 201 591 3021 204 2241 3022 203 592 3023 126 594 3024 120 2242 3025 140 595 3026 119 597 3027 128 2243 3028 129 598 3029 115 600 3030 121 170 3031 128 172 3032 126 601 3033 125 2244 3034 121 602 3035 198 604 3036 199 345 3037 219 347 3038 201 606 3039 200 312 3040 142 314 3041 197 607 3042 200 2245 3043 199 608 3044 134 610 3045 123 191 3046 142 193 3047 130 612 3048 127 2246 3049 136 613 3050 124 181 3051 136 180 3052 127 615 3053 134 617 3054 133 2247 3055 124 618 3056 148 619 3057 163 2248 3058 162 620 3059 30 622 3060 39 2249 3061 38 623 3062 314 625 3063 315 2250 3064 316 626 3065 318 628 3066 319 2251 3067 320 629 3068 51 631 3069 321 2252 3070 322 632 3071 323 634 3072 324 2253 3073 325 635 3074 317 630 3075 320 629 3076 328 637 3077 318 639 3078 323 2254 3079 326 640 3080 327 642 3081 328 2255 3082 315 643 3083 322 645 3084 321 2256 3085 329 646 3086 313 648 3087 316 2257 3088 331 649 3089 316 651 3090 325 2258 3091 333 652 3092 324 654 3093 41 2259 3094 322 655 3095 335 657 3096 336 2260 3097 337 658 3098 334 660 3099 322 2261 3100 330 661 3101 333 663 3102 340 2262 3103 341 664 3104 332 666 3105 331 2263 3106 341 667 3107 338 669 3108 343 2264 3109 344 670 3110 347 672 3111 345 2265 3112 344 673 3113 348 675 3114 346 2266 3115 344 676 3116 336 678 3117 349 2267 3118 350 679 3119 329 681 3120 349 2268 3121 336 682 3122 342 684 3123 341 2269 3124 346 685 3125 340 687 3126 347 2270 3127 346 688 3128 339 690 3129 330 2271 3130 336 691 3131 340 693 3132 339 2272 3133 335 694 3134 329 696 3135 342 2273 3136 348 697 3137 349 699 3138 348 2274 3139 343 700 3140 337 702 3141 350 2275 3142 343 703 3143 321 705 3144 332 2276 3145 342 706 3146 333 708 3147 334 2277 3148 339 709 3149 335 711 3150 338 2278 3151 345 712 3152 324 714 3153 334 2279 3154 333 715 3155 313 717 3156 332 2280 3157 321 718 3158 103 720 3159 35 400 3160 327 721 3161 33 723 3162 38 2281 3163 323 724 3164 34 726 3165 317 2282 3166 327 727 3167 38 729 3168 41 2283 3169 324 730 3170 33 732 3171 318 2284 3172 317 733 3173 103 735 3174 314 2285 3175 313 736 3176 36 738 3177 32 2286 3178 351 739 3179 70 741 3180 60 2287 3181 353 742 3182 78 744 3183 355 753 3184 356 745 3185 44 747 3186 357 2288 3187 358 748 3188 60 750 3189 52 2289 3190 359 751 3191 78 744 3192 70 741 3193 354 743 3194 37 754 3195 360 2290 3196 357 755 3197 32 757 3198 77 2291 3199 356 758 3200 61 749 3201 358 748 3202 359 760 3203 37 762 3204 36 738 3205 352 740 3206 230 764 3207 229 2292 3208 361 765 3209 249 767 3210 234 2293 3211 363 768 3212 241 770 3213 244 2294 3214 365 771 3215 234 773 3216 237 2295 3217 367 774 3218 242 776 3219 368 2296 3220 369 777 3221 230 779 3222 362 2297 3223 370 780 3224 231 782 3225 370 2298 3226 365 783 3227 248 785 3228 371 788 3229 372 786 3230 249 767 3231 364 769 3232 371 788 3233 241 789 3234 366 2299 3235 368 790 3236 229 792 3237 245 2300 3238 372 793 3239 250 795 3240 262 465 3241 259 522 3242 247 797 3243 263 463 3244 262 465 3245 259 460 3246 261 462 3247 298 798 3248 263 800 3249 247 2301 3250 373 801 3251 375 803 3252 253 2302 3253 376 804 3254 54 806 3255 378 2303 3256 379 807 3257 67 809 3258 375 2304 3259 377 810 3260 263 800 3261 374 802 3262 381 812 3263 246 814 3264 382 2305 3265 373 815 3266 252 817 3267 381 2306 3268 376 818 3269 233 820 3270 379 2307 3271 382 821 3272 57 823 3273 383 2308 3274 378 824 3275 57 826 3276 67 2309 3277 380 827 3278 385 829 3279 386 2310 3280 387 830 3281 173 832 3282 388 2311 3283 389 833 3284 226 835 3285 390 2312 3286 391 836 3287 86 838 3288 96 2313 3289 392 839 3290 282 841 3291 394 931 3292 395 842 3293 152 844 3294 151 2314 3295 396 845 3296 188 847 3297 398 2315 3298 388 848 3299 69 850 3300 399 2316 3301 400 851 3302 181 853 3303 401 2317 3304 402 854 3305 174 856 3306 160 2318 3307 403 857 3308 181 859 3309 174 856 3310 404 858 3311 293 861 3312 405 2319 3313 406 862 3314 96 864 3315 152 2320 3316 397 865 3317 274 867 3318 273 2321 3319 407 868 3320 225 870 3321 391 2322 3322 409 871 3323 151 873 3324 153 2323 3325 410 874 3326 161 876 3327 159 2324 3328 411 877 3329 84 879 3330 413 920 3331 414 880 3332 129 882 3333 130 2325 3334 415 883 3335 160 885 3336 161 2326 3337 412 886 3338 130 888 3339 137 2327 3340 417 889 3341 159 891 3342 157 903 3343 418 892 3344 169 894 3345 419 2328 3346 420 895 3347 137 897 3348 138 2329 3349 421 898 3350 83 900 3351 86 2330 3352 393 901 3353 157 903 3354 156 2331 3355 423 904 3356 66 905 3357 400 2332 3358 425 906 3359 102 908 3360 426 941 3361 390 909 3362 166 896 3363 420 895 3364 398 911 3365 153 913 3366 122 2333 3367 427 914 3368 80 916 3369 428 2334 3370 399 917 3371 83 919 3372 422 2335 3373 413 920 3374 424 921 3375 425 2336 3376 430 922 3377 156 924 3378 170 2337 3379 389 925 3380 122 927 3381 129 2338 3382 416 928 3383 274 930 3384 408 2339 3385 394 931 3386 227 932 3387 409 2340 3388 431 933 3389 162 935 3390 165 2341 3391 402 936 3392 429 938 3393 430 2342 3394 434 939 3395 101 881 3396 414 880 3397 426 941 3398 384 942 3399 387 2343 3400 407 943 3401 138 945 3402 162 2344 3403 432 946 3404 433 948 3405 434 2345 3406 386 949 3407 79 951 3408 431 2346 3409 428 952 3410 293 954 3411 283 2347 3412 395 955 3413 401 957 3414 435 2348 3415 436 958 3416 402 959 3417 436 2349 3418 437 960 3419 409 962 3420 438 963 3421 439 963 3422 434 965 3423 430 2350 3424 440 966 3425 389 967 3426 442 1002 3427 443 968 3428 390 970 3429 444 2351 3430 445 971 3431 386 973 3432 434 2352 3433 441 974 3434 398 976 3435 447 2353 3436 448 977 3437 392 979 3438 449 2354 3439 450 980 3440 387 981 3441 386 981 3442 446 982 3443 412 984 3444 452 2355 3445 453 985 3446 413 987 3447 454 1038 3448 455 988 3449 408 990 3450 407 2356 3451 456 991 3452 403 993 3453 453 2357 3454 458 994 3455 416 996 3456 459 2358 3457 460 997 3458 394 998 3459 461 1020 3460 462 999 3461 388 1001 3462 448 2359 3463 442 1002 3464 417 1003 3465 463 2360 3466 464 1004 3467 406 1006 3468 405 2361 3469 465 1007 3470 420 1009 3471 467 2362 3472 447 1010 3473 397 1012 3474 396 2051 3475 468 1013 3476 405 1015 3477 395 1015 3478 462 1015 3479 404 995 3480 458 994 3481 435 1016 3482 397 1018 3483 469 1018 3484 449 1018 3485 408 1019 3486 457 2363 3487 461 1020 3488 419 1015 3489 470 1015 3490 467 1015 3491 396 1022 3492 410 2364 3493 471 1023 3494 428 1025 3495 431 2365 3496 439 1026 3497 414 989 3498 455 988 3499 473 1028 3500 411 877 3501 474 2366 3502 452 1030 3503 391 1031 3504 445 2367 3505 438 1032 3506 400 1034 3507 399 2368 3508 475 1035 3509 422 1037 3510 477 2369 3511 454 1038 3512 418 1039 3513 478 1052 3514 474 1040 3515 410 1042 3516 427 1042 3517 460 1043 3518 399 1045 3519 428 2370 3520 472 1046 3521 400 1048 3522 476 2371 3523 479 1049 3524 423 1051 3525 443 2372 3526 478 1052 3527 415 1053 3528 464 2373 3529 459 1054 3530 393 1055 3531 450 2374 3532 477 1056 3533 407 1058 3534 387 2077 3535 451 1059 3536 432 1061 3537 437 2375 3538 480 1062 3539 421 1064 3540 480 2376 3541 463 1065 3542 426 1029 3543 473 1028 3544 444 1067 3545 430 1069 3546 425 2377 3547 479 1070 3548 481 1072 3549 482 2378 3550 483 1073 3551 4 3 3552 5 5 3553 482 1075 3554 9 1077 3555 485 2379 3556 486 1078 3557 13 10 3558 487 2380 3559 488 1080 3560 14 12 3561 17 14 3562 489 1081 3563 485 1083 3564 491 2381 3565 492 1084 3566 487 1086 3567 493 2382 3568 494 1087 3569 489 1089 3570 495 2383 3571 496 1090 3572 497 1092 3573 498 2384 3574 495 1093 3575 499 1095 3576 500 2385 3577 491 1096 3578 501 1098 3579 502 2386 3580 493 1099 3581 491 1101 3582 500 2387 3583 503 1102 3584 501 1104 3585 504 1447 3586 505 1105 3587 500 1107 3588 506 2388 3589 507 1108 3590 508 1110 3591 506 2389 3592 500 1111 3593 497 1113 3594 509 2390 3595 510 1114 3596 512 1116 3597 513 2391 3598 514 1117 3599 515 1119 3600 516 2392 3601 509 1120 3602 483 1122 3603 515 2393 3604 497 1092 3605 17 56 3606 4 3 3607 481 1076 3608 489 1124 3609 481 1072 3610 484 1074 3611 516 1126 3612 517 2394 3613 518 1127 3614 520 1129 3615 521 1440 3616 522 1130 3617 523 1132 3618 524 1441 3619 520 1133 3620 512 1135 3621 524 2395 3622 523 1136 3623 526 1138 3624 527 2396 3625 528 1139 3626 528 1141 3627 527 2397 3628 529 1142 3629 531 1144 3630 528 2398 3631 530 1145 3632 533 1147 3633 525 2399 3634 528 1148 3635 535 1150 3636 526 2400 3637 525 1151 3638 537 1153 3639 538 1645 3640 521 1154 3641 539 1156 3642 540 2401 3643 530 1157 3644 521 1154 3645 538 1645 3646 541 1159 3647 530 1161 3648 540 2402 3649 542 1162 3650 543 1164 3651 533 2403 3652 531 1165 3653 544 1167 3654 531 2404 3655 532 1168 3656 546 1170 3657 547 1630 3658 548 1171 3659 550 1173 3660 551 2405 3661 547 1174 3662 552 1176 3663 553 2406 3664 548 1177 3665 555 1179 3666 556 2407 3667 557 1180 3668 557 1180 3669 556 2407 3670 558 1182 3671 560 1184 3672 557 1180 3673 559 1185 3674 554 1181 3675 557 1180 3676 560 1184 3677 563 1188 3678 564 1189 3679 541 1159 3680 564 1189 3681 565 2408 3682 522 1160 3683 519 1190 3684 566 2409 3685 567 1191 3686 565 1193 3687 566 2410 3688 519 1131 3689 568 1194 3690 569 1285 3691 559 1183 3692 571 1195 3693 572 1442 3694 573 1196 3695 574 1198 3696 575 1443 3697 572 1199 3698 576 1201 3699 577 2411 3700 578 1202 3701 579 1204 3702 578 2412 3703 580 1205 3704 581 1207 3705 582 2413 3706 580 1208 3707 583 1210 3708 584 2414 3709 585 1211 3710 587 1213 3711 567 2415 3712 566 1214 3713 513 1216 3714 523 2416 3715 567 1217 3716 590 1219 3717 586 2417 3718 585 1220 3719 566 1222 3720 565 2418 3721 592 1223 3722 593 1225 3723 587 2419 3724 588 1226 3725 595 1228 3726 592 2420 3727 565 1229 3728 596 1231 3729 597 2421 3730 598 1232 3731 594 1234 3732 600 1659 3733 601 1235 3734 603 1237 3735 601 2422 3736 600 1238 3737 604 1240 3738 605 2423 3739 606 1241 3740 608 1243 3741 609 2424 3742 606 1244 3743 610 1246 3744 611 2425 3745 609 1247 3746 587 1249 3747 612 1253 3748 589 1250 3749 593 1252 3750 613 2426 3751 612 1253 3752 596 1254 3753 614 1670 3754 615 1255 3755 604 1257 3756 616 2427 3757 617 1258 3758 618 1260 3759 619 2428 3760 616 1261 3761 604 1263 3762 607 2429 3763 590 1264 3764 609 1266 3765 620 2430 3766 607 1267 3767 611 1269 3768 621 2431 3769 620 1270 3770 618 1272 3771 590 2432 3772 591 1273 3773 622 1275 3774 623 2433 3775 619 1276 3776 607 1278 3777 620 2434 3778 586 1279 3779 621 1281 3780 583 2435 3781 586 1282 3782 624 1284 3783 625 2436 3784 569 1285 3785 626 1286 3786 595 2437 3787 564 1287 3788 627 1289 3789 628 2438 3790 629 1290 3791 631 1292 3792 632 2439 3793 628 1293 3794 634 1295 3795 632 2440 3796 631 1296 3797 636 1298 3798 637 2441 3799 638 1299 3800 639 1301 3801 169 2442 3802 168 1302 3803 642 1304 3804 643 2443 3805 644 1305 3806 633 1307 3807 631 2444 3808 646 1308 3809 646 1310 3810 631 1292 3811 627 1294 3812 647 1312 3813 627 2445 3814 630 1313 3815 649 1315 3816 647 2446 3817 648 1316 3818 651 1318 3819 646 2447 3820 647 1319 3821 645 1321 3822 646 2448 3823 651 1322 3824 168 1324 3825 183 2449 3826 653 1325 3827 643 1327 3828 654 2450 3829 655 1328 3830 644 1330 3831 655 2451 3832 648 1331 3833 641 1333 3834 644 2452 3835 630 1334 3836 656 1336 3837 657 2453 3838 654 1337 3839 642 1339 3840 658 2454 3841 656 1340 3842 660 1342 3843 661 2455 3844 662 1343 3845 663 1345 3846 664 2456 3847 661 1346 3848 665 1348 3849 666 2457 3850 664 1349 3851 667 1351 3852 668 2458 3853 666 1352 3854 670 1354 3855 671 2459 3856 672 1355 3857 674 1357 3858 675 2460 3859 676 1358 3860 677 1360 3861 678 2461 3862 675 1361 3863 679 1363 3864 680 2462 3865 678 1364 3866 623 1366 3867 661 2463 3868 664 1367 3869 619 1369 3870 664 2464 3871 666 1370 3872 616 1372 3873 666 2465 3874 668 1373 3875 617 1375 3876 668 2466 3877 672 1376 3878 615 1378 3879 671 1665 3880 676 1379 3881 612 1381 3882 675 2467 3883 678 1382 3884 654 1384 3885 657 2468 3886 681 1385 3887 648 1387 3888 655 2469 3889 683 1388 3890 636 1390 3891 652 2470 3892 651 1391 3893 654 1393 3894 682 2471 3895 683 1394 3896 657 1396 3897 653 2472 3898 684 1397 3899 216 1399 3900 679 2473 3901 677 1400 3902 215 1402 3903 677 2474 3904 674 1403 3905 217 1405 3906 674 2475 3907 673 1406 3908 220 1408 3909 670 1646 3910 669 1409 3911 222 1411 3912 667 2476 3913 665 1412 3914 221 1414 3915 665 2477 3916 663 1415 3917 223 1417 3918 663 2478 3919 660 1418 3920 656 1420 3921 640 2479 3922 653 1421 3923 658 1423 3924 639 1301 3925 640 1303 3926 589 1425 3927 678 2480 3928 680 1426 3929 553 1428 3930 581 2481 3931 549 1429 3932 686 1431 3933 574 2482 3934 571 1432 3935 685 1433 3936 571 1432 3937 570 1434 3938 577 1436 3939 550 1173 3940 546 1175 3941 578 1438 3942 546 1170 3943 549 1172 3944 520 1129 3945 579 1204 3946 536 1206 3947 524 1441 3948 576 1201 3949 579 1203 3950 572 1442 3951 554 1181 3952 562 1187 3953 575 1443 3954 555 1179 3955 554 1181 3956 582 1444 3957 537 1153 3958 536 1155 3959 498 1446 3960 510 2483 3961 504 1447 3962 498 1448 3963 501 1098 3964 496 1100 3965 490 1091 3966 496 1090 3967 493 1450 3968 14 12 3969 490 1082 3970 487 1452 3971 505 1105 3972 508 2484 3973 499 1453 3974 502 1454 3975 499 1095 3976 494 1097 3977 488 1088 3978 494 1087 3979 491 1456 3980 10 11 3981 488 1080 3982 485 1458 3983 508 1459 3984 505 1463 3985 577 1460 3986 550 1462 3987 577 1460 3988 505 1463 3989 688 1465 3990 689 2485 3991 526 1466 3992 690 1468 3993 691 2486 3994 517 1469 3995 692 1471 3996 690 2487 3997 516 1472 3998 526 1474 3999 689 2488 4000 693 1475 4001 694 1477 4002 237 418 4003 236 417 4004 482 1479 4005 696 2489 4006 697 1480 4007 5 422 4008 240 424 4009 696 1482 4010 483 1484 4011 697 2490 4012 692 1485 4013 698 1487 4014 699 2491 4015 697 1488 4016 243 1490 4017 698 2492 4018 696 1491 4019 692 1493 4020 697 2493 4021 699 1494 4022 701 1497 4023 702 2494 4024 703 1498 4025 705 1500 4026 694 2495 4027 695 1501 4028 689 1503 4029 701 2496 4030 704 1504 4031 691 1506 4032 688 2497 4033 535 1507 4034 517 1509 4035 535 2498 4036 534 1510 4037 707 1513 4038 708 1581 4039 709 1514 4040 255 457 4041 258 459 4042 711 1516 4043 713 1518 4044 714 2499 4045 715 1519 4046 707 1521 4047 710 2500 4048 717 1522 4049 267 1524 4050 718 2501 4051 719 1525 4052 721 1527 4053 722 2502 4054 723 1528 4055 725 1530 4056 726 2503 4057 727 1531 4058 722 1533 4059 725 2504 4060 724 1534 4061 729 1536 4062 721 2505 4063 720 1537 4064 730 1539 4065 731 2506 4066 732 1540 4067 733 1542 4068 732 2507 4069 734 1543 4070 736 1545 4071 737 2508 4072 731 1546 4073 286 1548 4074 289 2509 4075 738 1549 4076 740 1551 4077 741 2510 4078 732 1552 4079 718 1554 4080 739 1574 4081 742 1555 4082 741 1557 4083 743 2511 4084 734 1558 4085 744 1560 4086 740 2512 4087 731 1561 4088 296 1563 4089 745 2513 4090 738 1564 4091 715 1566 4092 297 2218 4093 255 508 4094 236 1568 4095 299 2514 4096 746 1569 4097 745 1571 4098 747 2515 4099 748 1572 4100 739 1574 4101 738 2516 4102 748 1575 4103 718 1576 4104 729 1536 4105 728 1538 4106 712 1578 4107 707 1521 4108 716 1523 4109 712 1580 4110 711 2517 4111 708 1581 4112 702 1582 4113 705 2518 4114 706 1583 4115 267 1585 4116 286 1548 4117 739 1550 4118 721 1587 4119 736 1545 4120 730 1547 4121 725 1589 4122 733 2519 4123 735 1590 4124 729 1556 4125 742 1555 4126 736 1592 4127 722 1594 4128 730 1539 4129 733 1541 4130 737 1596 4131 736 1592 4132 742 1555 4133 737 1597 4134 748 2520 4135 747 1598 4136 623 1600 4137 749 2521 4138 750 1601 4139 591 1603 4140 751 2522 4141 752 1604 4142 622 1606 4143 752 2523 4144 749 1607 4145 584 1609 4146 753 2524 4147 754 1610 4148 755 1612 4149 756 2525 4150 757 1613 4151 661 1615 4152 750 2526 4153 755 1616 4154 585 1618 4155 754 2527 4156 751 1619 4157 756 1621 4158 758 2528 4159 759 1622 4160 758 1624 4161 753 2529 4162 584 1625 4163 542 1627 4164 552 2530 4165 545 1628 4166 547 1630 4167 544 1167 4168 545 1169 4169 551 1631 4170 543 1164 4171 544 1166 4172 573 1196 4173 562 1187 4174 537 1633 4175 687 1435 4176 570 1434 4177 581 1635 4178 625 1637 4179 626 2531 4180 563 1638 4181 570 1640 4182 573 2532 4183 582 1641 4184 569 1643 4185 563 1188 4186 561 1186 4187 562 1187 4188 560 1184 4189 538 1644 4190 538 1645 4191 560 1184 4192 561 1186 4193 218 1407 4194 673 1406 4195 670 1646 4196 613 1647 4197 676 2533 4198 675 1648 4199 673 1650 4200 676 2534 4201 671 1651 4202 597 1653 4203 615 2535 4204 613 1654 4205 602 1656 4206 600 2536 4207 592 1657 4208 588 1224 4209 592 1223 4210 600 1659 4211 597 1660 4212 593 2537 4213 594 1661 4214 219 1410 4215 669 1409 4216 667 1663 4217 614 1377 4218 672 1376 4219 671 1665 4220 669 1666 4221 672 2538 4222 668 1667 4223 605 1669 4224 617 2539 4225 614 1670 4226 603 1671 4227 610 2540 4228 608 1672 4229 601 1674 4230 608 1243 4231 599 1245 4232 605 1676 4233 596 1231 4234 599 1233 4235 635 1678 4236 638 2541 4237 621 1679 4238 511 1681 4239 514 2542 4240 503 1682 4241 761 1684 4242 762 2543 4243 763 1685 4244 765 1687 4245 766 2544 4246 767 1688 4247 768 1690 4248 769 2545 4249 524 1691 4250 770 1693 4251 771 2546 4252 772 1694 4253 775 1696 4254 765 1687 4255 764 1689 4256 767 1698 4257 766 2547 4258 771 1699 4259 762 1701 4260 775 2548 4261 774 1702 4262 768 1704 4263 776 2549 4264 777 1705 4265 760 1707 4266 778 2550 4267 779 1708 4268 761 1710 4269 779 2551 4270 780 1711 4271 773 1713 4272 781 2552 4273 768 1714 4274 782 1716 4275 783 2553 4276 784 1717 4277 781 1719 4278 786 2554 4279 776 1720 4280 787 1722 4281 788 2555 4282 780 1723 4283 778 1725 4284 789 2556 4285 787 1726 4286 783 1728 4287 790 2557 4288 791 1729 4289 791 1731 4290 790 2558 4291 794 1732 4292 795 1734 4293 792 2559 4294 791 1735 4295 785 1737 4296 784 2560 4297 796 1738 4298 785 1740 4299 797 2561 4300 777 1741 4301 789 1743 4302 795 2562 4303 793 1744 4304 793 1746 4305 794 2563 4306 788 1747 4307 786 1749 4308 782 2564 4309 785 1750 4310 788 1752 4311 794 2565 4312 782 1753 4313 777 1755 4314 797 2566 4315 795 1756 4316 797 1758 4317 796 2567 4318 792 1759 4319 784 1761 4320 783 2568 4321 792 1762 4322 769 1764 4323 777 2569 4324 789 1765 4325 780 1767 4326 788 2570 4327 786 1768 4328 790 1770 4329 783 2571 4330 782 1771 4331 780 1773 4332 781 2572 4333 773 1774 4334 769 1776 4335 778 2573 4336 760 1777 4337 576 1461 4338 763 2574 4339 774 1779 4340 507 1780 4341 767 2575 4342 770 1781 4343 774 1783 4344 764 2576 4345 506 1784 4346 511 1786 4347 770 2577 4348 773 1787 4349 764 1789 4350 767 2578 4351 507 1790 4352 760 1792 4353 763 2579 4354 576 1793 4355 510 1795 4356 798 1820 4357 799 1796 4358 543 1798 4359 800 1810 4360 801 1799 4361 802 1801 4362 803 2580 4363 551 1802 4364 804 1804 4365 805 2581 4366 518 1805 4367 533 1807 4368 801 2582 4369 806 1808 4370 551 1802 4371 803 2580 4372 800 1810 4373 805 1811 4374 807 2583 4375 509 1812 4376 504 1814 4377 799 2584 4378 802 1815 4379 806 1817 4380 804 1804 4381 534 1806 4382 509 1819 4383 807 2585 4384 798 1820 4385 691 1821 4386 808 2586 4387 809 1822 4388 705 1824 4389 810 2587 4390 811 1825 4391 699 1827 4392 812 2588 4393 813 1828 4394 694 1830 4395 811 2589 4396 367 1831 4397 369 1833 4398 814 2590 4399 698 1834 4400 815 1836 4401 808 2591 4402 691 1837 4403 813 1839 4404 815 2592 4405 690 1840 4406 816 1842 4407 817 1845 4408 702 1843 4409 817 1845 4410 810 2587 4411 705 1824 4412 814 1846 4413 812 2593 4414 699 1847 4415 688 1849 4416 809 2594 4417 816 1850 4418 713 1579 4419 716 1523 4420 706 1852 4421 716 1523 4422 717 1522 4423 703 1854 4424 746 1855 4425 714 2499 4426 713 1518 4427 717 1857 4428 818 2595 4429 819 1858 4430 820 1860 4431 821 2596 4432 822 1861 4433 823 1863 4434 824 2597 4435 527 1864 4436 539 1866 4437 825 2598 4438 821 1867 4439 826 1869 4440 818 2595 4441 717 1857 4442 819 1871 4443 827 2599 4444 704 1872 4445 822 1874 4446 826 2600 4447 710 1875 4448 827 1877 4449 823 2601 4450 693 1878 4451 824 1880 4452 828 2602 4453 529 1881 4454 529 1883 4455 828 2603 4456 825 1884 4457 830 1886 4458 831 2604 4459 832 1887 4460 833 1889 4461 834 2605 4462 642 1890 4463 835 1892 4464 836 2606 4465 686 1893 4466 558 1895 4467 837 2607 4468 838 1896 4469 839 1898 4470 840 1986 4471 735 1899 4472 624 1901 4473 841 2608 4474 842 1902 4475 834 1904 4476 843 2609 4477 658 1905 4478 844 1907 4479 845 2610 4480 542 1908 4481 846 1910 4482 847 2611 4483 652 1911 4484 645 1913 4485 848 1917 4486 849 1914 4487 652 1916 4488 847 2612 4489 848 1917 4490 850 1918 4491 851 2613 4492 743 1919 4493 568 1921 4494 838 2614 4495 841 1922 4496 726 1924 4497 852 2615 4498 853 1925 4499 854 1927 4500 835 2616 4501 685 1928 4502 625 1930 4503 842 2617 4504 855 1931 4505 634 1933 4506 856 2060 4507 857 1934 4508 858 1936 4509 859 1975 4510 555 1937 4511 602 1939 4512 860 2618 4513 861 1940 4514 633 1942 4515 849 2619 4516 856 1943 4517 603 1945 4518 861 2620 4519 862 1946 4520 632 1948 4521 857 2621 4522 863 1949 4523 864 1951 4524 419 2328 4525 169 894 4526 610 1953 4527 862 2622 4528 865 1954 4529 556 1956 4530 866 2623 4531 837 1957 4532 628 1950 4533 863 1949 4534 867 1959 4535 869 1961 4536 844 2624 4537 540 1962 4538 836 1964 4539 870 1997 4540 574 1965 4541 843 1967 4542 864 1951 4543 639 1952 4544 626 1969 4545 855 2625 4546 871 1970 4547 845 1972 4548 872 2626 4549 552 1973 4550 859 1975 4551 866 2627 4552 556 1976 4553 874 1977 4554 869 2628 4555 868 1978 4556 629 1980 4557 867 2629 4558 833 1981 4559 595 1983 4560 871 2630 4561 860 1984 4562 840 1986 4563 852 2631 4564 726 1987 4565 875 1988 4566 854 2632 4567 687 1989 4568 635 1991 4569 876 2633 4570 846 1992 4571 878 1994 4572 874 2634 4573 873 1995 4574 870 1997 4575 858 1936 4576 575 1938 4577 853 1998 4578 830 2635 4579 829 1999 4580 611 2001 4581 865 2636 4582 876 2002 4583 831 2004 4584 878 2637 4585 877 2005 4586 872 2007 4587 875 2638 4588 553 2008 4589 743 2010 4590 851 2639 4591 839 2011 4592 436 958 4593 435 2348 4594 847 2013 4595 437 960 4596 436 2349 4597 846 2015 4598 439 963 4599 438 963 4600 854 2017 4601 878 2019 4602 441 966 4603 440 966 4604 443 968 4605 442 1002 4606 833 2021 4607 445 971 4608 444 2351 4609 836 2023 4610 831 2025 4611 446 975 4612 441 974 4613 448 977 4614 447 2353 4615 843 2027 4616 450 980 4617 449 2354 4618 838 2029 4619 830 982 4620 451 983 4621 446 982 4622 453 985 4623 452 2355 4624 856 2032 4625 455 988 4626 454 1038 4627 859 2034 4628 852 2036 4629 457 992 4630 456 991 4631 458 994 4632 453 2357 4633 849 2038 4634 460 997 4635 459 2358 4636 860 2040 4637 462 999 4638 461 1020 4639 840 2042 4640 442 1002 4641 448 2359 4642 834 2044 4643 464 1004 4644 463 2360 4645 862 2045 4646 850 2047 4647 466 1008 4648 465 1007 4649 447 1010 4650 467 2362 4651 864 2049 4652 841 2050 4653 469 1014 4654 468 1013 4655 851 1015 4656 465 1015 4657 462 1015 4658 435 1016 4659 458 994 4660 848 2039 4661 449 1018 4662 469 1018 4663 841 1018 4664 461 1020 4665 457 2363 4666 852 2053 4667 842 2055 4668 468 1024 4669 471 1023 4670 872 2057 4671 472 1027 4672 439 1026 4673 473 1028 4674 455 988 4675 858 2035 4676 452 1030 4677 474 2366 4678 857 1934 4679 438 1032 4680 445 2367 4681 835 2061 4682 844 2063 4683 476 1036 4684 475 1035 4685 454 1038 4686 477 2369 4687 866 2065 4688 474 1040 4689 478 1052 4690 863 2066 4691 855 1044 4692 471 1044 4693 460 1043 4694 845 2068 4695 475 1047 4696 472 1046 4697 479 1049 4698 476 2371 4699 844 2070 4700 478 1052 4701 443 2372 4702 867 2072 4703 459 1054 4704 464 2373 4705 861 2073 4706 477 1056 4707 450 2374 4708 837 2075 4709 853 1058 4710 456 1060 4711 451 1059 4712 480 1062 4713 437 2375 4714 876 2078 4715 463 1065 4716 480 2376 4717 865 1064 4718 444 1067 4719 473 1028 4720 870 2059 4721 874 2081 4722 440 1071 4723 479 1070 4724</p>
        </triangles>
      </mesh>
    </geometry>
    <geometry id="FinestriniAnt_Plane_004-mesh" name="FinestriniAnt_Plane.004">
      <mesh>
        <source id="FinestriniAnt_Plane_004-mesh-positions">
          <float_array id="FinestriniAnt_Plane_004-mesh-positions-array" count="42">0.745578 1.777131 -0.08157896 0.746556 1.761198 0.301255 0.842091 1.515797 0.569471 0.937626 1.299663 0.793626 0.955228 1.234375 0.787955 0.955228 1.231508 -0.428361 0.72592 1.780448 -0.489823 -0.742949 1.777131 -0.08157896 -0.723291 1.780448 -0.489823 -0.952599 1.231508 -0.428361 -0.952599 1.234375 0.787955 -0.934997 1.299663 0.793626 -0.839462 1.515797 0.569471 -0.743927 1.761198 0.301255</float_array>
          <technique_common>
            <accessor source="#FinestriniAnt_Plane_004-mesh-positions-array" count="14" stride="3">
              <param name="X" type="float"/>
              <param name="Y" type="float"/>
              <param name="Z" type="float"/>
            </accessor>
          </technique_common>
        </source>
        <source id="FinestriniAnt_Plane_004-mesh-normals">
          <float_array id="FinestriniAnt_Plane_004-mesh-normals-array" count="42">0.9291172 0.3695622 -0.01285648 0.9308446 0.3653597 -0.00638318 0.9420609 0.3293602 -0.06358593 -0.9308446 0.3653598 -0.00638324 -0.9326398 0.3607767 0.004818856 -0.9291172 0.3695622 -0.0128566 0.9235777 0.3811723 -0.04137557 0.9321768 0.3619548 -0.005939841 0.9326398 0.3607766 0.004818916 0.9519156 0.2693245 -0.1460178 -0.9321769 0.3619546 -0.0059399 -0.9235777 0.3811724 -0.04137581 -0.9420607 0.3293607 -0.06358689 -0.9519149 0.2693256 -0.1460201</float_array>
          <technique_common>
            <accessor source="#FinestriniAnt_Plane_004-mesh-normals-array" count="14" stride="3">
              <param name="X" type="float"/>
              <param name="Y" type="float"/>
              <param name="Z" type="float"/>
            </accessor>
          </technique_common>
        </source>
        <source id="FinestriniAnt_Plane_004-mesh-map-0">
          <float_array id="FinestriniAnt_Plane_004-mesh-map-0-array" count="60">0.94193 0.897259 0.74592 0.214511 0.94193 0.06556099 0.24592 0.785489 0.07562798 0.60249 0.44193 0.10274 0.55807 0.938458 0.565291 0.659234 0.94193 0.897259 0.565291 0.659234 0.575628 0.39751 0.94193 0.897259 0.575628 0.39751 0.74592 0.214511 0.94193 0.897259 0.74592 0.214511 0.898582 0.06154197 0.94193 0.06556099 0.07562798 0.60249 0.06529098 0.340765 0.44193 0.10274 0.06529098 0.340765 0.05807 0.06154197 0.44193 0.10274 0.44193 0.10274 0.44193 0.934439 0.24592 0.785489 0.44193 0.934439 0.398582 0.938458 0.24592 0.785489</float_array>
          <technique_common>
            <accessor source="#FinestriniAnt_Plane_004-mesh-map-0-array" count="30" stride="2">
              <param name="S" type="float"/>
              <param name="T" type="float"/>
            </accessor>
          </technique_common>
        </source>
        <vertices id="FinestriniAnt_Plane_004-mesh-vertices">
          <input semantic="POSITION" source="#FinestriniAnt_Plane_004-mesh-positions"/>
        </vertices>
        <triangles material="Finestrini_001-material" count="10">
          <input semantic="VERTEX" source="#FinestriniAnt_Plane_004-mesh-vertices" offset="0"/>
          <input semantic="NORMAL" source="#FinestriniAnt_Plane_004-mesh-normals" offset="1"/>
          <input semantic="TEXCOORD" source="#FinestriniAnt_Plane_004-mesh-map-0" offset="2" set="0"/>
          <p>5 0 0 2 1 1 4 2 2 12 3 3 13 4 4 9 5 5 6 6 6 0 7 7 5 0 8 0 7 9 1 8 10 5 0 11 1 8 12 2 1 13 5 0 14 2 1 15 3 9 16 4 2 17 13 4 18 7 10 19 9 5 20 7 10 21 8 11 22 9 5 23 9 5 24 10 12 25 12 3 26 10 12 27 11 13 28 12 3 29</p>
        </triangles>
      </mesh>
    </geometry>
    <geometry id="Parabrezza_Plane_003-mesh" name="Parabrezza_Plane.003">
      <mesh>
        <source id="Parabrezza_Plane_003-mesh-positions">
          <float_array id="Parabrezza_Plane_003-mesh-positions-array" count="48">0.322671 1.819669 0.430077 0.001313984 1.829694 0.444676 0.001313984 1.298362 1.191389 0.495266 1.29001 1.153672 0.507242 1.288535 1.152757 0.878855 1.274522 0.989054 0.770325 1.531996 0.687595 0.661795 1.78947 0.386135 0.61751 1.812986 0.408109 -0.320042 1.819669 0.430077 -0.614882 1.812986 0.408109 -0.659166 1.78947 0.386135 -0.767696 1.531996 0.687595 -0.876227 1.274522 0.989054 -0.504614 1.288535 1.152757 -0.492637 1.29001 1.153672</float_array>
          <technique_common>
            <accessor source="#Parabrezza_Plane_003-mesh-positions-array" count="16" stride="3">
              <param name="X" type="float"/>
              <param name="Y" type="float"/>
              <param name="Z" type="float"/>
            </accessor>
          </technique_common>
        </source>
        <source id="Parabrezza_Plane_003-mesh-normals">
          <float_array id="Parabrezza_Plane_003-mesh-normals-array" count="54">0.09095329 0.7947754 0.6000497 0.1195335 0.8238016 0.5541323 0.2193367 0.7917319 0.5701334 -0.09095329 0.7947753 0.6000497 -0.2193365 0.7917321 0.5701332 -0.1195297 0.8238025 0.5541318 0.05168712 0.813693 0.5789924 0.05665582 0.8124659 0.5802494 0.1808466 0.8256452 0.5344198 0.2778174 0.7775681 0.564097 0.5767912 0.7120012 0.4004576 0.2818451 0.7493147 0.599242 -0.2818491 0.7493142 0.5992407 -0.5767989 0.7119974 0.4004533 -0.2778171 0.7775688 0.5640962 -0.1808384 0.8256477 0.5344187 -0.05665588 0.8124659 0.5802494 -0.05168718 0.8136929 0.5789926</float_array>
          <technique_common>
            <accessor source="#Parabrezza_Plane_003-mesh-normals-array" count="18" stride="3">
              <param name="X" type="float"/>
              <param name="Y" type="float"/>
              <param name="Z" type="float"/>
            </accessor>
          </technique_common>
        </source>
        <source id="Parabrezza_Plane_003-mesh-map-0">
          <float_array id="Parabrezza_Plane_003-mesh-map-0-array" count="84">0.9036 0.333931 0.103286 0.244738 0.567054 0.102595 0.9036 0.666068 0.567054 0.897404 0.103286 0.755261 0.9036 0.333931 0.898255 0.5 0.080325 0.5 0.103286 0.244738 0.103179 0.23855 0.567054 0.102595 0.103179 0.23855 0.214434 0.04650998 0.567054 0.102595 0.9036 0.333931 0.080325 0.5 0.103286 0.244738 0.567054 0.102595 0.919674 0.158681 0.916024 0.1815659 0.916024 0.1815659 0.9036 0.333931 0.567054 0.102595 0.916025 0.818434 0.919675 0.841319 0.567054 0.897404 0.567054 0.897404 0.214434 0.95349 0.10318 0.76145 0.103286 0.755261 0.080325 0.5 0.9036 0.666068 0.080325 0.5 0.898255 0.5 0.9036 0.666068 0.567054 0.897404 0.10318 0.76145 0.103286 0.755261 0.9036 0.666068 0.916025 0.818434 0.567054 0.897404</float_array>
          <technique_common>
            <accessor source="#Parabrezza_Plane_003-mesh-map-0-array" count="42" stride="2">
              <param name="S" type="float"/>
              <param name="T" type="float"/>
            </accessor>
          </technique_common>
        </source>
        <vertices id="Parabrezza_Plane_003-mesh-vertices">
          <input semantic="POSITION" source="#Parabrezza_Plane_003-mesh-positions"/>
        </vertices>
        <triangles material="Parabrezza-material" count="14">
          <input semantic="VERTEX" source="#Parabrezza_Plane_003-mesh-vertices" offset="0"/>
          <input semantic="NORMAL" source="#Parabrezza_Plane_003-mesh-normals" offset="1"/>
          <input semantic="TEXCOORD" source="#Parabrezza_Plane_003-mesh-map-0" offset="2" set="0"/>
          <p>0 0 0 3 1 1 6 2 2 9 3 3 12 4 4 15 5 5 0 0 6 1 6 7 2 7 8 3 1 9 4 8 10 6 2 11 4 8 12 5 9 13 6 2 14 0 0 15 2 7 16 3 1 17 6 2 18 7 10 19 8 11 20 8 11 21 0 0 22 6 2 23 10 12 24 11 13 25 12 4 26 12 4 27 13 14 28 14 15 29 15 5 30 2 16 31 9 3 32 2 16 33 1 17 34 9 3 35 12 4 36 14 15 37 15 5 38 9 3 39 10 12 40 12 4 41</p>
        </triangles>
      </mesh>
    </geometry>
    <geometry id="Circle_Circle_002-mesh" name="Circle_Circle.002">
      <mesh>
        <source id="Circle_Circle_002-mesh-positions">
          <float_array id="Circle_Circle_002-mesh-positions-array" count="1350">0.986926 0.732724 1.832144 0.986926 0.766638 1.768696 1.010399 0.754232 1.763557 1.010399 0.721559 1.824683 0.986926 0.06764799 1.55666 0.986926 0.06059598 1.628255 1.010399 0.07402396 1.628255 1.010399 0.08081799 1.559279 0.986926 0.687084 1.887756 1.010399 0.677589 1.878261 0.986926 0.08853197 1.487815 1.010399 0.100938 1.492954 0.986926 0.631472 1.933396 1.010399 0.624012 1.92223 0.986926 0.122445 1.424368 1.010399 0.13361 1.431828 0.986926 0.568025 1.967309 1.010399 0.562886 1.954903 0.986926 0.49918 1.268319 0.986926 0.427585 1.261267 1.010399 0.427585 1.274696 1.010399 0.496561 1.281489 0.986926 0.168085 1.368756 1.010399 0.1775799 1.378251 0.986926 0.49918 1.988193 1.010399 0.496561 1.975022 0.986926 0.568025 1.289203 1.010399 0.562886 1.301609 0.986926 0.223697 1.323116 1.010399 0.231157 1.334281 0.986926 0.427584 1.995244 1.010399 0.427584 1.981816 0.986926 0.631472 1.323116 1.010399 0.624012 1.334281 0.986926 0.287145 1.289203 1.010399 0.292283 1.301609 0.986926 0.355989 1.988193 1.010399 0.358608 1.975022 0.986926 0.687084 1.368756 1.010399 0.677589 1.378251 0.986926 0.355989 1.268319 1.010399 0.358609 1.281489 0.986926 0.287144 1.967309 1.010399 0.292283 1.954903 0.986926 0.732724 1.424368 1.010399 0.721559 1.431828 0.986926 0.223697 1.933395 1.010399 0.231157 1.92223 0.986926 0.766638 1.487815 1.010399 0.754231 1.492954 0.986926 0.168084 1.887756 1.010399 0.1775799 1.87826 0.986926 0.787521 1.55666 1.010399 0.774351 1.55928 0.986926 0.122445 1.832143 1.010399 0.13361 1.824683 0.986926 0.794573 1.628256 1.010399 0.781145 1.628256 0.986926 0.08853095 1.768696 1.010399 0.100937 1.763557 0.986926 0.787521 1.699852 1.010399 0.774351 1.697232 0.986926 0.06764799 1.699851 1.010399 0.08081799 1.697232 0.835219 0.732724 1.832144 0.835219 0.766638 1.768696 0.835219 0.06764799 1.55666 0.835219 0.06059598 1.628255 0.835219 0.687084 1.887756 0.835219 0.08853197 1.487815 0.835219 0.631472 1.933396 0.835219 0.122445 1.424368 0.835219 0.568025 1.967309 0.835219 0.49918 1.268319 0.835219 0.427585 1.261267 0.835219 0.168085 1.368756 0.835219 0.49918 1.988193 0.835219 0.568025 1.289203 0.835219 0.223697 1.323116 0.835219 0.427584 1.995244 0.835219 0.631472 1.323116 0.835219 0.287145 1.289203 0.835219 0.355989 1.988193 0.835219 0.687084 1.368756 0.835219 0.355989 1.268319 0.835219 0.287144 1.967309 0.835219 0.732724 1.424368 0.835219 0.223697 1.933395 0.835219 0.766638 1.487815 0.835219 0.168084 1.887756 0.835219 0.787521 1.55666 0.835219 0.122445 1.832143 0.835219 0.794573 1.628256 0.835219 0.08853095 1.768696 0.835219 0.787521 1.699852 0.835219 0.06764799 1.699851 0.811138 0.101537 1.763309 0.811138 0.134149 1.824323 0.811138 0.773715 1.697105 0.811138 0.780496 1.628256 0.811138 0.08145397 1.697105 0.811138 0.753632 1.763309 0.811138 0.07467299 1.628255 0.811138 0.72102 1.824323 0.811138 0.08145397 1.559406 0.811138 0.677131 1.877802 0.811138 0.101537 1.493202 0.811138 0.623652 1.921691 0.811138 0.13415 1.432189 0.811138 0.562638 1.954303 0.811138 0.496434 1.282126 0.811138 0.427585 1.275344 0.811138 0.178039 1.37871 0.811138 0.496434 1.974386 0.811138 0.562638 1.302208 0.811138 0.231518 1.334821 0.811138 0.427584 1.981167 0.811138 0.623652 1.334821 0.811138 0.292532 1.302208 0.811138 0.358735 1.974386 0.811138 0.677131 1.37871 0.811138 0.358735 1.282125 0.811138 0.292531 1.954303 0.811138 0.72102 1.432189 0.811138 0.231517 1.921691 0.811138 0.753632 1.493203 0.811138 0.178038 1.877802 0.811138 0.773715 1.559406 1.015126 0.331436 1.867066 1.015126 0.287226 1.843435 1.015126 0.641915 1.488746 1.015126 0.665546 1.532956 1.015126 0.248475 1.811634 1.015126 0.680097 1.580927 1.015126 0.216674 1.772883 1.015126 0.685011 1.630815 1.015126 0.1930429 1.728673 1.015126 0.680097 1.680703 1.015126 0.1784909 1.680702 1.015126 0.665546 1.728673 1.015126 0.173578 1.630814 1.015126 0.641915 1.772883 1.015126 0.1784909 1.580927 1.015126 0.610113 1.811634 0.99815 0.576759 1.851511 1.015126 0.571363 1.843435 1.015126 0.1930429 1.532956 1.015126 0.216674 1.488746 1.015126 0.527153 1.867066 1.015126 0.429294 1.375098 1.015126 0.479182 1.380012 1.015126 0.248476 1.449996 1.015126 0.479182 1.881618 1.015126 0.527153 1.394563 1.015126 0.287226 1.418194 1.015126 0.429294 1.886531 1.015126 0.571363 1.418194 1.015126 0.331436 1.394563 1.015126 0.379406 1.881618 1.015126 0.610113 1.449996 1.015126 0.379407 1.380012 1.010072 0.225524 1.49481 1.010072 0.256029 1.457639 1.010072 0.523346 1.857708 1.010072 0.477331 1.871666 1.010072 0.477331 1.390508 1.010072 0.523346 1.404467 1.010072 0.2932 1.427134 1.010072 0.429476 1.876379 1.010072 0.565753 1.427134 1.010072 0.335608 1.404467 1.010072 0.381622 1.871666 1.010072 0.602924 1.45764 1.010072 0.381623 1.390508 1.010072 0.335607 1.857708 1.010072 0.633429 1.49481 1.010072 0.429477 1.385795 1.010072 0.293199 1.83504 1.010072 0.656097 1.537218 0.993788 0.570929 1.842786 1.010072 0.565753 1.83504 1.010072 0.256029 1.804535 1.010072 0.670055 1.583233 1.010072 0.225524 1.767364 1.010072 0.674769 1.631087 1.010072 0.202856 1.724956 1.010072 0.670055 1.678941 1.010072 0.188898 1.678941 1.010072 0.656097 1.724957 1.010072 0.184184 1.631087 1.010072 0.633429 1.767364 1.010072 0.188898 1.583233 1.010072 0.602924 1.804535 1.010072 0.202856 1.537218 0.993776 0.499044 1.614574 0.993776 0.50036 1.627936 0.993776 0.488817 1.589883 0.993776 0.495146 1.601725 0.993776 0.469919 1.570985 0.993776 0.480299 1.579504 0.993776 0.445228 1.560758 0.993776 0.458078 1.564656 0.993776 0.418503 1.560758 0.993776 0.431866 1.559442 0.993776 0.393813 1.570985 0.993776 0.405654 1.564656 0.993776 0.374915 1.589883 0.993776 0.383433 1.579504 0.993776 0.364688 1.614574 0.993776 0.368585 1.601725 0.993776 0.364688 1.641299 0.993776 0.363371 1.627936 0.993776 0.374915 1.66599 0.993776 0.368585 1.654148 0.993776 0.393812 1.684887 0.993776 0.383433 1.676369 0.993776 0.418503 1.695115 0.993776 0.405654 1.691217 0.993776 0.445228 1.695115 0.993776 0.431866 1.696431 0.993776 0.469919 1.684887 0.993776 0.458078 1.691217 0.993776 0.488817 1.66599 0.993776 0.480299 1.676369 0.993776 0.499044 1.641299 0.993776 0.495146 1.654148 1.001257 0.413338 1.600207 1.001257 0.419103 1.597125 1.001257 0.431866 1.661287 1.001257 0.42536 1.660646 1.001257 0.450394 1.600207 1.001257 0.455448 1.604354 1.001257 0.42536 1.595227 1.001257 0.419103 1.658748 1.001257 0.459596 1.609408 1.001257 0.431866 1.594586 1.001257 0.413338 1.655666 1.001257 0.462677 1.615174 1.001257 0.408284 1.651519 1.001257 0.464575 1.62143 1.001257 0.404136 1.646465 1.001257 0.465216 1.627936 1.001257 0.401054 1.640699 1.001257 0.464575 1.634443 1.001257 0.399157 1.634443 1.001257 0.462677 1.640699 1.001257 0.398516 1.627936 1.001257 0.459596 1.646465 1.001257 0.399157 1.62143 1.001257 0.455448 1.651519 1.001257 0.401054 1.615174 1.001257 0.450394 1.655666 1.001257 0.404136 1.609408 1.001257 0.444628 1.658748 1.001257 0.438372 1.595227 1.001257 0.408284 1.604354 1.001257 0.438372 1.660646 1.001257 0.444628 1.597125 1.004208 0.423084 1.649138 1.004208 0.419116 1.647018 1.004208 0.450947 1.615187 1.004208 0.453068 1.619154 1.004208 0.415639 1.644164 1.004208 0.454374 1.623459 1.004208 0.412785 1.640686 1.004208 0.454815 1.627936 1.004208 0.410664 1.636719 1.004208 0.454374 1.632414 1.004208 0.409358 1.632414 1.004208 0.453068 1.636719 1.004208 0.408917 1.627936 1.004208 0.450947 1.640686 1.004208 0.409358 1.623459 1.004208 0.448093 1.644164 1.004208 0.410664 1.619154 1.004208 0.444616 1.647018 1.004208 0.412785 1.615187 1.004208 0.440648 1.649138 1.004208 0.431866 1.604988 1.004208 0.436343 1.605429 1.004208 0.415639 1.611709 1.004208 0.436343 1.650444 1.004208 0.440648 1.606735 1.004208 0.419116 1.608855 1.004208 0.431866 1.650885 1.004208 0.444616 1.608855 1.004208 0.423084 1.606735 1.004208 0.427389 1.650444 1.004208 0.448093 1.611709 1.004208 0.427389 1.605429 0.811138 0.634787 1.766704 0.811138 0.657815 1.72362 0.811138 0.183173 1.579639 0.811138 0.178385 1.628256 0.811138 0.603795 1.804467 0.811138 0.197354 1.532891 0.811138 0.566033 1.835458 0.811138 0.220383 1.489808 0.811138 0.522949 1.858486 0.811138 0.476201 1.383844 0.811138 0.427585 1.379056 0.811138 0.251374 1.452045 0.811138 0.476201 1.872667 0.811138 0.522949 1.398025 0.811138 0.289137 1.421054 0.811138 0.427584 1.877455 0.811138 0.566033 1.421054 0.811138 0.33222 1.398025 0.811138 0.378968 1.872667 0.811138 0.603795 1.452045 0.811138 0.378968 1.383844 0.811138 0.33222 1.858486 0.811138 0.634787 1.489808 0.811138 0.289136 1.835458 0.811138 0.657815 1.532891 0.811138 0.251374 1.804466 0.811138 0.671996 1.579639 0.811138 0.220382 1.766704 0.811138 0.676784 1.628256 0.811138 0.197354 1.72362 0.811138 0.671996 1.676872 0.811138 0.183173 1.676872 0.814879 0.193837 1.58176 0.814879 0.189258 1.628256 0.814879 0.596107 1.796778 0.814879 0.625746 1.760663 0.814879 0.2074 1.537052 0.814879 0.559992 1.826417 0.814879 0.229423 1.495848 0.814879 0.518788 1.848441 0.814879 0.47408 1.394508 0.814879 0.427585 1.389929 0.814879 0.259062 1.459733 0.814879 0.47408 1.862003 0.814879 0.518788 1.408071 0.814879 0.295178 1.430094 0.814879 0.427584 1.866582 0.814879 0.559992 1.430094 0.814879 0.336381 1.408071 0.814879 0.381089 1.862003 0.814879 0.596107 1.459733 0.814879 0.38109 1.394508 0.814879 0.336381 1.848441 0.814879 0.625746 1.495849 0.814879 0.295177 1.826417 0.814879 0.64777 1.537052 0.814879 0.259062 1.796778 0.814879 0.661332 1.581761 0.814879 0.229423 1.760663 0.814879 0.665911 1.628256 0.814879 0.207399 1.719459 0.814879 0.661332 1.674751 0.814879 0.193837 1.674751 0.814879 0.64777 1.719459 0.827606 0.498372 1.641585 0.827606 0.499682 1.628285 0.827606 0.488193 1.666159 0.827606 0.494493 1.654373 0.827606 0.469385 1.684968 0.827606 0.479715 1.67649 0.827606 0.44481 1.695147 0.827606 0.457599 1.691267 0.827606 0.418211 1.695147 0.827606 0.431511 1.696457 0.827606 0.393637 1.684968 0.827606 0.405423 1.691267 0.827606 0.374828 1.666159 0.827606 0.383306 1.67649 0.827606 0.364649 1.641585 0.827606 0.368529 1.654373 0.827606 0.364649 1.614986 0.827606 0.363339 1.628285 0.827606 0.374828 1.590411 0.827606 0.368529 1.602197 0.827606 0.393637 1.571603 0.827606 0.383306 1.580081 0.827606 0.418211 1.561424 0.827606 0.405423 1.565303 0.827606 0.44481 1.561424 0.827606 0.431511 1.560114 0.827606 0.469385 1.571603 0.827606 0.457599 1.565303 0.827606 0.488193 1.590411 0.827606 0.479715 1.580081 0.827606 0.498372 1.614986 0.827606 0.494493 1.602197 0.822476 0.412877 1.656173 0.822476 0.407794 1.652002 0.822476 0.438054 1.661181 0.822476 0.444346 1.659272 0.822476 0.438054 1.59539 0.822476 0.444346 1.597298 0.822476 0.403623 1.646919 0.822476 0.431511 1.661825 0.822476 0.450145 1.600398 0.822476 0.400524 1.64112 0.822476 0.455227 1.604569 0.822476 0.398615 1.634829 0.822476 0.459398 1.609651 0.822476 0.397971 1.628285 0.822476 0.462498 1.61545 0.822476 0.398615 1.621742 0.822476 0.464406 1.621742 0.822476 0.400524 1.61545 0.822476 0.465051 1.628285 0.822476 0.403623 1.609651 0.822476 0.464406 1.634829 0.822476 0.407794 1.604569 0.822476 0.462498 1.64112 0.822476 0.412877 1.600398 0.822476 0.459398 1.646919 0.822476 0.418675 1.597298 0.822476 0.424967 1.661181 0.822476 0.455227 1.652002 0.822476 0.424967 1.59539 0.822476 0.418675 1.659272 0.822476 0.450144 1.656173 0.822476 0.431511 1.594745 0.818812 0.409567 1.63265 0.818812 0.41084 1.636847 0.818812 0.450113 1.615855 0.818812 0.447331 1.612465 0.818812 0.409137 1.628285 0.818812 0.452181 1.619723 0.818812 0.409567 1.62392 0.818812 0.453454 1.62392 0.818812 0.41084 1.619723 0.818812 0.453884 1.628285 0.818812 0.412908 1.615855 0.818812 0.453454 1.63265 0.818812 0.41569 1.612465 0.818812 0.452181 1.636847 0.818812 0.419081 1.609683 0.818812 0.450113 1.640715 0.818812 0.422949 1.607615 0.818812 0.427146 1.650229 0.818812 0.431511 1.650658 0.818812 0.447331 1.644106 0.818812 0.427146 1.606342 0.818812 0.422949 1.648955 0.818812 0.443941 1.646888 0.818812 0.431511 1.605912 0.818812 0.419081 1.646888 0.818812 0.440073 1.648955 0.818812 0.435875 1.606342 0.818812 0.41569 1.644106 0.818812 0.435875 1.650229 0.818812 0.440073 1.607615 0.818812 0.412908 1.640715 0.818812 0.443941 1.609683</float_array>
          <technique_common>
            <accessor source="#Circle_Circle_002-mesh-positions-array" count="450" stride="3">
              <param name="X" type="float"/>
              <param name="Y" type="float"/>
              <param name="Z" type="float"/>
            </accessor>
          </technique_common>
        </source>
        <source id="Circle_Circle_002-mesh-normals">
          <float_array id="Circle_Circle_002-mesh-normals-array" count="4365">-0.4947589 -0.7664147 -0.4096613 -0.4947634 -0.7664119 -0.4096609 -0.4947653 -0.7664108 -0.4096608 -0.4947452 0.864853 0.08518582 -0.4947481 0.8648512 0.0851866 -0.4947438 0.8648538 0.08518546 -0.4947603 -0.671771 -0.551304 -0.4947582 -0.6717681 -0.5513094 -0.4947572 -0.6717669 -0.5513117 -0.4947519 0.8316126 0.2522721 -0.4947446 0.8316175 0.2522701 -0.4947552 0.8316104 0.252273 -0.494758 -0.5513063 -0.6717708 -0.4947606 -0.5513064 -0.6717688 -0.4947617 -0.5513064 -0.671768 -0.4947565 0.7664204 0.4096536 -0.4947497 0.7664213 0.4096599 -0.4947468 0.7664217 0.4096625 -0.4947683 -0.4096584 -0.7664101 -0.4947627 -0.4096555 -0.7664152 -0.4947604 -0.4096543 -0.7664175 -0.4947566 -0.08517652 0.8648473 -0.4947714 -0.08518308 0.8648381 -0.49475 -0.08517354 0.8648514 -0.4947486 0.6717723 0.5513129 -0.4947448 0.671772 0.5513167 -0.4947504 0.6717724 0.5513112 -0.4947529 -0.2522628 -0.8316149 -0.4947685 -0.252264 -0.8316051 -0.4947751 -0.2522646 -0.831601 -0.4947538 -0.2522725 0.8316113 -0.4947487 -0.2522708 0.8316147 -0.4947562 -0.2522733 0.8316097 -0.4947465 0.5513149 0.6717721 -0.4947413 0.5513164 0.6717748 -0.4947391 0.551317 0.6717759 -0.4947685 -0.08518195 -0.86484 -0.4947553 -0.08517557 -0.8648481 -0.4947498 -0.08517289 -0.8648517 -0.49475 -0.4096562 0.7664229 -0.4947522 -0.4096562 0.7664216 -0.4947531 -0.4096562 0.766421 -0.494747 0.4096559 0.7664251 -0.4947425 0.4096551 0.7664285 -0.4947405 0.4096548 0.76643 -0.4947707 0.08518296 -0.8648387 -0.4947519 0.085177 -0.8648501 -0.4947791 0.08518564 -0.8648336 -0.4947478 -0.5513142 0.6717717 -0.4947459 -0.5513149 0.6717725 -0.4947486 -0.5513139 0.6717715 -0.4947476 0.2522718 0.8316152 -0.494753 0.2522717 0.831612 -0.4947553 0.2522718 0.8316106 -0.494753 0.2522628 -0.8316147 -0.4947686 0.252264 -0.8316051 -0.494746 0.2522623 -0.831619 -0.4947467 -0.6717731 0.5513135 -0.4947454 -0.671772 0.551316 -0.4947449 -0.6717716 0.5513171 -0.4947702 0.08517587 0.8648397 -0.4947616 0.08518284 0.8648439 -0.4947741 0.08517271 0.8648378 -0.4947538 0.4096652 -0.7664158 -0.4947562 0.4096664 -0.7664136 -0.4947527 0.4096646 -0.7664168 -0.4947532 -0.7664215 0.4096552 -0.4947757 -0.766404 0.4096609 -0.4947851 -0.7663966 0.4096633 -0.4947575 0.5513075 -0.6717702 -0.4947765 0.5512924 -0.6717684 -0.4947846 0.5512861 -0.6717678 -0.4947599 -0.8316099 0.2522655 -0.4947751 -0.8316035 0.2522563 -0.494753 -0.8316127 0.2522696 -0.4947541 0.6717715 -0.5513088 -0.4947798 0.6717655 -0.5512931 -0.4947426 0.6717742 -0.5513159 -0.4947475 -0.8648517 0.08518552 -0.4947491 -0.8648508 0.08518493 -0.4947468 -0.8648521 0.08518576 -0.4947457 0.7664212 -0.4096649 -0.4947573 0.7664123 -0.4096674 -0.4947622 0.7664086 -0.4096685 -0.4947473 -0.8648518 -0.08518552 -0.49475 -0.8648503 -0.08518493 -0.4947512 -0.8648496 -0.08518463 -0.4947523 0.8316156 -0.2522611 -0.494746 0.8316196 -0.2522604 -0.4947433 0.8316213 -0.25226 -0.4947546 -0.8316143 -0.2522609 -0.4947533 -0.831615 -0.2522611 -0.4947527 -0.8316154 -0.2522611 -0.4947474 0.8648518 -0.08518475 -0.4947493 0.8648507 -0.08518522 -0.4947501 0.8648502 -0.0851854 0 -0.8819198 -0.4713996 0 -0.8819194 -0.4714003 0 -0.88192 -0.4713991 0 0.9951841 0.09802407 0 0.9951841 0.09802418 0 0.9951841 0.09802407 0 -0.7730078 -0.6343966 0 -0.7730073 -0.6343973 0 -0.7730081 -0.6343961 0 0.95694 0.2902858 0 0.95694 0.2902859 0 0.95694 0.2902858 0 -0.6343969 -0.7730076 0 -0.6343962 -0.7730081 0 -0.6343973 -0.7730072 0 0.8819221 0.4713953 0 0.8819221 0.4713954 0 0.8819221 0.4713953 0 -0.4713959 -0.8819218 0 -0.4713956 -0.881922 0 -0.4713962 -0.8819216 0 -0.09802508 0.995184 0 -0.09802502 0.995184 0 0.7730076 0.6343968 0 0.7730075 0.634397 0 0.7730078 0.6343966 0 -0.2902864 -0.9569398 0 -0.2902864 -0.9569399 0 -0.2902864 0.9569398 0 -0.2902864 0.9569399 0 0.6343978 0.7730067 0 0.6343976 0.773007 0 0.634398 0.7730067 0 -0.09800887 -0.9951856 0 -0.09800881 -0.9951856 0 -0.09800893 -0.9951856 0 -0.4713943 0.8819227 0 -0.4713943 0.8819227 0 -0.4713943 0.8819226 0 0.4713888 0.8819257 0 0.4713884 0.8819257 0 0.4713889 0.8819256 0 0.09801024 -0.9951855 0 0.09801024 -0.9951855 0 0.09801024 -0.9951854 0 -0.6343976 0.773007 0 -0.6343976 0.7730069 0 -0.6343975 0.7730071 0 0.2902902 0.9569387 0 0.2902902 0.9569387 0 0.2902865 -0.9569399 0 0.2902864 -0.9569398 0 0.2902866 -0.9569398 0 -0.7730076 0.634397 0 -0.7730076 0.6343968 0 -0.7730075 0.634397 0 0.09802365 0.9951841 0 0.09802359 0.9951841 0 0.09802365 0.9951842 0 0.4714058 -0.8819164 0 0.4714057 -0.8819164 0 0.4714059 -0.8819164 0 -0.8819162 0.4714062 0 -0.8819164 0.4714059 0 -0.8819161 0.4714065 0 0.634382 -0.7730199 0 0.6343817 -0.77302 0 0.6343821 -0.7730197 0 -0.9569439 0.290273 0 -0.9569438 0.2902736 0 -0.9569441 0.2902727 0 0.7730205 -0.6343811 0 0.7730204 -0.6343812 0 0.7730206 -0.6343809 0 -0.9951843 0.09802246 0 -0.9951842 0.09802311 0 -0.9951843 0.09802204 0 0.8819164 -0.4714061 0 0.8819163 -0.4714061 0 0.8819164 -0.4714059 0 -0.9951842 -0.09802287 0 -0.9951843 -0.09802234 0 -0.9951841 -0.09802323 0 0.9569438 -0.2902733 0 0.9569437 -0.2902737 0 0.9569439 -0.2902731 0 -0.9569425 -0.2902777 0 -0.9569426 -0.2902771 0 -0.9569424 -0.2902781 0 0.9951842 -0.09802269 0 0.9951842 -0.09802263 0 0.9951842 -0.09802275 0.5028342 0.7623193 -0.4074642 0.5028556 0.7623038 -0.4074668 0.5028239 0.7623267 -0.407463 0.5028478 -0.8602128 -0.08472329 0.5028427 -0.8602153 -0.08472782 0.5028502 -0.8602116 -0.08472114 0.5028588 0.8271492 -0.250913 0.5028429 0.82716 -0.2509093 0.5028664 0.8271441 -0.2509147 0.5028502 -0.8271536 -0.2509155 0.5028588 -0.8271504 -0.2509091 0.5028461 -0.8271552 -0.2509186 0.5028384 0.8602184 -0.08472371 0.5028474 0.8602127 -0.08472698 0.5028341 0.8602209 -0.08472222 0.5028578 -0.7623088 -0.4074546 0.5028466 -0.7623105 -0.4074653 0.5028632 -0.7623081 -0.4074496 0.5028399 0.8602173 0.08472514 0.5028485 0.8602119 0.08472836 0.5028524 0.8602095 0.08472979 0.502844 -0.6681734 -0.5483542 0.5028362 -0.6681753 -0.5483591 0.5028477 -0.6681725 -0.5483518 0.5028381 0.82716 0.2509188 0.5028363 0.8271614 0.2509181 0.5028355 0.8271619 0.2509177 0.5028347 -0.5483586 -0.6681768 0.5028451 -0.5483564 -0.6681708 0.5028298 -0.5483596 -0.6681796 0.5028594 0.7623012 0.4074673 0.5028478 0.7623097 0.4074657 0.5028426 0.7623134 0.4074649 0.5028552 -0.4074574 -0.7623092 0.5028604 -0.4074574 -0.7623057 0.5028527 -0.4074574 -0.7623108 0.502856 -0.08473336 0.860207 0.5028559 -0.08473104 0.8602074 0.5028559 -0.08472996 0.8602075 0.5028529 0.6681689 0.5483516 0.5028582 0.6681646 0.5483519 0.5028606 0.6681627 0.548352 0.5028625 -0.2509136 -0.8271468 0.5028609 -0.2509133 -0.8271479 0.5028632 -0.2509136 -0.8271462 0.5028429 -0.2509102 0.8271597 0.5028583 -0.2509117 0.82715 0.5028651 -0.2509123 0.8271455 0.502854 0.5483536 0.6681663 0.5028578 0.5483524 0.6681645 0.5028522 0.5483541 0.6681672 0.5028539 -0.08472067 -0.8602095 0.5028591 -0.08471763 -0.8602067 0.5028514 -0.0847221 -0.8602108 0.5028508 -0.4074654 0.7623078 0.5028396 -0.4074652 0.7623152 0.5028347 -0.4074651 0.7623186 0.5028436 0.4074672 0.7623116 0.5028539 0.4074567 0.7623104 0.5028585 0.4074521 0.7623098 0.5028564 0.08472174 -0.8602079 0.5028565 0.08471912 -0.8602082 0.5028564 0.08471798 -0.8602083 0.5028371 -0.5483595 0.6681743 0.5028425 -0.548358 0.6681715 0.5028449 -0.5483573 0.6681702 0.5028359 0.2509227 0.8271601 0.5028409 0.2509202 0.8271579 0.5028336 0.2509239 0.8271612 0.5028625 0.2509136 -0.8271468 0.5028609 0.2509133 -0.8271479 0.5028601 0.2509131 -0.8271483 0.5028393 -0.6681755 0.5483559 0.5028339 -0.6681763 0.54836 0.5028313 -0.6681767 0.5483618 0.5028394 0.08472412 0.8602176 0.5028505 0.08472722 0.8602108 0.5028342 0.08472263 0.8602208 0.502842 0.4074626 -0.762315 0.5028544 0.4074664 -0.7623049 0.50286 0.407468 -0.7623003 0.5028681 -0.7623029 0.4074534 0.5028479 -0.7623074 0.4074697 0.502839 -0.7623094 0.407477 0.5028477 0.548351 -0.6681733 0.5028354 0.5483497 -0.6681836 0.5028299 0.5483492 -0.6681881 0.5028423 -0.8271576 0.2509183 0.5028638 -0.8271484 0.2509059 0.5028733 -0.8271441 0.2509004 0.5028427 0.6681759 -0.5483524 0.5028328 0.6681839 -0.5483517 0.5028473 0.6681721 -0.5483527 0.5028401 -0.8602173 0.08472388 0.5028489 -0.8602119 0.08472621 0.5028358 -0.86022 0.08472275 -0.9987934 0.01886337 -0.04534292 -0.9988064 0.02705436 -0.04066807 -0.9988514 0.02270555 -0.04219579 -0.9988372 -0.04610365 0.01409834 -0.998835 -0.04018259 0.02672481 -0.9988206 -0.04489892 0.01848602 -0.9988205 0.03426069 -0.03440743 -0.9988208 0.03439259 -0.03426945 -0.9988067 -0.04860395 0.004781186 -0.9988064 -0.04792481 0.009432315 -0.998835 0.04006713 -0.02689772 -0.9988107 0.03780853 -0.03078746 -0.9988024 -0.04870176 -0.004692673 -0.9987933 -0.04911345 -8.96746e-5 -0.9988491 0.04427444 -0.01844877 -0.9988494 0.04434043 -0.01827567 -0.9987817 -0.04841309 -0.009564578 -0.9987816 -0.04838818 -0.009703755 -0.9988625 0.04675078 -0.009394824 -0.9988627 0.04677975 -0.009225249 -0.9987718 -0.04579496 -0.01891398 -0.9987718 -0.04575431 -0.01901799 -0.9988747 0.04743015 -8.37578e-5 -0.9988747 0.04742705 6.95537e-5 -0.9987644 -0.04134017 -0.02758038 -0.9987644 -0.04129654 -0.02764523 -0.998885 0.04631531 0.009141027 -0.9988852 0.04628854 0.009267389 -0.9987598 -0.03521901 -0.03519272 -0.9987599 -0.03518933 -0.0352208 2.58489e-5 -0.831473 0.5555653 9.73661e-6 -0.8314725 0.555566 8.55381e-6 -0.8314622 0.5555813 -0.9988936 0.04346954 0.01794689 -0.9988936 0.04343062 0.01803904 -0.9987463 -0.0317586 -0.03869664 -0.9987463 -0.03175687 -0.0386964 -0.9988998 0.03901267 0.02602308 -0.9988999 0.03897494 0.02607971 -0.9987463 -0.02359777 -0.04414832 -0.9987599 -0.01907241 -0.04598969 -0.9987599 -0.0190373 -0.04600483 -0.9988852 -0.009153187 0.0463109 -0.9988936 -5.3956e-5 0.04702943 -0.9988851 -0.009278714 0.04628866 -0.9989037 0.03311628 0.03308933 -0.9989036 0.0330922 0.03311401 -0.9987643 -0.009736239 -0.04873394 -0.9987644 -0.009661078 -0.04874801 -0.9988748 -0.01808506 0.0438435 -0.9988746 -0.01822721 0.04378867 -0.9989049 0.02599394 0.03890198 -0.998905 0.02599388 0.03890216 -0.9987717 -6.1276e-5 -0.0495494 -0.9987719 5.06161e-5 -0.04954725 -0.9988627 -0.02642524 0.03968852 -0.9988624 -0.02657061 0.03959673 -0.9989036 0.01793009 0.04324501 -0.9989037 0.01789748 0.04325854 -0.9987815 0.009552121 -0.04841911 -0.9987816 0.009690821 -0.0483886 -0.9988493 -0.0338537 0.03397172 -0.9988491 -0.03398752 0.033845 -0.9988998 0.00917977 0.04598832 -0.9988998 0.009112238 0.04600262 -0.9987933 0.01871228 -0.04540985 -0.9988352 -0.04007285 0.0268799 -0.9988936 4.49853e-5 0.0470277 -0.904025 -0.3304452 -0.2711915 -0.9040124 -0.3304631 -0.2712119 -0.9040098 -0.3304667 -0.271216 -0.8935792 0.1303052 0.4295776 -0.8935837 0.1303092 0.429567 -0.8935845 0.1303099 0.429565 -0.9023725 0.125101 -0.4123997 -0.9023565 0.1251025 -0.4124345 -0.9023761 0.1251006 -0.412392 -0.9042061 -0.2709448 -0.3301519 -0.9042157 -0.2709356 -0.3301333 -0.9042176 -0.2709337 -0.3301295 -0.8940307 0.04390877 0.445849 -0.894024 0.04390716 0.4458625 -0.8940227 0.04390686 0.445865 -0.9015218 0.2039909 -0.3816364 -0.9015221 0.2039906 -0.3816357 -0.9015217 0.2039909 -0.3816365 -0.9042252 -0.2013111 -0.3766307 -0.9042179 -0.2013211 -0.3766429 -0.9042269 -0.2013088 -0.376628 -0.8946529 -0.04378622 0.4446111 -0.8946624 -0.04378199 0.4445924 -0.8946643 -0.04378122 0.4445888 -0.9005626 0.2757915 -0.3360447 -0.9005621 0.2757905 -0.3360471 -0.9005628 0.2757917 -0.3360443 -0.9040141 -0.1240981 -0.4090946 -0.9040321 -0.1240791 -0.4090604 -0.9040099 -0.1241024 -0.4091024 -0.8954546 -0.129216 0.4259864 -0.8954449 -0.12923 0.4260024 -0.8954431 -0.1292327 0.4260055 -0.8995347 0.3376839 -0.277141 -0.8995276 0.3376978 -0.2771466 -0.8995361 0.3376809 -0.2771398 -0.9036425 -0.0419777 -0.4262254 -0.9036301 -0.04198735 -0.4262509 -0.9036453 -0.04197549 -0.4262196 -0.8963642 -0.2089857 0.3909687 -0.896379 -0.2089632 0.3909467 -0.8963817 -0.2089589 0.3909425 -0.8984643 0.3872011 -0.2069718 -0.8984639 0.3872051 -0.2069664 -0.8984645 0.3872002 -0.206973 8.56503e-6 -0.8314627 0.5555807 8.80667e-6 -0.8314469 0.5556042 -0.8973923 -0.2799164 0.3410777 -0.8974008 -0.2799057 0.341064 -0.8974024 -0.2799037 0.3410614 -0.8973942 0.4222323 -0.1280765 -0.8973987 0.4222234 -0.1280747 -0.8973932 0.4222342 -0.1280769 -0.8984723 -0.3393749 0.2785181 -0.8984653 -0.3393869 0.2785258 -0.898464 -0.3393893 0.2785274 -0.8963732 0.441165 -0.04345798 -0.8963754 0.4411607 -0.04345506 -0.8963727 0.4411659 -0.04345864 -0.8995349 -0.3852626 0.2059365 -0.8995311 -0.3852705 0.2059379 -0.8995304 -0.3852722 0.2059382 -0.8954526 0.4430127 0.04363995 -0.8954465 0.4430254 0.04363846 -0.8954539 0.44301 0.04364025 -0.9005621 -0.4160087 0.1261932 -0.9005662 -0.4159998 0.1261925 -0.9005672 -0.4159982 0.1261924 -0.8946564 0.4275196 0.1296808 -0.8946568 0.427519 0.1296797 -0.8946563 0.4275197 0.129681 -0.901526 -0.4306408 0.04241979 -0.9015114 -0.4306718 0.04241478 -0.9015085 -0.430678 0.04241377 -0.8940268 0.3951113 0.211195 -0.8940224 0.3951179 0.2112014 -0.8940277 0.3951099 0.2111936 -0.9023626 -0.4289019 -0.04224878 -0.9023768 -0.4288731 -0.04223817 -0.9023796 -0.4288673 -0.04223603 -0.8935901 0.3469916 0.2847694 -0.8935933 0.3469842 0.2847687 -0.8935894 0.3469932 0.2847695 -0.9030916 -0.4109573 -0.124658 -0.9030883 -0.4109626 -0.1246657 -0.9030876 -0.4109636 -0.1246672 -0.8933687 0.2850461 0.3473346 -0.8933563 0.2850677 0.3473483 -0.8933712 0.2850415 0.3473317 -0.9036445 -0.3777087 -0.201898 -0.9036444 -0.3777121 -0.2018924 -0.9036443 -0.3777129 -0.2018912 -0.8933605 0.2118239 0.3962799 -0.8933557 0.2118246 0.3962903 -0.8933548 0.2118247 0.3962923 -0.9030679 0.0420975 -0.4274297 -0.9030833 0.04209971 -0.4273971 -0.9030646 0.04209697 -0.4274371 -0.995606 0.09319072 -0.00917989 -0.9956061 0.09318989 -0.009178042 -0.995606 0.09319078 -0.009180009 -0.9955601 0.08301395 -0.04437285 -0.9955599 0.08301711 -0.04436945 -0.9955601 0.08301371 -0.04437303 -0.9955416 0.05983853 -0.07291311 -0.9955416 0.05984008 -0.07291227 -0.9955416 0.05983847 -0.07291316 -0.995554 0.02734845 -0.09013587 -0.9955541 0.02734154 -0.09013646 -0.995554 0.02734106 -0.09013652 -0.9955952 -0.009193599 -0.09330546 -0.9955952 -0.009191572 -0.09330582 -0.9955951 -0.009191453 -0.09330582 -0.995658 -0.04387438 -0.08209949 -0.9956576 -0.04388093 -0.08209979 -0.9956577 -0.04388135 -0.08209979 -0.9957312 -0.07134759 -0.05855625 -0.9957308 -0.07135361 -0.05855613 -0.9957308 -0.07135397 -0.05855613 -0.9958035 -0.08757877 -0.02656227 -0.9958035 -0.08757746 -0.02656495 -0.9958035 -0.08757734 -0.02656513 -0.9958649 -0.09040975 0.008909523 -0.9958648 -0.09041142 0.008906424 -0.9958647 -0.09041154 0.008906185 -0.9959061 -0.07971936 0.04261404 -0.9959061 -0.0797199 0.04261219 -0.9959062 -0.07971996 0.04261207 -0.9959222 -0.05723547 0.06973648 -0.9959224 -0.05723148 0.06973689 -0.9959224 -0.05723124 0.06973695 -0.9959114 -0.02621877 0.08644652 -0.9959112 -0.02623128 0.08644586 -0.9959115 -0.02621799 0.08644652 -0.9958745 0.00889337 0.09030401 -0.9958745 0.00889486 0.09030383 -0.9958746 0.008893311 0.09030401 -0.9958167 0.04307538 0.08058345 -0.9958165 0.04308396 0.08058142 -0.9958167 0.04307484 0.08058357 -0.9957456 0.07122898 0.05845606 -0.9957457 0.07122784 0.05845695 -0.9957457 0.07122904 0.058456 -0.9956718 0.08893829 0.02697843 -0.9956715 0.08894062 0.02698224 -0.9956718 0.08893811 0.02697813 -0.977882 0.09858787 0.1844646 -0.9778823 0.09859991 0.1844565 -0.977882 0.09858566 0.1844661 -0.9778808 0.02050793 -0.2081551 -0.9778811 0.02050036 -0.2081548 -0.9778808 0.0205093 -0.2081552 -0.9778813 -0.1326904 0.1616831 -0.9778807 -0.1326872 0.1616895 -0.9778815 -0.132691 0.161682 -0.977881 0.06072235 0.200154 -0.97788 0.06072187 0.2001592 -0.9778813 0.06072241 0.2001531 -0.9778814 0.06072169 -0.2001524 -0.9778795 0.06072163 -0.2001611 -0.9778789 0.06072163 -0.200164 -0.97788 -0.1616874 0.1326947 -0.9778816 -0.1616753 0.1326984 -0.9778798 -0.1616896 0.132694 -0.977881 0.02050787 0.2081544 -0.9778811 0.0205003 0.2081546 -0.9778811 0.02049779 0.2081547 -0.9778817 0.09859484 -0.1844628 -0.9778804 0.09861582 -0.1844587 -0.9778799 0.09862285 -0.1844573 -0.9778798 -0.1844755 0.09858959 -0.9778808 -0.1844767 0.09857755 -0.9778811 -0.1844772 0.09857356 -0.9778802 0.132696 -0.1616855 -0.9778823 0.1326754 -0.1616899 -0.9778798 0.1326998 -0.1616848 -0.9778809 -0.2001547 0.06072169 -0.9778819 -0.2001497 0.06072068 -0.9778807 -0.2001556 0.06072193 -0.97788 0.161687 -0.1326952 -0.9778822 0.161673 -0.1326966 -0.9778796 0.1616896 -0.132695 -0.9778812 -0.2081544 0.02050238 -0.9778807 -0.2081559 0.02050578 -0.9778813 -0.208154 0.02050179 -0.9778803 0.1844658 -0.09860289 -0.9778804 0.1844669 -0.0986008 -0.9778803 0.1844657 -0.09860324 -0.9778814 -0.2081533 -0.0205006 -0.9778813 -0.208154 -0.0205031 -0.9778811 -0.2081542 -0.02050393 -0.9778802 0.2001631 -0.06070601 -0.9778813 0.2001596 -0.0606988 -0.9778816 0.2001584 -0.06069636 -0.9778802 -0.2001577 -0.06072235 -0.9778813 -0.200153 -0.06071978 -0.9778817 -0.2001515 -0.06071889 -0.9778817 0.2081503 -0.02051228 -0.9778814 0.2081529 -0.02050602 -0.9778818 0.2081499 -0.02051341 -0.97788 -0.1844748 -0.09858977 -0.9778816 -0.1844724 -0.09857857 -0.9778797 -0.1844753 -0.0985918 -0.9778822 0.2081487 0.02051383 -0.9778809 0.2081545 0.02050864 -0.9778805 0.2081565 0.02050691 -0.9778802 -0.161687 -0.1326944 -0.9778823 -0.161673 -0.1326963 -0.9778829 -0.1616682 -0.1326971 -0.9778813 0.2001575 0.06070548 -0.977881 0.2001612 0.06070047 -0.9778814 0.2001569 0.06070643 -0.97788 -0.1326891 -0.1616922 -0.9778814 -0.1326767 -0.1616939 -0.9778818 -0.1326726 -0.1616944 -0.9778799 0.1844686 0.09860253 -0.9778811 0.1844638 0.09859871 -0.9778815 0.1844622 0.0985974 -0.9778825 -0.0985974 -0.1844571 -0.9778804 -0.09860622 -0.1844635 -0.9778829 -0.09859579 -0.184456 -0.9778804 -0.02050936 0.208157 -0.9778815 -0.0205006 0.2081527 -0.9778819 -0.02049767 0.2081512 -0.9778799 0.1616874 0.1326955 -0.9778815 0.1616753 0.1326986 -0.977882 0.1616714 0.1326996 -0.977881 -0.0607196 -0.2001553 -0.9778802 -0.06072676 -0.2001565 -0.9778811 -0.06071829 -0.2001551 -0.9778809 -0.06071966 0.2001551 -0.9778805 -0.06072711 0.2001552 -0.9778803 -0.06072962 0.2001553 -0.9778814 0.1326904 0.1616823 -0.9778807 0.1326872 0.1616892 -0.9778805 0.1326861 0.1616916 -0.9778807 -0.02050924 -0.2081556 -0.9778816 -0.02050054 -0.2081523 -0.9778805 -0.02051085 -0.2081562 -0.9778814 -0.09859663 0.1844635 -0.9778835 -0.09858071 0.1844608 -0.977881 -0.09859955 0.1844639 -0.9616818 0.1292452 -0.2417929 -0.9616864 0.1292112 -0.2417928 -0.9616789 0.1292669 -0.241793 -0.9616809 -0.241808 0.1292235 -0.96168 -0.2417945 0.129256 -0.9616791 -0.2417832 0.1292834 -0.9616796 0.1739238 -0.2119504 -0.9616809 0.1739346 -0.2119359 -0.9616819 0.1739436 -0.2119235 -0.961682 -0.2623588 0.07959729 -0.9616848 -0.2623503 0.07959204 -0.9616802 -0.2623642 0.07960063 -0.9616875 0.2119184 -0.173919 -0.9616884 0.2119176 -0.173915 -0.9616869 0.2119188 -0.1739217 -0.9616779 -0.2728608 0.02688205 -0.9616773 -0.2728633 0.02687871 -0.9616783 -0.2728593 0.02688419 -0.9616805 0.2417943 -0.1292522 -0.9616856 0.2417714 -0.1292575 -0.9616773 0.241809 -0.1292489 -0.9616789 -0.2728576 -0.0268774 -0.9616832 -0.2728434 -0.0268737 -0.9616866 -0.2728314 -0.0268706 -0.9616861 0.2623538 -0.07956385 -0.9616835 0.2623571 -0.07958465 -0.9616814 0.2623598 -0.0796023 -0.9616807 -0.2623631 -0.0795986 -0.9616788 -0.2623711 -0.07959526 -0.9616772 -0.2623779 -0.07959234 -0.9616792 0.2728571 -0.02687489 -0.9616835 0.2728422 -0.02687245 -0.9616764 0.2728667 -0.02687638 -0.9616843 -0.2417953 -0.129222 -0.9616807 -0.2417911 -0.1292566 -0.9616867 -0.241798 -0.1292 -0.9616779 0.2728611 0.0268796 -0.9616773 0.2728637 0.02687764 -0.9616766 0.272866 0.02687591 -0.9616861 -0.2119224 -0.1739223 -0.9616878 -0.2119194 -0.1739165 -0.9616892 -0.211917 -0.1739115 -0.9616844 0.2623594 0.07956558 -0.9616855 0.2623504 0.07958263 -0.9616838 0.2623652 0.07955461 -0.9616808 -0.1739245 -0.211944 -0.9616813 -0.1739301 -0.2119372 -0.9616817 -0.1739348 -0.2119314 -0.9616831 0.2417887 0.129244 -0.9616876 0.2417665 0.1292524 -0.9616913 0.2417475 0.1292596 -0.9616811 -0.1292331 -0.2418025 -0.9616845 -0.1292083 -0.241802 -0.9616874 -0.1291872 -0.2418017 -0.9616851 -0.02689057 0.2728344 -0.9616879 -0.02688592 0.2728255 -0.9616901 -0.02688199 0.272818 -0.961687 0.2119176 0.1739225 -0.9616861 0.2119272 0.1739162 -0.9616853 0.2119354 0.1739108 -0.9616847 -0.07959181 -0.2623509 -0.9616861 -0.07958954 -0.262346 -0.9616836 -0.07959324 -0.262354 -0.9616869 -0.07958501 0.2623448 -0.9616848 -0.07957929 0.2623539 -0.9616832 -0.07957446 0.2623616 -0.9616818 0.1739189 0.2119444 -0.9616803 0.1739358 0.2119373 -0.9616827 0.1739081 0.2119488 -0.9616861 -0.02688479 -0.2728319 -0.961687 -0.02687209 -0.2728299 -0.9616855 -0.02689284 -0.2728331 -0.9616799 -0.129235 0.2418059 -0.9616817 -0.129213 0.2418109 -0.9616788 -0.129249 0.2418027 -0.961681 0.1292464 0.2417952 -0.9616846 0.1292144 0.2417987 -0.9616874 0.1291872 0.2418017 -0.9616858 0.02688479 -0.272833 -0.9616862 0.02687209 -0.2728328 -0.9616864 0.02686131 -0.2728326 -0.9616816 -0.1739228 0.211942 -0.9616802 -0.1739328 0.2119405 -0.9616825 -0.1739165 0.2119429 -0.961687 0.0795769 0.2623463 -0.9616867 0.07957315 0.2623491 -0.9616862 0.07956993 0.2623515 -0.9616859 0.07960063 -0.2623433 -0.9616852 0.07959437 -0.2623475 -0.9616864 0.07960462 -0.2623407 -0.9616885 -0.2119137 0.1739192 -0.9616867 -0.2119254 0.1739147 -0.9616897 -0.2119062 0.1739221 -0.9616845 0.02689069 0.2728369 -0.9616861 0.02688622 0.2728318 -0.9616835 0.02689355 0.27284 -1 -3.93279e-6 0 -1 -7.86156e-6 0 -1 -7.3287e-7 0 1 3.47358e-7 0 1 4.65422e-7 0 1 -7.38847e-7 0 1 -1.5356e-7 0 1 4.6543e-7 0 1 3.39689e-7 0 1 -1.61125e-7 0 1 0 0 1 0 0 1 0 0 1 -2.11351e-7 0 1 2.73379e-7 0 1 0 0 1 7.38838e-7 0 1 0 0 1 -5.06136e-7 0 1 4.67554e-7 0 1 -9.37751e-7 0 1 7.39609e-7 0 1 5.05087e-7 0 1 3.69421e-7 0 1 3.19976e-7 0 1 -1.84717e-7 0 1 -3.49076e-7 0 1 -9.69739e-7 0 1 -1.61121e-7 0 1 -5.21714e-7 0 1 0 0 1 0 0 1 1.61123e-7 0 1 5.54126e-7 0 1 7.38842e-7 0 1 -3.19992e-7 0 1 0 0 1 4.66438e-7 0 1 -7.38857e-7 0 1 1.58514e-7 0 1 -3.19971e-7 0 1 0 0 1 3.60587e-7 0 1 4.65426e-7 0 1 -2.32713e-7 0 1 1.84718e-7 0 1 3.47363e-7 0 1 0 0 1 2.668e-7 0 1 -2.72371e-7 0 1 -7.38835e-7 0 1 -2.32716e-7 0 1 -3.69415e-7 0 1 0 0 1 5.21715e-7 0 1 -3.4736e-7 0 1 0 0 1 -4.65432e-7 0 1 1.10774e-6 0 1 7.38844e-7 0 1 0 0 1 -2.92106e-7 0 0.9451097 -0.3251799 -0.0320245 0.9451084 -0.325184 -0.03202474 0.9451102 -0.3251791 -0.03202444 0.9451111 0.2525808 0.2072873 0.9451114 0.2525793 0.2072879 0.9451111 0.2525812 0.2072871 0.9451134 -0.3126722 -0.09485191 0.9451103 -0.312681 -0.09485328 0.9451097 -0.3126827 -0.09485357 0.94511 0.2072898 0.2525829 0.9451143 0.2072843 0.2525714 0.9451091 0.207291 0.2525855 0.9451063 -0.2881792 -0.1540356 0.9451124 -0.2881636 -0.1540272 0.9451136 -0.2881604 -0.1540255 0.945109 0.1540264 0.2881755 0.9451113 0.1540259 0.2881678 0.9451118 0.1540258 0.2881663 0.9451072 0.03202694 -0.325187 0.9451119 0.03202664 -0.3251733 0.945113 0.03202658 -0.3251706 0.9451043 -0.252597 -0.2072991 0.9451 -0.2526081 -0.2073045 0.9450992 -0.2526103 -0.2073057 0.9451092 0.09485262 0.3126845 0.9451084 0.09485155 0.3126874 0.9451094 0.09485286 0.3126839 0.9451139 0.09485405 -0.3126699 0.9451104 0.09485077 -0.3126816 0.9451097 0.09485012 -0.3126839 0.9451091 -0.2072854 -0.2525897 0.9451039 -0.2073033 -0.2525944 0.9451029 -0.2073069 -0.2525954 0.94511 0.03202641 0.3251791 0.9451108 0.03202372 0.325177 0.9451098 0.032027 0.3251796 0.9451131 0.154022 -0.2881643 0.9451076 0.1540377 -0.2881739 0.9451143 0.1540184 -0.2881621 0.9451135 -0.1540243 -0.2881612 0.9451078 -0.1540399 -0.288172 0.9451066 -0.1540431 -0.2881741 0.9451093 -0.0320273 0.3251814 0.9451102 -0.03202462 0.3251789 0.9451103 -0.03202408 0.3251785 0.9451081 0.2072902 -0.2525893 0.9451048 0.2073043 -0.25259 0.9451089 0.2072871 -0.2525892 0.9451121 -0.09485167 -0.3126762 0.9451152 -0.09484851 -0.3126677 0.9451159 -0.09484791 -0.3126661 0.9451071 -0.09485435 0.3126903 0.9451104 -0.09484982 0.312682 0.945111 -0.09484893 0.3126804 0.9451054 0.2525961 -0.2072946 0.9451133 0.2525746 -0.207285 0.9451037 0.252601 -0.2072969 0.9451117 -0.03202414 -0.3251746 0.9451098 -0.03202646 -0.3251798 0.9451094 -0.03202694 -0.3251808 0.9451094 -0.154026 0.2881742 0.9451128 -0.1540238 0.2881642 0.9451086 -0.1540265 0.2881765 0.9451073 0.2881771 -0.1540331 0.9451128 0.2881643 -0.1540234 0.945114 0.2881618 -0.1540215 0.9451074 -0.207295 0.2525885 0.9451124 -0.2072879 0.2525753 0.9451135 -0.2072865 0.2525726 0.9451096 0.3126845 -0.09484952 0.9451066 0.3126918 -0.09485429 0.945106 0.3126932 -0.09485524 0.9451052 -0.2525936 0.2072986 0.945112 -0.2525749 0.2072901 0.9451037 -0.2525978 0.2073006 0.9451086 0.3251833 -0.03202509 0.9451112 0.3251759 -0.03202462 0.9451117 0.3251743 -0.0320245 0.9451078 -0.2881757 0.1540328 0.9451154 -0.2881573 0.1540206 0.9451169 -0.2881535 0.1540181 0.9451072 0.3251873 0.03202539 0.9451086 0.3251833 0.03202491 0.9451089 0.3251826 0.03202486 0.9451051 -0.3126967 0.09485363 0.9451088 -0.3126854 0.09485357 0.9451043 -0.3126993 0.09485363 0.945105 0.3126966 0.09485411 0.9451088 0.3126854 0.09485328 0.9451097 0.3126831 0.09485316 0.9451076 -0.3251864 0.03202521 0.9451087 -0.3251832 0.03202527 0.9451074 -0.3251872 0.03202521 0.9451079 0.2881758 0.1540325 0.9451155 0.2881573 0.1540197 0.9451061 0.28818 0.1540354 0.9970536 0.07633888 0.007518291 0.9970536 0.07633906 0.007518649 0.9970536 0.07633912 0.007518708 0.997069 0.06747442 0.03606605 0.9970692 0.06747132 0.03606617 0.9970692 0.06747066 0.03606623 0.9971026 0.04825752 0.05880278 0.9971025 0.04825991 0.05880135 0.9971025 0.04826039 0.05880105 0.9971485 0.02190798 0.07221537 0.9971485 0.02191299 0.07221406 0.9971485 0.021914 0.07221376 0.9971992 -0.007328689 0.07443106 0.9971993 -0.00733143 0.07443034 0.9971993 -0.007332026 0.07443022 0.997247 -0.03495538 0.06539654 0.9972472 -0.03494858 0.06539732 0.9972472 -0.03494721 0.0653975 0.9972847 -0.05692553 0.04671865 0.9972848 -0.05692797 0.04671639 0.9972848 -0.05692845 0.04671591 0.9973076 -0.07017487 0.02128767 0.9973075 -0.07017469 0.02128994 0.9973075 -0.07017463 0.02129042 0.9973126 -0.07291179 -0.007180571 0.9973127 -0.07291048 -0.007181704 0.9973126 -0.07291185 -0.007180452 0.9972991 -0.064776 -0.03462147 0.9972992 -0.06477594 -0.03462016 0.9972991 -0.064776 -0.03462153 0.9972688 -0.04685443 -0.05709266 0.9972687 -0.04685431 -0.05709367 0.9972688 -0.04685449 -0.0570926 0.9972258 -0.02160865 -0.07123118 0.9972258 -0.02160984 -0.07123166 0.9972258 -0.02160859 -0.07123112 0.9971758 0.007359385 -0.07474201 0.9971758 0.007362484 -0.07474118 0.9971758 0.007359147 -0.07474207 0.9971264 0.03570783 -0.0668137 0.9971264 0.03570908 -0.06681275 0.9971263 0.03570777 -0.06681376 0.9970852 0.05897861 -0.04840236 0.9970849 0.05898088 -0.04840552 0.9970852 0.05897843 -0.04840219 0.9970595 0.07333278 -0.0222451 0.9970593 0.07333505 -0.02224361 0.9970595 0.07333266 -0.02224522 -0.9891028 -0.09339731 0.11381 -0.9891033 -0.09339207 0.1138101 -0.9891027 -0.09339833 0.11381 0.9891029 -0.04274213 -0.1408854 0.9891031 -0.04274076 -0.1408838 0.9891033 -0.04274034 -0.1408832 -0.9891028 0.04272758 -0.1408905 -0.9891029 0.04272753 -0.1408895 -0.9891028 0.04272758 -0.1408907 0.9891028 0.113809 -0.09339791 0.9891027 0.113815 -0.09339272 0.9891029 0.1138079 -0.09339886 -0.9891031 0.01443153 0.1465159 -0.9891033 0.01442569 0.1465155 -0.9891033 0.01442366 0.1465153 0.9891024 -0.06940931 0.1298415 0.9891024 -0.06941378 0.12984 0.9891024 -0.06940841 0.1298418 -0.9891031 -0.1298434 0.06939476 -0.9891024 -0.1298512 0.06939309 -0.989102 -0.1298539 0.0693925 -0.9891031 0.09340256 -0.1138033 -0.9891025 0.09340471 -0.113807 -0.9891023 0.09340548 -0.1138083 0.989103 0.1408839 -0.04274559 0.9891029 0.140883 -0.04275053 0.9891028 0.1408827 -0.04275226 0.9891029 -0.1138054 0.09340232 0.9891029 -0.1138057 0.09340184 0.9891029 -0.1138058 0.09340167 -0.9891032 -0.1465157 0.01442986 -0.9891029 -0.146519 0.0144214 -0.9891027 -0.1465201 0.01441848 -0.9891027 0.1298418 -0.06940495 -0.989104 0.1298315 -0.06940525 -0.9891024 0.1298438 -0.0694049 0.9891032 0.1465153 0.01443099 0.9891027 0.1465191 0.01442348 0.9891026 0.1465204 0.01442092 0.9891031 -0.1408866 0.04273301 0.9891032 -0.1408888 0.04272431 0.9891031 -0.1408861 0.04273462 -0.9891037 -0.140879 -0.04274249 -0.9891022 -0.1408891 -0.04274553 -0.9891017 -0.1408925 -0.0427466 -0.9891028 0.1465176 -0.01443338 -0.9891025 0.1465191 -0.01444113 -0.9891029 0.1465173 -0.01443189 0.989103 0.129845 0.0693953 0.9891027 0.1298499 0.06939071 0.9891026 0.1298516 0.06938916 0.9891029 -0.1465176 -0.01443207 0.9891026 -0.1465185 -0.01443922 0.9891029 -0.1465175 -0.0144307 -0.9891029 -0.1138054 -0.0934025 -0.9891027 -0.1138053 -0.0934031 -0.9891027 -0.1138052 -0.09340333 -0.9891031 0.1408857 0.04273468 -0.9891024 0.140892 0.04273134 -0.9891034 0.1408845 0.04273533 0.9891028 0.09339749 0.1138103 0.989103 0.0933932 0.1138115 0.9891027 0.09339833 0.11381 0.989103 -0.129839 -0.06940531 0.9891035 -0.1298347 -0.0694074 0.989103 -0.1298398 -0.0694049 -0.9891023 -0.06941086 -0.1298415 -0.9891026 -0.06942099 -0.1298347 -0.9891023 -0.06940895 -0.1298428 0.989103 0.0144304 -0.1465166 0.9891034 0.01442354 -0.146515 0.9891035 0.01442116 -0.1465145 -0.9891029 0.1138091 0.09339714 -0.9891026 0.1138157 0.09339308 -0.989103 0.1138079 0.09339791 0.9891026 0.04273062 0.1408909 0.9891028 0.0427286 0.1408905 0.9891026 0.04273104 0.140891 -0.9891028 -0.04274487 0.1408855 -0.9891033 -0.04274177 0.1408832 -0.9891033 -0.0427407 0.1408823 0.9891026 -0.09340262 -0.1138076 0.9891032 -0.09339344 -0.1138095 0.9891024 -0.09340435 -0.1138073 -0.9891026 -0.01443243 -0.1465196 -0.9891034 -0.01443493 -0.1465134 -0.9891024 -0.01443195 -0.1465207 0.9891026 0.06939792 -0.1298468 0.9891018 0.06941211 -0.1298454 0.9891015 0.06941705 -0.1298449 -0.9891028 0.06939685 0.1298454 -0.9891022 0.06941103 0.129842 -0.989102 0.06941592 0.1298408 0.9891027 -0.01443368 0.1465188 0.9891031 -0.01443707 0.1465153 0.9891026 -0.01443302 0.1465194 0.9497138 0.2996299 -0.09091603 0.9497106 0.299645 -0.09089994 0.9497083 0.2996557 -0.09088844 0.9497089 -0.2420561 0.1986506 0.9497101 -0.2420533 0.1986483 0.9497109 -0.2420513 0.1986467 -0.9497072 -0.3116332 0.03067356 -0.9497047 -0.3116397 0.03068727 -0.9497029 -0.3116443 0.0306971 -0.9497131 0.2761381 -0.1476238 -0.9497176 0.2761198 -0.1476297 -0.9497108 0.2761477 -0.1476207 0.9497038 0.3116436 0.03067731 0.9497085 0.311628 0.03068679 0.949712 0.3116169 0.03069353 0.9497163 -0.299637 0.09086674 0.9497101 -0.2996524 0.09088081 0.9497195 -0.2996289 0.09085941 -0.949712 -0.2996383 -0.09090662 -0.9497062 -0.299659 -0.09089922 -0.949702 -0.2996738 -0.09089392 -0.9497099 0.3116213 -0.03071331 -0.949711 0.3116187 -0.03070437 -0.9497093 0.3116226 -0.03071796 0.949714 0.2761507 0.1475951 0.9497053 0.2761621 0.1476295 0.9496992 0.2761702 0.147654 0.9497094 -0.3116232 -0.03071075 0.9497119 -0.3116163 -0.030703 0.9497081 -0.3116267 -0.0307148 -0.9497097 -0.2420542 -0.1986491 -0.9497125 -0.2420476 -0.1986436 -0.9497144 -0.242043 -0.1986398 -0.9497153 0.2996364 0.09087926 -0.9497137 0.2996401 0.09088236 -0.949716 0.2996344 0.09087765 0.9497088 0.1986309 0.2420725 0.9497131 0.1986089 0.2420735 0.9497064 0.1986423 0.2420719 0.9497115 -0.2761426 -0.1476262 0.9497127 -0.2761327 -0.1476367 0.9497108 -0.2761477 -0.1476207 -0.9497175 -0.1476143 -0.2761282 -0.9497153 -0.1476232 -0.2761312 -0.9497187 -0.1476097 -0.2761267 0.9497103 0.03066396 -0.311625 0.9497122 0.03064882 -0.3116205 0.9497137 0.03063797 -0.3116174 -0.9497116 0.242065 0.1986266 -0.9497161 0.242068 0.1986013 -0.9497092 0.2420635 0.1986398 0.9497136 0.090882 0.2996408 0.9497135 0.0908814 0.2996411 0.9497137 0.09088236 0.2996407 -0.9497121 -0.09092068 0.2996338 -0.9497143 -0.09094715 0.2996186 -0.949716 -0.09096604 0.2996078 0.9497108 -0.1986359 -0.2420604 0.9497086 -0.1986408 -0.2420652 0.949712 -0.1986333 -0.2420579 -0.949712 -0.03070318 -0.3116158 -0.9497101 -0.03071999 -0.3116201 -0.949713 -0.03069442 -0.3116136 0.9497148 0.1475856 -0.2761527 0.9497191 0.1475586 -0.2761521 0.9497224 0.1475394 -0.2761517 -0.9497115 0.1475956 0.2761589 -0.9497132 0.1475777 0.2761626 -0.9497106 0.147605 0.276157 0.9497132 -0.03070849 0.3116118 0.94971 -0.03072631 0.3116202 0.9497149 -0.03069919 0.3116074 -0.9497119 -0.1986246 0.2420648 -0.9497134 -0.1986083 0.2420728 -0.9497113 -0.1986332 0.2420607 0.9497116 -0.09091615 -0.299637 0.9497128 -0.09093397 -0.2996277 0.9497136 -0.09094667 -0.2996212 -0.9497109 0.09087908 -0.2996504 -0.9497117 0.090869 -0.2996506 -0.9497104 0.09088438 -0.2996503 0.9497116 0.2420662 -0.198625 0.9497141 0.2420706 -0.1986077 0.9497103 0.2420638 -0.198634 -0.9497116 0.03066897 0.3116204 -0.9497137 0.03065502 0.3116156 -0.9497151 0.03064507 0.3116122 0.9497171 -0.1476013 0.2761363 0.9497151 -0.1476178 0.2761346 0.9497182 -0.1475927 0.2761372 -0.9497113 -0.2761577 0.1475989 -0.9497067 -0.276158 0.1476273 -0.9497035 -0.2761583 0.1476476 -0.9497116 0.1986519 -0.2420441 -0.9497137 0.1986397 -0.2420462 -0.9497151 0.1986309 -0.2420476 1 1.26834e-5 0 1 4.19013e-6 0 1 -5.16451e-7 0 -0.4947568 -0.7664158 -0.4096614 -0.4947494 0.8648505 0.08518695 -0.4947614 -0.6717723 -0.5513015 -0.4947416 0.8316196 0.2522692 -0.4947568 -0.5513062 -0.6717718 -0.4947595 0.76642 0.4096507 -0.4947708 -0.4096598 -0.7664078 -0.4947777 -0.08518582 0.8648344 -0.4947431 0.6717718 0.5513183 -0.4947459 -0.2522622 -0.8316192 -0.4947466 -0.2522701 0.8316164 -0.494749 0.5513143 0.6717709 -0.4947744 -0.08518481 -0.8648363 -0.4947491 -0.4096563 0.7664235 -0.4947491 0.4096563 0.7664235 -0.494744 0.0851745 -0.8648549 -0.4947452 -0.5513153 0.6717729 -0.4947452 0.2522717 0.8316166 -0.4947751 0.2522646 -0.831601 -0.4947472 -0.6717736 0.5513124 -0.4947579 0.08518582 0.8648456 -0.4947573 0.409667 -0.7664126 -0.4947431 -0.7664294 0.4096527 -0.494749 0.5513143 -0.6717709 -0.4947816 -0.8316009 0.2522525 -0.4947906 0.671763 -0.5512865 -0.4947498 -0.8648505 0.08518475 -0.4947404 0.7664253 -0.4096639 -0.494746 -0.8648524 -0.08518582 -0.4947552 0.8316138 -0.2522614 -0.4947553 -0.831614 -0.2522609 -0.4947465 0.8648524 -0.08518451 0 -0.8819192 -0.4714008 0 0.9951841 0.09802418 0 -0.773007 -0.6343976 0 0.9569399 0.290286 0 -0.6343958 -0.7730084 0 0.8819221 0.4713953 0 -0.4713953 -0.8819221 0 0.7730073 0.6343972 0 0.6343974 0.7730072 0 -0.09800881 -0.9951856 0 0.4713883 0.8819259 0 0.09801018 -0.9951854 0 -0.6343977 0.7730069 0 0.2902863 -0.9569399 0 -0.7730076 0.6343968 0 0.09802359 0.9951841 0 0.4714056 -0.8819165 0 -0.8819165 0.4714056 0 0.6343815 -0.7730201 0 -0.9569436 0.2902739 0 0.7730203 -0.6343814 0 -0.9951841 0.09802353 0 0.8819162 -0.4714062 0 -0.9951843 -0.09802198 0 0.9569436 -0.2902739 0 -0.9569428 -0.2902767 0 0.9951842 -0.09802263 0.5028652 0.762297 -0.407468 0.5028405 -0.8602165 -0.08472985 0.5028358 0.8271648 -0.2509077 0.5028626 -0.8271489 -0.2509062 0.5028515 0.8602102 -0.08472841 0.5028416 -0.7623113 -0.4074701 0.5028358 0.8602199 0.08472365 0.5028327 -0.668176 -0.5483613 0.502839 0.8271594 0.2509191 0.5028497 -0.5483555 -0.668168 0.5028648 0.7622971 0.407468 0.5028628 -0.4074573 -0.7623041 0.502856 -0.08473449 0.8602069 0.5028503 0.6681709 0.5483515 0.5028601 -0.2509131 -0.8271483 0.5028356 -0.2509095 0.8271644 0.5028594 0.5483519 0.6681637 0.5028615 -0.08471632 -0.8602056 0.5028561 -0.4074655 0.7623043 0.5028387 0.4074721 0.7623121 0.5028565 0.08472299 -0.8602078 0.5028345 -0.5483602 0.6681756 0.5028431 0.2509191 0.827157 0.5028632 0.2509136 -0.8271462 0.5028419 -0.6681752 0.548354 0.5028554 0.08472865 0.8602079 0.5028361 0.4074609 -0.7623199 0.5028776 -0.7623007 0.4074456 0.5028534 0.5483516 -0.6681684 0.5028321 -0.827162 0.2509242 0.5028284 0.6681875 -0.5483513 0.5028529 -0.8602095 0.08472728 2.75827e-5 -0.8314728 0.5555655 -0.9987463 -0.02359551 -0.04414844 -0.9040279 -0.3304411 -0.2711868 -0.8935782 0.1303043 0.4295799 -0.9023532 0.1251028 -0.4124414 -0.9042039 -0.2709469 -0.3301562 -0.894032 0.04390907 0.445846 -0.9015221 0.2039905 -0.3816356 -0.9042164 -0.2013232 -0.3766453 -0.8946508 -0.04378706 0.4446151 -0.9005619 0.2757902 -0.3360475 -0.9040357 -0.1240752 -0.4090534 -0.8954567 -0.129213 0.425983 -0.8995262 0.3377006 -0.2771478 -0.9036276 -0.04198926 -0.4262561 -0.8963609 -0.2089905 0.3909733 -0.8984637 0.3872058 -0.2069653 -0.8973904 -0.2799187 0.3410806 -0.8973996 0.4222217 -0.1280743 -0.8984738 -0.3393723 0.2785164 -0.8963759 0.4411598 -0.04345452 -0.8995357 -0.3852608 0.2059363 -0.8954453 0.4430277 0.04363822 -0.9005612 -0.4160107 0.1261934 -0.8946568 0.4275189 0.1296795 -0.9015292 -0.430634 0.04242092 -0.8940215 0.3951192 0.2112026 -0.9023594 -0.4289083 -0.04225111 -0.8935939 0.3469827 0.2847686 -0.9030924 -0.4109562 -0.1246563 -0.8933541 0.2850718 0.347351 -0.9036445 -0.3777079 -0.2018994 -0.8933616 0.2118238 0.3962777 -0.9030864 0.04210013 -0.4273906 -0.9956061 0.09318965 -0.009177684 -0.9955599 0.08301776 -0.04436874 -0.9955416 0.05984038 -0.07291209 -0.9955539 0.02734994 -0.09013569 -0.9955951 -0.009194016 -0.0933054 -0.995658 -0.04387301 -0.08209943 -0.9957314 -0.07134634 -0.05855625 -0.9958035 -0.08757901 -0.02656173 -0.9958649 -0.09040939 0.008910179 -0.9959061 -0.07971924 0.0426144 -0.9959222 -0.05723631 0.06973642 -0.9959112 -0.02623379 0.08644574 -0.9958747 0.008895158 0.09030377 -0.9958165 0.04308569 0.080581 -0.9957457 0.07122761 0.05845713 -0.9956713 0.08894109 0.02698302 -0.9778825 0.09860402 0.1844538 -0.9778811 0.02049779 -0.2081547 -0.9778805 -0.1326861 0.1616916 -0.9778796 0.06072169 0.2001609 -0.9778817 0.06072175 -0.2001508 -0.977882 -0.1616714 0.1326996 -0.977881 0.02050918 0.2081543 -0.9778819 0.09859102 -0.1844635 -0.9778797 -0.1844753 0.0985918 -0.9778829 0.1326684 -0.1616914 -0.9778823 -0.2001481 0.06072032 -0.9778829 0.1616682 -0.1326971 -0.9778805 -0.2081565 0.02050691 -0.9778803 0.1844672 -0.09860008 -0.9778814 -0.2081531 -0.02050018 -0.97788 0.2001637 -0.06070733 -0.97788 -0.2001586 -0.06072282 -0.9778812 0.2081538 -0.02050393 -0.977882 -0.1844716 -0.09857481 -0.9778823 0.2081477 0.02051472 -0.9778798 -0.1616896 -0.132694 -0.9778808 0.2001624 0.0606988 -0.9778798 -0.1326914 -0.1616919 -0.9778797 0.1844694 0.09860318 -0.9778798 -0.0986092 -0.1844656 -0.9778802 -0.02051097 0.2081578 -0.9778796 0.1616896 0.132695 -0.97788 -0.06072914 -0.2001568 -0.9778811 -0.06071829 0.2001551 -0.9778816 0.132691 0.161681 -0.9778819 -0.02049767 -0.2081512 -0.9778842 -0.09857541 0.1844599 -0.9616903 0.1291824 -0.2417927 -0.9616816 -0.2418166 0.1292029 -0.9616788 0.1739169 -0.2119596 -0.9616872 -0.262343 0.07958763 -0.9616892 0.211917 -0.1739115 -0.9616768 -0.2728654 0.02687585 -0.9616898 0.241752 -0.129262 -0.9616763 -0.2728666 -0.02687972 -0.9616878 0.2623519 -0.07955056 -0.9616819 -0.2623581 -0.07960081 -0.9616872 0.2728295 -0.02687042 -0.9616777 -0.2417876 -0.1292859 -0.9616784 0.2728593 0.02688091 -0.9616849 -0.2119242 -0.1739261 -0.9616864 0.2623428 0.07959717 -0.9616805 -0.1739209 -0.2119483 -0.9616802 0.2418029 0.1292386 -0.9616788 -0.129249 -0.2418027 -0.9616835 -0.02689355 0.27284 -0.9616876 0.2119116 0.1739265 -0.9616875 -0.07958769 -0.2623417 -0.9616881 -0.07958871 0.262339 -0.9616791 0.1739501 0.2119314 -0.9616878 -0.02686136 -0.2728282 -0.9616831 -0.1291943 0.2418151 -0.9616789 0.1292669 0.241793 -0.9616855 0.02689284 -0.2728331 -0.9616789 -0.1739413 0.2119393 -0.9616873 0.07957929 0.2623445 -0.9616847 0.07958906 -0.2623511 -0.9616853 -0.2119354 0.1739108 -0.9616873 0.02688246 0.2728275 -1 1.4744e-5 0 -1 4.91426e-7 0 -1 0 0 -1 3.93195e-6 0 -1 1.17813e-4 0 -1 3.93267e-6 0 -1 7.86315e-6 0 -1 2.35877e-4 0 -1 1.57223e-5 0 -1 2.35766e-4 0 -1 7.86111e-6 0 -1 4.42341e-6 0 -1 3.93265e-6 0 -1 4.91545e-7 0 -1 -1.17841e-4 0 -1 -3.93347e-6 0 -1 -2.35787e-4 0 -1 -1.57226e-5 0 -1 -2.35877e-4 0 -1 2.58465e-7 0 -1 7.58175e-5 0 -1 -3.93163e-6 0 -1 -1.17786e-4 0 0.9451081 -0.3251848 -0.0320248 0.9451115 0.252579 0.207288 0.945114 -0.3126702 -0.09485155 0.9451152 0.2072832 0.252569 0.945105 -0.2881827 -0.1540375 0.9451083 0.1540265 0.2881773 0.9451062 0.032027 -0.3251902 0.9451051 -0.2525945 -0.2072978 0.9451082 0.09485131 0.3126879 0.9451147 0.09485477 -0.3126672 0.9451103 -0.2072813 -0.2525886 0.9451109 0.03202319 0.3251766 0.9451065 0.1540409 -0.2881758 0.9451149 -0.1540207 -0.2881587 0.945109 -0.0320279 0.325182 0.9451043 0.2073072 -0.2525901 0.9451113 -0.09485238 -0.3126781 0.9451064 -0.09485536 0.3126921 0.9451149 0.2525702 -0.207283 0.9451121 -0.0320236 -0.3251734 0.9451135 -0.1540234 0.2881622 0.9451061 0.28818 -0.1540354 0.9451062 -0.2072965 0.2525915 0.9451102 0.3126828 -0.09484839 0.9451134 -0.2525712 0.2072885 0.945108 0.325185 -0.03202521 0.945106 -0.2881799 0.1540356 0.9451069 0.3251882 0.03202551 0.9451096 -0.3126831 0.09485352 0.9451042 0.3126992 0.09485429 0.9451089 -0.3251826 0.03202527 0.9451171 0.2881536 0.1540171 0.9970537 0.07633888 0.007518291 0.997069 0.06747466 0.03606599 0.9971026 0.04825741 0.05880284 0.9971485 0.02190768 0.07221549 0.9971993 -0.00732851 0.07443106 0.997247 -0.03495585 0.06539648 0.9972848 -0.05692541 0.04671877 0.9973075 -0.07017493 0.0212875 0.9973127 -0.07291024 -0.007181942 0.9972991 -0.06477594 -0.03461986 0.9972689 -0.04685431 -0.05709391 0.9972257 -0.02161008 -0.07123178 0.9971759 0.00736314 -0.07474106 0.9971263 0.03570932 -0.06681251 0.9970847 0.05898141 -0.04840618 0.9970593 0.07333552 -0.02224326 -0.9891034 -0.09339022 0.1138101 0.9891029 -0.04274237 -0.1408857 -0.989103 0.04272753 -0.1408892 0.9891026 0.113817 -0.09339094 -0.989103 0.01443266 0.1465159 0.9891023 -0.06941533 0.1298395 -0.9891033 -0.129842 0.06939506 -0.9891031 0.09340214 -0.1138026 0.989103 0.1408841 -0.04274463 0.9891028 -0.1138054 0.09340238 -0.9891033 -0.1465151 0.01443147 -0.9891045 0.1298279 -0.06940537 0.9891033 0.1465146 0.01443243 0.9891032 -0.1408896 0.04272133 -0.9891041 -0.1408771 -0.04274189 -0.9891023 0.1465197 -0.01444381 0.989103 0.129844 0.06939613 0.9891025 -0.1465188 -0.01444172 -0.9891028 -0.1138054 -0.09340238 -0.9891021 0.1408942 0.04273015 0.9891031 0.09339171 0.1138119 0.9891036 -0.1298332 -0.06940817 -0.9891026 -0.06942451 -0.1298322 0.989103 0.01443165 -0.1465169 -0.9891024 0.1138179 0.09339165 0.9891029 0.04272788 0.1408904 -0.9891027 -0.04274547 0.1408859 0.9891034 -0.09339022 -0.1138101 -0.9891037 -0.01443576 -0.1465113 0.9891027 0.06939524 -0.1298471 -0.9891029 0.06939417 0.129846 0.9891033 -0.01443827 0.1465141 0.9497156 0.299622 -0.09092438 0.9497082 -0.2420575 0.1986518 -0.9497087 -0.31163 0.03066641 -0.9497207 0.2761067 -0.147634 0.9497013 0.3116517 0.03067243 0.9497056 -0.2996634 0.09089082 -0.9497151 -0.2996275 -0.09091043 -0.9497119 0.3116168 -0.03069806 0.9497184 0.2761448 0.1475772 0.9497137 -0.3116115 -0.03069752 -0.9497082 -0.2420575 -0.1986518 -0.9497127 0.2996428 0.09088456 0.9497162 0.1985931 0.2420743 0.9497135 -0.2761257 -0.1476442 -0.9497137 -0.1476294 -0.2761334 0.9497093 0.03067189 -0.3116272 -0.9497194 0.2420701 0.1985832 0.9497135 0.09088099 0.2996414 -0.9497109 -0.09090691 0.2996417 0.9497069 -0.1986443 -0.2420686 -0.9497088 -0.03073197 -0.3116232 0.9497125 0.1475996 -0.276153 -0.9497143 0.1475648 0.2761652 0.9497075 -0.030739 0.3116261 -0.9497144 -0.1985966 0.2420784 0.9497109 -0.09090691 -0.2996417 -0.9497124 0.09086173 -0.2996506 0.9497159 0.2420739 -0.1985953 -0.9497106 0.03067624 0.3116229 0.9497137 -0.1476294 0.2761334 -0.9497137 -0.2761575 0.147584 -0.9497106 0.1986584 -0.242043 1 -6.19118e-5 0 1 2.06865e-6 0 1 1.24131e-4 0 1 4.1366e-6 0 1 -5.58549e-6 0 1 -4.19037e-6 0 1 -8.09676e-5 0 1 -1.241e-4 0 1 1.57799e-4 0 1 -6.85847e-5 0 1 -8.54561e-6 0 1 1.39653e-6 0 1 1.81269e-7 0 1 1.97264e-5 0 1 -1.55164e-5 0 1 4.13787e-6 0 1 1.24224e-4 0 1 7.41707e-5 0 1 -7.68286e-5 0 1 1.241e-4 0 1 -2.06833e-6 0 1 -6.20194e-5 0 1 -5.17501e-7 0 1 4.64569e-5 0</float_array>
          <technique_common>
            <accessor source="#Circle_Circle_002-mesh-normals-array" count="1455" stride="3">
              <param name="X" type="float"/>
              <param name="Y" type="float"/>
              <param name="Z" type="float"/>
            </accessor>
          </technique_common>
        </source>
        <source id="Circle_Circle_002-mesh-map-0">
          <float_array id="Circle_Circle_002-mesh-map-0-array" count="4992">0.743133 0.580941 0.73047 0.545484 0.743124 0.54482 0.620685 0.134133 0.633304 0.10394 0.633339 0.1360909 0.743124 0.54482 0.730479 0.511353 0.743133 0.509393 0.620703 0.16956 0.633339 0.1360909 0.633356 0.170221 0.743133 0.509393 0.730506 0.479203 0.743161 0.476022 0.620703 0.16956 0.633356 0.20502 0.620703 0.205681 0.743161 0.476022 0.730549 0.450268 0.743206 0.445989 0.538311 0.620491 0.525691 0.648999 0.525654 0.618022 0.620685 0.241108 0.633356 0.20502 0.633339 0.239151 0.825363 0.04518699 0.838087 0.075006 0.82543 0.07072895 0.538288 0.585744 0.525654 0.618022 0.525632 0.584547 0.620685 0.241108 0.633304 0.271301 0.620648 0.274479 0.82543 0.07072895 0.838138 0.103941 0.825482 0.100762 0.538288 0.585744 0.525624 0.54986 0.53828 0.54974 0.620648 0.274479 0.633253 0.300235 0.620596 0.304513 0.825518 0.134133 0.838138 0.103941 0.838173 0.1360909 0.538288 0.513861 0.525624 0.54986 0.525632 0.515295 0.620596 0.304513 0.633188 0.324842 0.620528 0.330054 0.825537 0.16956 0.838173 0.1360909 0.83819 0.170221 0.538288 0.513861 0.525654 0.482179 0.538311 0.479488 0.538349 0.652644 0.52574 0.676289 0.525691 0.648999 0.825537 0.205681 0.83819 0.170221 0.83819 0.205021 0.538311 0.479488 0.525691 0.451786 0.538349 0.44794 0.825537 0.205681 0.838173 0.239151 0.825518 0.241108 0.5384 0.420432 0.525691 0.451786 0.52574 0.425283 0.825482 0.27448 0.838173 0.239151 0.838138 0.271301 0.743206 0.649739 0.730608 0.675498 0.730549 0.646564 0.825482 0.27448 0.838087 0.300236 0.82543 0.304513 0.743206 0.649739 0.730506 0.614414 0.743161 0.616368 0.620528 0.04518699 0.633253 0.075006 0.620596 0.07072895 0.743161 0.616368 0.730479 0.580283 0.743133 0.580941 0.620596 0.07072895 0.633304 0.10394 0.620648 0.100762 0.743124 0.54482 0.825026 0.580923 0.743133 0.580941 0.620685 0.134133 0.538755 0.100762 0.620648 0.100762 0.743133 0.509393 0.825017 0.544802 0.743124 0.54482 0.620703 0.16956 0.538791 0.134133 0.620685 0.134133 0.743161 0.476022 0.825026 0.509375 0.743133 0.509393 0.620703 0.205681 0.53881 0.16956 0.620703 0.16956 0.743206 0.445989 0.825054 0.476003 0.743161 0.476022 0.538311 0.620491 0.620243 0.652642 0.538349 0.652644 0.620685 0.241108 0.53881 0.205681 0.620703 0.205681 0.743266 0.420447 0.825099 0.44597 0.743206 0.445989 0.538288 0.585744 0.620205 0.620488 0.538311 0.620491 0.620648 0.274479 0.538791 0.241108 0.620685 0.241108 0.825482 0.100762 0.743536 0.07072895 0.82543 0.07072895 0.53828 0.54974 0.620181 0.585741 0.538288 0.585744 0.620596 0.304513 0.538755 0.274479 0.620648 0.274479 0.825518 0.134133 0.743589 0.100762 0.825482 0.100762 0.538288 0.513861 0.620173 0.549737 0.53828 0.54974 0.620528 0.330054 0.538702 0.304513 0.620596 0.304513 0.825537 0.16956 0.743625 0.134133 0.825518 0.134133 0.538311 0.479488 0.620181 0.513858 0.538288 0.513861 0.538349 0.652644 0.620294 0.680967 0.5384 0.68097 0.825537 0.205681 0.743644 0.16956 0.825537 0.16956 0.538349 0.44794 0.620205 0.479485 0.538311 0.479488 0.825518 0.241108 0.743644 0.205681 0.825537 0.205681 0.5384 0.420432 0.620243 0.447938 0.538349 0.44794 0.825482 0.27448 0.743625 0.241108 0.825518 0.241108 0.743206 0.649739 0.825159 0.679754 0.743266 0.679772 0.82543 0.304513 0.743589 0.27448 0.825482 0.27448 0.743161 0.616368 0.825099 0.649721 0.743206 0.649739 0.620596 0.07072895 0.538635 0.04518699 0.620528 0.04518699 0.743133 0.580941 0.825054 0.616349 0.743161 0.616368 0.620648 0.100762 0.538702 0.07072895 0.620596 0.07072895 0.743589 0.27448 0.730523 0.300029 0.730573 0.271148 0.825099 0.649721 0.83807 0.614295 0.838114 0.646386 0.538635 0.04518699 0.525689 0.075212 0.525624 0.05065095 0.825054 0.616349 0.838044 0.580227 0.83807 0.614295 0.538702 0.07072895 0.525739 0.104094 0.525689 0.075212 0.825026 0.580923 0.838035 0.545492 0.838044 0.580227 0.538791 0.134133 0.525739 0.104094 0.538755 0.100762 0.825017 0.544802 0.838044 0.511424 0.838035 0.545492 0.53881 0.16956 0.525774 0.136185 0.538791 0.134133 0.825026 0.509375 0.83807 0.479333 0.838044 0.511424 0.53881 0.205681 0.525792 0.170253 0.53881 0.16956 0.825054 0.476003 0.838113 0.450451 0.83807 0.479333 0.620205 0.620488 0.633255 0.64882 0.620243 0.652642 0.538791 0.241108 0.525792 0.204988 0.53881 0.205681 0.825099 0.44597 0.838172 0.425889 0.838113 0.450451 0.620181 0.585741 0.633218 0.617899 0.620205 0.620488 0.538791 0.241108 0.525739 0.271147 0.525774 0.239056 0.743536 0.07072895 0.730573 0.104094 0.730523 0.07521295 0.620173 0.549737 0.633196 0.584485 0.620181 0.585741 0.538702 0.304513 0.525739 0.271147 0.538755 0.274479 0.743625 0.134133 0.730573 0.104094 0.743589 0.100762 0.620181 0.513858 0.633188 0.549862 0.620173 0.549737 0.538702 0.304513 0.525624 0.324591 0.525689 0.300029 0.743644 0.16956 0.730608 0.136185 0.743625 0.134133 0.620205 0.479485 0.633196 0.51536 0.620181 0.513858 0.620294 0.680967 0.633255 0.64882 0.633304 0.676059 0.743644 0.205681 0.730626 0.170253 0.743644 0.16956 0.620243 0.447938 0.633219 0.482305 0.620205 0.479485 0.743625 0.241108 0.730626 0.204989 0.743644 0.205681 0.620294 0.420429 0.633255 0.451968 0.620243 0.447938 0.743625 0.241108 0.730573 0.271148 0.730608 0.239057 0.825159 0.679754 0.838114 0.646386 0.838172 0.675268 0.406841 0.305529 0.370779 0.260658 0.421159 0.273378 0.05588299 0.273379 0.101309 0.235973 0.106588 0.260658 0.421159 0.273378 0.376058 0.235972 0.428458 0.239247 0.07020097 0.305529 0.106588 0.260658 0.116944 0.283911 0.428458 0.239247 0.376058 0.210803 0.428458 0.204448 0.09098696 0.334464 0.116944 0.283911 0.131978 0.304839 0.428458 0.204448 0.370778 0.186118 0.421159 0.170318 0.117443 0.35907 0.131978 0.304839 0.151113 0.322636 0.421159 0.170318 0.360423 0.162865 0.406841 0.138168 0.148552 0.378404 0.151113 0.322636 0.1736119 0.336619 0.406841 0.138168 0.345389 0.141938 0.386054 0.109233 0.183118 0.39172 0.1736119 0.336619 0.198613 0.34625 0.386054 0.109233 0.326255 0.124141 0.359598 0.08462595 0.219814 0.398509 0.198613 0.34625 0.225154 0.351161 0.73047 0.777133 0.739951 0.815769 0.731138 0.820822 0.359598 0.08462595 0.303754 0.110158 0.328489 0.06529295 0.257228 0.398509 0.225154 0.351161 0.252214 0.35116 0.328489 0.06529295 0.278754 0.100526 0.293923 0.05197596 0.257228 0.398509 0.278754 0.34625 0.293924 0.39172 0.09098595 0.109234 0.151112 0.124141 0.131978 0.141938 0.293923 0.05197596 0.252213 0.09561598 0.257227 0.04518699 0.293924 0.39172 0.303755 0.336618 0.32849 0.378403 0.07019996 0.138168 0.131978 0.141938 0.116943 0.1628659 0.257227 0.04518699 0.225153 0.09561598 0.219813 0.04518699 0.32849 0.378403 0.326255 0.322635 0.359599 0.35907 0.05588197 0.170319 0.116943 0.1628659 0.106588 0.186119 0.183118 0.05197697 0.225153 0.09561598 0.198612 0.100526 0.359599 0.35907 0.34539 0.304838 0.386055 0.334463 0.04858297 0.2044489 0.106588 0.186119 0.101309 0.210804 0.148551 0.06529396 0.198612 0.100526 0.1736119 0.110158 0.386055 0.334463 0.360423 0.283911 0.406841 0.305529 0.04858297 0.239248 0.101309 0.210804 0.101309 0.235973 0.117442 0.08462697 0.1736119 0.110158 0.151112 0.124141 0.278754 0.100526 0.251679 0.100986 0.252213 0.09561598 0.278754 0.34625 0.301119 0.332164 0.303755 0.336618 0.116943 0.1628659 0.136344 0.14542 0.121924 0.165495 0.252213 0.09561598 0.225722 0.100986 0.225153 0.09561598 0.303755 0.336618 0.322702 0.318751 0.326255 0.322635 0.106588 0.186119 0.121924 0.165495 0.11199 0.187799 0.198612 0.100526 0.225722 0.100986 0.200263 0.105697 0.326255 0.322635 0.341057 0.301679 0.34539 0.304838 0.101309 0.210804 0.11199 0.187799 0.106927 0.211479 0.1736119 0.110158 0.200263 0.105697 0.176282 0.114936 0.34539 0.304838 0.355478 0.281605 0.360423 0.283911 0.101309 0.235973 0.106927 0.211479 0.106927 0.235621 0.151112 0.124141 0.176282 0.114936 0.154699 0.128349 0.360423 0.283911 0.365411 0.2593 0.370779 0.260658 0.106588 0.260658 0.106927 0.235621 0.11199 0.2593 0.731138 0.820822 0.742656 0.820437 0.734202 0.825283 0.370779 0.260658 0.370475 0.235621 0.376058 0.235972 0.116944 0.283911 0.11199 0.2593 0.121924 0.281605 0.376058 0.235972 0.370475 0.2114779 0.376058 0.210803 0.131978 0.304839 0.121924 0.281605 0.136345 0.30168 0.376058 0.210803 0.365411 0.187799 0.370778 0.186118 0.151113 0.322636 0.136345 0.30168 0.1547 0.318751 0.370778 0.186118 0.355477 0.165494 0.360423 0.162865 0.1736119 0.336619 0.1547 0.318751 0.176283 0.332164 0.360423 0.162865 0.341057 0.14542 0.345389 0.141938 0.198613 0.34625 0.176283 0.332164 0.200264 0.341403 0.345389 0.141938 0.322702 0.1283479 0.326255 0.124141 0.225154 0.351161 0.200264 0.341403 0.225723 0.346113 0.326255 0.124141 0.301119 0.114935 0.303754 0.110158 0.252214 0.35116 0.225723 0.346113 0.25168 0.346113 0.303754 0.110158 0.277137 0.105696 0.278754 0.100526 0.252214 0.35116 0.277138 0.341403 0.278754 0.34625 0.131978 0.141938 0.154699 0.128349 0.136344 0.14542 0.121924 0.281605 0.208043 0.244897 0.136345 0.30168 0.106927 0.235621 0.201243 0.2330639 0.11199 0.2593 0.11199 0.187799 0.199829 0.21971 0.106927 0.211479 0.208043 0.201264 0.121924 0.165495 0.136344 0.14542 0.219195 0.192752 0.154699 0.128349 0.176282 0.114936 0.233 0.188857 0.200263 0.105697 0.225722 0.100986 0.247358 0.190172 0.251679 0.100986 0.277137 0.105696 0.260081 0.196497 0.301119 0.114935 0.322702 0.1283479 0.269233 0.20687 0.341057 0.14542 0.355477 0.165494 0.273421 0.21971 0.365411 0.187799 0.370475 0.2114779 0.272007 0.233063 0.370475 0.235621 0.365411 0.2593 0.341057 0.301679 0.269233 0.239292 0.355478 0.281605 0.301119 0.332164 0.260081 0.249664 0.322702 0.318751 0.25168 0.346113 0.247358 0.25599 0.277138 0.341403 0.200264 0.341403 0.2330009 0.257305 0.225723 0.346113 0.1547 0.318751 0.219196 0.25341 0.176283 0.332164 0.233 0.188857 0.2313989 0.2070609 0.225892 0.190172 0.260081 0.249664 0.250541 0.233707 0.265206 0.244897 0.201243 0.213098 0.218709 0.2214429 0.199829 0.21971 0.225892 0.190172 0.228138 0.208317 0.219195 0.192752 0.269233 0.239292 0.250541 0.233707 0.252502 0.2309769 0.199829 0.21971 0.218708 0.224725 0.199829 0.2264519 0.213169 0.196497 0.228138 0.208317 0.225204 0.21014 0.272007 0.233063 0.252502 0.2309769 0.253852 0.227945 0.201243 0.2330639 0.218708 0.224725 0.219397 0.227945 0.272007 0.233063 0.254541 0.224726 0.273421 0.226451 0.201243 0.2330639 0.220748 0.2309769 0.204017 0.239292 0.273421 0.226451 0.254541 0.2214429 0.273421 0.21971 0.204017 0.239292 0.222708 0.2337059 0.208043 0.244897 0.273421 0.21971 0.253853 0.218223 0.272007 0.213098 0.213169 0.249664 0.222708 0.2337059 0.225204 0.236028 0.269233 0.20687 0.253853 0.218223 0.252502 0.215191 0.219196 0.25341 0.225204 0.236028 0.228138 0.237851 0.269233 0.20687 0.250541 0.2124609 0.265206 0.201264 0.219196 0.25341 0.2313989 0.239108 0.225892 0.25599 0.260081 0.196497 0.250541 0.2124609 0.248045 0.21014 0.2330009 0.257305 0.2313989 0.239108 0.23486 0.239748 0.260081 0.196497 0.245111 0.208317 0.254054 0.192752 0.240249 0.257305 0.23486 0.239748 0.238389 0.239748 0.247358 0.190172 0.245111 0.208317 0.241851 0.20706 0.240249 0.257305 0.241851 0.239107 0.247358 0.25599 0.208043 0.201264 0.225204 0.21014 0.222708 0.2124609 0.240249 0.188857 0.241851 0.20706 0.238389 0.20642 0.247358 0.25599 0.245111 0.237851 0.254055 0.25341 0.204016 0.20687 0.222708 0.2124609 0.220748 0.215191 0.233 0.188857 0.238389 0.20642 0.23486 0.20642 0.254055 0.25341 0.248046 0.236028 0.260081 0.249664 0.204016 0.20687 0.219397 0.218223 0.201243 0.213098 0.252502 0.2309769 0.24848 0.2264299 0.253852 0.227945 0.219397 0.227945 0.224296 0.224215 0.22477 0.2264299 0.254541 0.224726 0.24848 0.2264299 0.248953 0.224215 0.219397 0.227945 0.225699 0.2285169 0.220748 0.2309769 0.254541 0.224726 0.248953 0.221956 0.254541 0.2214429 0.220748 0.2309769 0.227048 0.230395 0.222708 0.2337059 0.254541 0.2214429 0.24848 0.219741 0.253853 0.218223 0.225204 0.236028 0.227048 0.230395 0.228766 0.231992 0.252502 0.215191 0.24848 0.219741 0.24755 0.217654 0.228138 0.237851 0.228766 0.231992 0.230785 0.233247 0.252502 0.215191 0.246201 0.215776 0.250541 0.2124609 0.228138 0.237851 0.233029 0.234111 0.2313989 0.239108 0.248045 0.21014 0.246201 0.215776 0.244484 0.214178 0.23486 0.239748 0.233029 0.234111 0.235411 0.234552 0.248045 0.21014 0.242464 0.212924 0.245111 0.208317 0.238389 0.239748 0.235411 0.234552 0.237839 0.234552 0.241851 0.20706 0.242464 0.212924 0.240221 0.21206 0.241851 0.239107 0.237839 0.234552 0.240221 0.234111 0.222708 0.2124609 0.228766 0.214179 0.2270489 0.215776 0.238389 0.20642 0.240221 0.21206 0.237839 0.211619 0.241851 0.239107 0.242464 0.233247 0.245111 0.237851 0.220748 0.215191 0.2270489 0.215776 0.2257 0.217654 0.238389 0.20642 0.23541 0.211619 0.23486 0.20642 0.245111 0.237851 0.244484 0.231992 0.248046 0.236028 0.220748 0.215191 0.22477 0.219741 0.219397 0.218223 0.2313989 0.2070609 0.23541 0.211619 0.233029 0.21206 0.250541 0.233707 0.244484 0.231992 0.246201 0.230395 0.219397 0.218223 0.224296 0.221956 0.218709 0.2214429 0.228138 0.208317 0.233029 0.21206 0.230785 0.212924 0.250541 0.233707 0.24755 0.2285169 0.252502 0.2309769 0.218709 0.2214429 0.224296 0.224215 0.218708 0.224725 0.228138 0.208317 0.228766 0.214179 0.225204 0.21014 0.240221 0.234111 0.230785 0.233247 0.2257 0.217654 0.117315 0.80219 0.134185 0.744595 0.152832 0.761938 0.293475 0.495661 0.301586 0.554877 0.277222 0.54549 0.07015997 0.748747 0.134185 0.744595 0.09090799 0.777628 0.359029 0.528252 0.301586 0.554877 0.327977 0.508954 0.05586898 0.716656 0.119534 0.724201 0.07015997 0.748747 0.385436 0.552814 0.323512 0.568504 0.359029 0.528252 0.04858297 0.682588 0.109443 0.70154 0.05586898 0.716656 0.406183 0.748749 0.366901 0.701542 0.420475 0.716658 0.385436 0.552814 0.35681 0.606241 0.342159 0.585848 0.04858297 0.682588 0.104299 0.652956 0.104299 0.677484 0.406183 0.748749 0.342158 0.744596 0.356809 0.724202 0.420475 0.613787 0.35681 0.606241 0.406184 0.581695 0.05586999 0.613784 0.104299 0.652956 0.04858297 0.647852 0.359027 0.802192 0.342158 0.744596 0.385435 0.77763 0.420475 0.613787 0.372046 0.652958 0.366901 0.628902 0.05586999 0.613784 0.119535 0.60624 0.109444 0.6289 0.359027 0.802192 0.301584 0.775566 0.323511 0.76194 0.427761 0.647855 0.372046 0.677486 0.372046 0.652958 0.09090995 0.552812 0.119535 0.60624 0.07016098 0.581693 0.327975 0.82149 0.277221 0.784952 0.301584 0.775566 0.420475 0.716658 0.372046 0.677486 0.427761 0.68259 0.09090995 0.552812 0.152833 0.568502 0.134186 0.585846 0.256843 0.841558 0.277221 0.784952 0.293472 0.834782 0.148369 0.508952 0.152833 0.568502 0.117317 0.52825 0.256843 0.841558 0.224986 0.789737 0.251357 0.789737 0.148369 0.508952 0.199123 0.54549 0.17476 0.554876 0.18287 0.834781 0.224986 0.789737 0.219498 0.841558 0.219501 0.488884 0.199123 0.54549 0.1828719 0.49566 0.18287 0.834781 0.174758 0.775565 0.199122 0.784952 0.219501 0.488884 0.251359 0.540705 0.224988 0.540705 0.117315 0.80219 0.174758 0.775565 0.148367 0.821488 0.256846 0.488884 0.277222 0.54549 0.251359 0.540705 0.277222 0.54549 0.298819 0.559691 0.275519 0.550714 0.134185 0.744595 0.124711 0.721627 0.138722 0.741131 0.323512 0.568504 0.298819 0.559691 0.301586 0.554877 0.119534 0.724201 0.11506 0.699955 0.124711 0.721627 0.342159 0.585848 0.319789 0.572724 0.323512 0.568504 0.104299 0.677484 0.11506 0.699955 0.109443 0.70154 0.356809 0.724202 0.361284 0.699957 0.366901 0.701542 0.35681 0.606241 0.337622 0.58931 0.342159 0.585848 0.104299 0.677484 0.11014 0.653491 0.11014 0.676949 0.342158 0.744596 0.351633 0.721629 0.356809 0.724202 0.366901 0.628902 0.351634 0.608814 0.35681 0.606241 0.104299 0.652956 0.115061 0.630485 0.11014 0.653491 0.342158 0.744596 0.319788 0.757719 0.337621 0.741132 0.372046 0.652958 0.361285 0.630487 0.366901 0.628902 0.119535 0.60624 0.115061 0.630485 0.109444 0.6289 0.323511 0.76194 0.298818 0.770751 0.319788 0.757719 0.372046 0.677486 0.366204 0.653493 0.372046 0.652958 0.134186 0.585846 0.124712 0.608813 0.119535 0.60624 0.301584 0.775566 0.275517 0.779728 0.298818 0.770751 0.366901 0.701542 0.366205 0.676951 0.372046 0.677486 0.134186 0.585846 0.156557 0.572722 0.138723 0.589309 0.251357 0.789737 0.275517 0.779728 0.277221 0.784952 0.17476 0.554876 0.156557 0.572722 0.152833 0.568502 0.224986 0.789737 0.250781 0.784304 0.251357 0.789737 0.17476 0.554876 0.200827 0.550714 0.177527 0.55969 0.199122 0.784952 0.225561 0.784304 0.224986 0.789737 0.224988 0.540705 0.200827 0.550714 0.199123 0.54549 0.174758 0.775565 0.200826 0.779727 0.199122 0.784952 0.224988 0.540705 0.250783 0.546138 0.225563 0.546137 0.152832 0.761938 0.177525 0.770751 0.174758 0.775565 0.251359 0.540705 0.275519 0.550714 0.250783 0.546138 0.152832 0.761938 0.138722 0.741131 0.156556 0.757718 0.200826 0.779727 0.220194 0.697288 0.226859 0.699856 0.156556 0.757718 0.209095 0.688816 0.214196 0.69356 0.124711 0.721627 0.2023259 0.677038 0.205087 0.683237 0.11014 0.676949 0.200919 0.663747 0.200919 0.670457 0.115061 0.630485 0.205087 0.650967 0.202327 0.657166 0.138723 0.589309 0.214196 0.640644 0.209096 0.645388 0.177527 0.55969 0.22686 0.634348 0.2201949 0.636916 0.225563 0.546137 0.241149 0.633039 0.2339349 0.63304 0.298819 0.559691 0.248225 0.634348 0.275519 0.550714 0.337622 0.58931 0.260888 0.640644 0.319789 0.572724 0.361285 0.630487 0.269997 0.650967 0.351634 0.608814 0.366205 0.676951 0.274165 0.663748 0.366204 0.653493 0.351633 0.721629 0.272757 0.677038 0.361284 0.699957 0.319788 0.757719 0.265988 0.688816 0.337621 0.741132 0.275517 0.779728 0.254889 0.697288 0.298818 0.770751 0.225561 0.784304 0.241149 0.701165 0.250781 0.784304 0.935357 0.181332 0.940741 0.164028 0.942571 0.181332 0.200919 0.670457 0.219524 0.665452 0.219524 0.668753 0.944203 0.906291 0.949581 0.888988 0.951417 0.906291 0.22686 0.634348 0.229007 0.652251 0.2201949 0.636916 0.942552 0.443316 0.937172 0.42601 0.940721 0.42601 0.260887 0.693561 0.251538 0.677786 0.265988 0.688816 0.951417 0.79303 0.946038 0.775726 0.949588 0.775726 0.847036 0.906292 0.841652 0.888989 0.845201 0.888989 0.2339349 0.63304 0.239316 0.650344 0.235768 0.650344 0.254889 0.697288 0.242798 0.683217 0.246076 0.681954 0.532838 0.907488 0.527458 0.890185 0.531008 0.890185 0.935357 0.294592 0.940736 0.277287 0.942571 0.294592 0.248225 0.634348 0.246077 0.652251 0.242798 0.650988 0.2339349 0.701165 0.239316 0.683861 0.241149 0.701165 0.05579698 0.954813 0.05041795 0.937511 0.05396699 0.937511 0.935357 0.06807297 0.940736 0.05076795 0.942571 0.06807297 0.260888 0.640644 0.251538 0.656419 0.249028 0.654085 0.220194 0.697288 0.232286 0.683217 0.226859 0.699856 0.264558 0.954812 0.259178 0.937511 0.262727 0.937511 0.935338 0.556577 0.940718 0.539271 0.942552 0.556577 0.272757 0.657167 0.253509 0.659164 0.269997 0.650967 0.209095 0.688816 0.226056 0.68012 0.214196 0.69356 0.1529639 0.954813 0.158344 0.937511 0.160178 0.954813 0.202327 0.657166 0.221574 0.659164 0.220216 0.662214 0.839822 0.793035 0.845203 0.775728 0.847036 0.793035 0.274164 0.670457 0.25556 0.665452 0.274165 0.663748 0.942552 0.669838 0.937174 0.652533 0.940723 0.652533 0.2023259 0.677038 0.221574 0.67504 0.205087 0.683237 0.73047 0.938538 0.735851 0.921236 0.737685 0.938538 0.209096 0.645388 0.226056 0.654085 0.223547 0.656419 0.532838 0.794232 0.527458 0.776926 0.531007 0.776926 0.269996 0.683237 0.254868 0.671991 0.272757 0.677038 0.235768 0.650344 0.238726 0.655923 0.236358 0.655923 0.246076 0.681954 0.241048 0.677852 0.243235 0.67701 0.531008 0.890185 0.528051 0.884607 0.530419 0.884607 0.937187 0.277287 0.940143 0.271707 0.940736 0.277287 0.242798 0.650988 0.243235 0.657196 0.241048 0.656353 0.235767 0.683861 0.238726 0.678282 0.239316 0.683861 0.05396699 0.937511 0.05100995 0.931933 0.05337798 0.931933 0.937187 0.05076795 0.940144 0.04518699 0.940736 0.05076795 0.249028 0.654085 0.246878 0.659976 0.245204 0.658419 0.229007 0.681954 0.234036 0.677852 0.232286 0.683217 0.262727 0.937511 0.259769 0.931933 0.262136 0.931933 0.937169 0.539271 0.940126 0.53369 0.940718 0.539271 0.254867 0.662214 0.248193 0.661807 0.253509 0.659164 0.223546 0.677785 0.22988 0.675786 0.226056 0.68012 0.154795 0.937511 0.157753 0.931933 0.158344 0.937511 0.220216 0.662214 0.22689 0.661807 0.225985 0.663842 0.841653 0.775728 0.844612 0.770147 0.845203 0.775728 0.25556 0.668753 0.249561 0.666002 0.25556 0.665452 0.940723 0.652533 0.937766 0.646952 0.940134 0.646952 0.220216 0.67199 0.22689 0.672398 0.221574 0.67504 0.732301 0.921236 0.735259 0.915658 0.735851 0.921236 0.223547 0.656419 0.22988 0.658419 0.228206 0.659976 0.527458 0.776926 0.530417 0.771345 0.531007 0.776926 0.253509 0.675041 0.249099 0.670364 0.254868 0.671991 0.937191 0.164028 0.940152 0.158448 0.940741 0.164028 0.219524 0.668753 0.225522 0.666001 0.2255229 0.668204 0.946032 0.888988 0.948989 0.883409 0.949581 0.888988 0.232286 0.650988 0.231848 0.657196 0.229007 0.652251 0.940721 0.42601 0.937764 0.420429 0.940131 0.420429 0.249027 0.68012 0.246878 0.674229 0.251538 0.677786 0.949588 0.775726 0.946631 0.770147 0.948999 0.770148 0.845201 0.888989 0.842242 0.883409 0.844609 0.883409 0.243235 0.67701 0.234036 0.677852 0.225985 0.663842 0.743133 0.580941 0.730479 0.580283 0.73047 0.545484 0.620685 0.134133 0.620648 0.100762 0.633304 0.10394 0.743124 0.54482 0.73047 0.545484 0.730479 0.511353 0.620703 0.16956 0.620685 0.134133 0.633339 0.1360909 0.743133 0.509393 0.730479 0.511353 0.730506 0.479203 0.620703 0.16956 0.633356 0.170221 0.633356 0.20502 0.743161 0.476022 0.730506 0.479203 0.730549 0.450268 0.538311 0.620491 0.538349 0.652644 0.525691 0.648999 0.620685 0.241108 0.620703 0.205681 0.633356 0.20502 0.825363 0.04518699 0.838022 0.050399 0.838087 0.075006 0.538288 0.585744 0.538311 0.620491 0.525654 0.618022 0.620685 0.241108 0.633339 0.239151 0.633304 0.271301 0.82543 0.07072895 0.838087 0.075006 0.838138 0.103941 0.538288 0.585744 0.525632 0.584547 0.525624 0.54986 0.620648 0.274479 0.633304 0.271301 0.633253 0.300235 0.825518 0.134133 0.825482 0.100762 0.838138 0.103941 0.538288 0.513861 0.53828 0.54974 0.525624 0.54986 0.620596 0.304513 0.633253 0.300235 0.633188 0.324842 0.825537 0.16956 0.825518 0.134133 0.838173 0.1360909 0.538288 0.513861 0.525632 0.515295 0.525654 0.482179 0.538349 0.652644 0.5384 0.68097 0.52574 0.676289 0.825537 0.205681 0.825537 0.16956 0.83819 0.170221 0.538311 0.479488 0.525654 0.482179 0.525691 0.451786 0.825537 0.205681 0.83819 0.205021 0.838173 0.239151 0.5384 0.420432 0.538349 0.44794 0.525691 0.451786 0.825482 0.27448 0.825518 0.241108 0.838173 0.239151 0.743206 0.649739 0.743266 0.679772 0.730608 0.675498 0.825482 0.27448 0.838138 0.271301 0.838087 0.300236 0.743206 0.649739 0.730549 0.646564 0.730506 0.614414 0.620528 0.04518699 0.633188 0.050399 0.633253 0.075006 0.743161 0.616368 0.730506 0.614414 0.730479 0.580283 0.620596 0.07072895 0.633253 0.075006 0.633304 0.10394 0.743124 0.54482 0.825017 0.544802 0.825026 0.580923 0.620685 0.134133 0.538791 0.134133 0.538755 0.100762 0.743133 0.509393 0.825026 0.509375 0.825017 0.544802 0.620703 0.16956 0.53881 0.16956 0.538791 0.134133 0.743161 0.476022 0.825054 0.476003 0.825026 0.509375 0.620703 0.205681 0.53881 0.205681 0.53881 0.16956 0.743206 0.445989 0.825099 0.44597 0.825054 0.476003 0.538311 0.620491 0.620205 0.620488 0.620243 0.652642 0.620685 0.241108 0.538791 0.241108 0.53881 0.205681 0.743266 0.420447 0.825159 0.420429 0.825099 0.44597 0.538288 0.585744 0.620181 0.585741 0.620205 0.620488 0.620648 0.274479 0.538755 0.274479 0.538791 0.241108 0.825482 0.100762 0.743589 0.100762 0.743536 0.07072895 0.53828 0.54974 0.620173 0.549737 0.620181 0.585741 0.620596 0.304513 0.538702 0.304513 0.538755 0.274479 0.825518 0.134133 0.743625 0.134133 0.743589 0.100762 0.538288 0.513861 0.620181 0.513858 0.620173 0.549737 0.620528 0.330054 0.538635 0.330054 0.538702 0.304513 0.825537 0.16956 0.743644 0.16956 0.743625 0.134133 0.538311 0.479488 0.620205 0.479485 0.620181 0.513858 0.538349 0.652644 0.620243 0.652642 0.620294 0.680967 0.825537 0.205681 0.743644 0.205681 0.743644 0.16956 0.538349 0.44794 0.620243 0.447938 0.620205 0.479485 0.825518 0.241108 0.743625 0.241108 0.743644 0.205681 0.5384 0.420432 0.620294 0.420429 0.620243 0.447938 0.825482 0.27448 0.743589 0.27448 0.743625 0.241108 0.743206 0.649739 0.825099 0.649721 0.825159 0.679754 0.82543 0.304513 0.743536 0.304513 0.743589 0.27448 0.743161 0.616368 0.825054 0.616349 0.825099 0.649721 0.620596 0.07072895 0.538702 0.07072895 0.538635 0.04518699 0.743133 0.580941 0.825026 0.580923 0.825054 0.616349 0.620648 0.100762 0.538755 0.100762 0.538702 0.07072895 0.743589 0.27448 0.743536 0.304513 0.730523 0.300029 0.825099 0.649721 0.825054 0.616349 0.83807 0.614295 0.538635 0.04518699 0.538702 0.07072895 0.525689 0.075212 0.825054 0.616349 0.825026 0.580923 0.838044 0.580227 0.538702 0.07072895 0.538755 0.100762 0.525739 0.104094 0.825026 0.580923 0.825017 0.544802 0.838035 0.545492 0.538791 0.134133 0.525774 0.136185 0.525739 0.104094 0.825017 0.544802 0.825026 0.509375 0.838044 0.511424 0.53881 0.16956 0.525792 0.170253 0.525774 0.136185 0.825026 0.509375 0.825054 0.476003 0.83807 0.479333 0.53881 0.205681 0.525792 0.204988 0.525792 0.170253 0.825054 0.476003 0.825099 0.44597 0.838113 0.450451 0.620205 0.620488 0.633218 0.617899 0.633255 0.64882 0.538791 0.241108 0.525774 0.239056 0.525792 0.204988 0.825099 0.44597 0.825159 0.420429 0.838172 0.425889 0.620181 0.585741 0.633196 0.584485 0.633218 0.617899 0.538791 0.241108 0.538755 0.274479 0.525739 0.271147 0.743536 0.07072895 0.743589 0.100762 0.730573 0.104094 0.620173 0.549737 0.633188 0.549862 0.633196 0.584485 0.538702 0.304513 0.525689 0.300029 0.525739 0.271147 0.743625 0.134133 0.730608 0.136185 0.730573 0.104094 0.620181 0.513858 0.633196 0.51536 0.633188 0.549862 0.538702 0.304513 0.538635 0.330054 0.525624 0.324591 0.743644 0.16956 0.730626 0.170253 0.730608 0.136185 0.620205 0.479485 0.633219 0.482305 0.633196 0.51536 0.620294 0.680967 0.620243 0.652642 0.633255 0.64882 0.743644 0.205681 0.730626 0.204989 0.730626 0.170253 0.620243 0.447938 0.633255 0.451968 0.633219 0.482305 0.743625 0.241108 0.730608 0.239057 0.730626 0.204989 0.620294 0.420429 0.633304 0.425514 0.633255 0.451968 0.743625 0.241108 0.743589 0.27448 0.730573 0.271148 0.825159 0.679754 0.825099 0.649721 0.838114 0.646386 0.406841 0.305529 0.360423 0.283911 0.370779 0.260658 0.05588299 0.273379 0.04858297 0.239248 0.101309 0.235973 0.421159 0.273378 0.370779 0.260658 0.376058 0.235972 0.07020097 0.305529 0.05588299 0.273379 0.106588 0.260658 0.428458 0.239247 0.376058 0.235972 0.376058 0.210803 0.09098696 0.334464 0.07020097 0.305529 0.116944 0.283911 0.428458 0.204448 0.376058 0.210803 0.370778 0.186118 0.117443 0.35907 0.09098696 0.334464 0.131978 0.304839 0.421159 0.170318 0.370778 0.186118 0.360423 0.162865 0.148552 0.378404 0.117443 0.35907 0.151113 0.322636 0.406841 0.138168 0.360423 0.162865 0.345389 0.141938 0.183118 0.39172 0.148552 0.378404 0.1736119 0.336619 0.386054 0.109233 0.345389 0.141938 0.326255 0.124141 0.219814 0.398509 0.183118 0.39172 0.198613 0.34625 0.73047 0.777133 0.742656 0.770147 0.739951 0.815769 0.359598 0.08462595 0.326255 0.124141 0.303754 0.110158 0.257228 0.398509 0.219814 0.398509 0.225154 0.351161 0.328489 0.06529295 0.303754 0.110158 0.278754 0.100526 0.257228 0.398509 0.252214 0.35116 0.278754 0.34625 0.09098595 0.109234 0.117442 0.08462697 0.151112 0.124141 0.293923 0.05197596 0.278754 0.100526 0.252213 0.09561598 0.293924 0.39172 0.278754 0.34625 0.303755 0.336618 0.07019996 0.138168 0.09098595 0.109234 0.131978 0.141938 0.257227 0.04518699 0.252213 0.09561598 0.225153 0.09561598 0.32849 0.378403 0.303755 0.336618 0.326255 0.322635 0.05588197 0.170319 0.07019996 0.138168 0.116943 0.1628659 0.183118 0.05197697 0.219813 0.04518699 0.225153 0.09561598 0.359599 0.35907 0.326255 0.322635 0.34539 0.304838 0.04858297 0.2044489 0.05588197 0.170319 0.106588 0.186119 0.148551 0.06529396 0.183118 0.05197697 0.198612 0.100526 0.386055 0.334463 0.34539 0.304838 0.360423 0.283911 0.04858297 0.239248 0.04858297 0.2044489 0.101309 0.210804 0.117442 0.08462697 0.148551 0.06529396 0.1736119 0.110158 0.278754 0.100526 0.277137 0.105696 0.251679 0.100986 0.278754 0.34625 0.277138 0.341403 0.301119 0.332164 0.116943 0.1628659 0.131978 0.141938 0.136344 0.14542 0.252213 0.09561598 0.251679 0.100986 0.225722 0.100986 0.303755 0.336618 0.301119 0.332164 0.322702 0.318751 0.106588 0.186119 0.116943 0.1628659 0.121924 0.165495 0.198612 0.100526 0.225153 0.09561598 0.225722 0.100986 0.326255 0.322635 0.322702 0.318751 0.341057 0.301679 0.101309 0.210804 0.106588 0.186119 0.11199 0.187799 0.1736119 0.110158 0.198612 0.100526 0.200263 0.105697 0.34539 0.304838 0.341057 0.301679 0.355478 0.281605 0.101309 0.235973 0.101309 0.210804 0.106927 0.211479 0.151112 0.124141 0.1736119 0.110158 0.176282 0.114936 0.360423 0.283911 0.355478 0.281605 0.365411 0.2593 0.106588 0.260658 0.101309 0.235973 0.106927 0.235621 0.731138 0.820822 0.739951 0.815769 0.742656 0.820437 0.370779 0.260658 0.365411 0.2593 0.370475 0.235621 0.116944 0.283911 0.106588 0.260658 0.11199 0.2593 0.376058 0.235972 0.370475 0.235621 0.370475 0.2114779 0.131978 0.304839 0.116944 0.283911 0.121924 0.281605 0.376058 0.210803 0.370475 0.2114779 0.365411 0.187799 0.151113 0.322636 0.131978 0.304839 0.136345 0.30168 0.370778 0.186118 0.365411 0.187799 0.355477 0.165494 0.1736119 0.336619 0.151113 0.322636 0.1547 0.318751 0.360423 0.162865 0.355477 0.165494 0.341057 0.14542 0.198613 0.34625 0.1736119 0.336619 0.176283 0.332164 0.345389 0.141938 0.341057 0.14542 0.322702 0.1283479 0.225154 0.351161 0.198613 0.34625 0.200264 0.341403 0.326255 0.124141 0.322702 0.1283479 0.301119 0.114935 0.252214 0.35116 0.225154 0.351161 0.225723 0.346113 0.303754 0.110158 0.301119 0.114935 0.277137 0.105696 0.252214 0.35116 0.25168 0.346113 0.277138 0.341403 0.131978 0.141938 0.151112 0.124141 0.154699 0.128349 0.121924 0.281605 0.204017 0.239292 0.208043 0.244897 0.106927 0.235621 0.199829 0.2264519 0.201243 0.2330639 0.11199 0.187799 0.201243 0.213098 0.199829 0.21971 0.208043 0.201264 0.204016 0.20687 0.121924 0.165495 0.219195 0.192752 0.213169 0.196497 0.154699 0.128349 0.233 0.188857 0.225892 0.190172 0.200263 0.105697 0.247358 0.190172 0.240249 0.188857 0.251679 0.100986 0.260081 0.196497 0.254054 0.192752 0.301119 0.114935 0.269233 0.20687 0.265206 0.201264 0.341057 0.14542 0.273421 0.21971 0.272007 0.213098 0.365411 0.187799 0.272007 0.233063 0.273421 0.226451 0.370475 0.235621 0.341057 0.301679 0.265206 0.244897 0.269233 0.239292 0.301119 0.332164 0.254055 0.25341 0.260081 0.249664 0.25168 0.346113 0.240249 0.257305 0.247358 0.25599 0.200264 0.341403 0.225892 0.25599 0.2330009 0.257305 0.1547 0.318751 0.213169 0.249664 0.219196 0.25341 0.233 0.188857 0.23486 0.20642 0.2313989 0.2070609 0.260081 0.249664 0.248046 0.236028 0.250541 0.233707 0.201243 0.213098 0.219397 0.218223 0.218709 0.2214429 0.225892 0.190172 0.2313989 0.2070609 0.228138 0.208317 0.269233 0.239292 0.265206 0.244897 0.250541 0.233707 0.199829 0.21971 0.218709 0.2214429 0.218708 0.224725 0.213169 0.196497 0.219195 0.192752 0.228138 0.208317 0.272007 0.233063 0.269233 0.239292 0.252502 0.2309769 0.201243 0.2330639 0.199829 0.2264519 0.218708 0.224725 0.272007 0.233063 0.253852 0.227945 0.254541 0.224726 0.201243 0.2330639 0.219397 0.227945 0.220748 0.2309769 0.273421 0.226451 0.254541 0.224726 0.254541 0.2214429 0.204017 0.239292 0.220748 0.2309769 0.222708 0.2337059 0.273421 0.21971 0.254541 0.2214429 0.253853 0.218223 0.213169 0.249664 0.208043 0.244897 0.222708 0.2337059 0.269233 0.20687 0.272007 0.213098 0.253853 0.218223 0.219196 0.25341 0.213169 0.249664 0.225204 0.236028 0.269233 0.20687 0.252502 0.215191 0.250541 0.2124609 0.219196 0.25341 0.228138 0.237851 0.2313989 0.239108 0.260081 0.196497 0.265206 0.201264 0.250541 0.2124609 0.2330009 0.257305 0.225892 0.25599 0.2313989 0.239108 0.260081 0.196497 0.248045 0.21014 0.245111 0.208317 0.240249 0.257305 0.2330009 0.257305 0.23486 0.239748 0.247358 0.190172 0.254054 0.192752 0.245111 0.208317 0.240249 0.257305 0.238389 0.239748 0.241851 0.239107 0.208043 0.201264 0.213169 0.196497 0.225204 0.21014 0.240249 0.188857 0.247358 0.190172 0.241851 0.20706 0.247358 0.25599 0.241851 0.239107 0.245111 0.237851 0.204016 0.20687 0.208043 0.201264 0.222708 0.2124609 0.233 0.188857 0.240249 0.188857 0.238389 0.20642 0.254055 0.25341 0.245111 0.237851 0.248046 0.236028 0.204016 0.20687 0.220748 0.215191 0.219397 0.218223 0.252502 0.2309769 0.24755 0.2285169 0.24848 0.2264299 0.219397 0.227945 0.218708 0.224725 0.224296 0.224215 0.254541 0.224726 0.253852 0.227945 0.24848 0.2264299 0.219397 0.227945 0.22477 0.2264299 0.225699 0.2285169 0.254541 0.224726 0.248953 0.224215 0.248953 0.221956 0.220748 0.2309769 0.225699 0.2285169 0.227048 0.230395 0.254541 0.2214429 0.248953 0.221956 0.24848 0.219741 0.225204 0.236028 0.222708 0.2337059 0.227048 0.230395 0.252502 0.215191 0.253853 0.218223 0.24848 0.219741 0.228138 0.237851 0.225204 0.236028 0.228766 0.231992 0.252502 0.215191 0.24755 0.217654 0.246201 0.215776 0.228138 0.237851 0.230785 0.233247 0.233029 0.234111 0.248045 0.21014 0.250541 0.2124609 0.246201 0.215776 0.23486 0.239748 0.2313989 0.239108 0.233029 0.234111 0.248045 0.21014 0.244484 0.214178 0.242464 0.212924 0.238389 0.239748 0.23486 0.239748 0.235411 0.234552 0.241851 0.20706 0.245111 0.208317 0.242464 0.212924 0.241851 0.239107 0.238389 0.239748 0.237839 0.234552 0.222708 0.2124609 0.225204 0.21014 0.228766 0.214179 0.238389 0.20642 0.241851 0.20706 0.240221 0.21206 0.241851 0.239107 0.240221 0.234111 0.242464 0.233247 0.220748 0.215191 0.222708 0.2124609 0.2270489 0.215776 0.238389 0.20642 0.237839 0.211619 0.23541 0.211619 0.245111 0.237851 0.242464 0.233247 0.244484 0.231992 0.220748 0.215191 0.2257 0.217654 0.22477 0.219741 0.2313989 0.2070609 0.23486 0.20642 0.23541 0.211619 0.250541 0.233707 0.248046 0.236028 0.244484 0.231992 0.219397 0.218223 0.22477 0.219741 0.224296 0.221956 0.228138 0.208317 0.2313989 0.2070609 0.233029 0.21206 0.250541 0.233707 0.246201 0.230395 0.24755 0.2285169 0.218709 0.2214429 0.224296 0.221956 0.224296 0.224215 0.228138 0.208317 0.230785 0.212924 0.228766 0.214179 0.2257 0.217654 0.2270489 0.215776 0.228766 0.214179 0.228766 0.214179 0.230785 0.212924 0.2257 0.217654 0.230785 0.212924 0.233029 0.21206 0.2257 0.217654 0.233029 0.21206 0.23541 0.211619 0.237839 0.211619 0.237839 0.211619 0.240221 0.21206 0.233029 0.21206 0.240221 0.21206 0.242464 0.212924 0.233029 0.21206 0.242464 0.212924 0.244484 0.214178 0.246201 0.215776 0.246201 0.215776 0.24755 0.217654 0.24848 0.219741 0.24848 0.219741 0.248953 0.221956 0.24755 0.2285169 0.248953 0.221956 0.248953 0.224215 0.24755 0.2285169 0.248953 0.224215 0.24848 0.2264299 0.24755 0.2285169 0.24755 0.2285169 0.246201 0.230395 0.244484 0.231992 0.244484 0.231992 0.242464 0.233247 0.240221 0.234111 0.240221 0.234111 0.237839 0.234552 0.235411 0.234552 0.235411 0.234552 0.233029 0.234111 0.240221 0.234111 0.233029 0.234111 0.230785 0.233247 0.240221 0.234111 0.230785 0.233247 0.228766 0.231992 0.227048 0.230395 0.227048 0.230395 0.225699 0.2285169 0.22477 0.2264299 0.22477 0.2264299 0.224296 0.224215 0.2257 0.217654 0.224296 0.224215 0.224296 0.221956 0.2257 0.217654 0.224296 0.221956 0.22477 0.219741 0.2257 0.217654 0.242464 0.212924 0.246201 0.215776 0.24755 0.2285169 0.246201 0.215776 0.24848 0.219741 0.24755 0.2285169 0.24755 0.2285169 0.244484 0.231992 0.240221 0.234111 0.230785 0.233247 0.227048 0.230395 0.2257 0.217654 0.227048 0.230395 0.22477 0.2264299 0.2257 0.217654 0.2257 0.217654 0.233029 0.21206 0.24755 0.2285169 0.233029 0.21206 0.242464 0.212924 0.24755 0.2285169 0.24755 0.2285169 0.240221 0.234111 0.2257 0.217654 0.117315 0.80219 0.09090799 0.777628 0.134185 0.744595 0.293475 0.495661 0.327977 0.508954 0.301586 0.554877 0.07015997 0.748747 0.119534 0.724201 0.134185 0.744595 0.359029 0.528252 0.323512 0.568504 0.301586 0.554877 0.05586898 0.716656 0.109443 0.70154 0.119534 0.724201 0.385436 0.552814 0.342159 0.585848 0.323512 0.568504 0.04858297 0.682588 0.104299 0.677484 0.109443 0.70154 0.406183 0.748749 0.356809 0.724202 0.366901 0.701542 0.385436 0.552814 0.406184 0.581695 0.35681 0.606241 0.04858297 0.682588 0.04858297 0.647852 0.104299 0.652956 0.406183 0.748749 0.385435 0.77763 0.342158 0.744596 0.420475 0.613787 0.366901 0.628902 0.35681 0.606241 0.05586999 0.613784 0.109444 0.6289 0.104299 0.652956 0.359027 0.802192 0.323511 0.76194 0.342158 0.744596 0.420475 0.613787 0.427761 0.647855 0.372046 0.652958 0.05586999 0.613784 0.07016098 0.581693 0.119535 0.60624 0.359027 0.802192 0.327975 0.82149 0.301584 0.775566 0.427761 0.647855 0.427761 0.68259 0.372046 0.677486 0.09090995 0.552812 0.134186 0.585846 0.119535 0.60624 0.327975 0.82149 0.293472 0.834782 0.277221 0.784952 0.420475 0.716658 0.366901 0.701542 0.372046 0.677486 0.09090995 0.552812 0.117317 0.52825 0.152833 0.568502 0.256843 0.841558 0.251357 0.789737 0.277221 0.784952 0.148369 0.508952 0.17476 0.554876 0.152833 0.568502 0.256843 0.841558 0.219498 0.841558 0.224986 0.789737 0.148369 0.508952 0.1828719 0.49566 0.199123 0.54549 0.18287 0.834781 0.199122 0.784952 0.224986 0.789737 0.219501 0.488884 0.224988 0.540705 0.199123 0.54549 0.18287 0.834781 0.148367 0.821488 0.174758 0.775565 0.219501 0.488884 0.256846 0.488884 0.251359 0.540705 0.117315 0.80219 0.152832 0.761938 0.174758 0.775565 0.256846 0.488884 0.293475 0.495661 0.277222 0.54549 0.277222 0.54549 0.301586 0.554877 0.298819 0.559691 0.134185 0.744595 0.119534 0.724201 0.124711 0.721627 0.323512 0.568504 0.319789 0.572724 0.298819 0.559691 0.119534 0.724201 0.109443 0.70154 0.11506 0.699955 0.342159 0.585848 0.337622 0.58931 0.319789 0.572724 0.104299 0.677484 0.11014 0.676949 0.11506 0.699955 0.356809 0.724202 0.351633 0.721629 0.361284 0.699957 0.35681 0.606241 0.351634 0.608814 0.337622 0.58931 0.104299 0.677484 0.104299 0.652956 0.11014 0.653491 0.342158 0.744596 0.337621 0.741132 0.351633 0.721629 0.366901 0.628902 0.361285 0.630487 0.351634 0.608814 0.104299 0.652956 0.109444 0.6289 0.115061 0.630485 0.342158 0.744596 0.323511 0.76194 0.319788 0.757719 0.372046 0.652958 0.366204 0.653493 0.361285 0.630487 0.119535 0.60624 0.124712 0.608813 0.115061 0.630485 0.323511 0.76194 0.301584 0.775566 0.298818 0.770751 0.372046 0.677486 0.366205 0.676951 0.366204 0.653493 0.134186 0.585846 0.138723 0.589309 0.124712 0.608813 0.301584 0.775566 0.277221 0.784952 0.275517 0.779728 0.366901 0.701542 0.361284 0.699957 0.366205 0.676951 0.134186 0.585846 0.152833 0.568502 0.156557 0.572722 0.251357 0.789737 0.250781 0.784304 0.275517 0.779728 0.17476 0.554876 0.177527 0.55969 0.156557 0.572722 0.224986 0.789737 0.225561 0.784304 0.250781 0.784304 0.17476 0.554876 0.199123 0.54549 0.200827 0.550714 0.199122 0.784952 0.200826 0.779727 0.225561 0.784304 0.224988 0.540705 0.225563 0.546137 0.200827 0.550714 0.174758 0.775565 0.177525 0.770751 0.200826 0.779727 0.224988 0.540705 0.251359 0.540705 0.250783 0.546138 0.152832 0.761938 0.156556 0.757718 0.177525 0.770751 0.251359 0.540705 0.277222 0.54549 0.275519 0.550714 0.152832 0.761938 0.134185 0.744595 0.138722 0.741131 0.200826 0.779727 0.177525 0.770751 0.220194 0.697288 0.156556 0.757718 0.138722 0.741131 0.209095 0.688816 0.124711 0.721627 0.11506 0.699955 0.2023259 0.677038 0.11014 0.676949 0.11014 0.653491 0.200919 0.663747 0.115061 0.630485 0.124712 0.608813 0.205087 0.650967 0.138723 0.589309 0.156557 0.572722 0.214196 0.640644 0.177527 0.55969 0.200827 0.550714 0.22686 0.634348 0.225563 0.546137 0.250783 0.546138 0.241149 0.633039 0.298819 0.559691 0.254889 0.636916 0.248225 0.634348 0.337622 0.58931 0.265989 0.645388 0.260888 0.640644 0.361285 0.630487 0.272757 0.657167 0.269997 0.650967 0.366205 0.676951 0.274164 0.670457 0.274165 0.663748 0.351633 0.721629 0.269996 0.683237 0.272757 0.677038 0.319788 0.757719 0.260887 0.693561 0.265988 0.688816 0.275517 0.779728 0.248224 0.699856 0.254889 0.697288 0.225561 0.784304 0.2339349 0.701165 0.241149 0.701165 0.935357 0.181332 0.937191 0.164028 0.940741 0.164028 0.200919 0.670457 0.200919 0.663747 0.219524 0.665452 0.944203 0.906291 0.946032 0.888988 0.949581 0.888988 0.22686 0.634348 0.232286 0.650988 0.229007 0.652251 0.942552 0.443316 0.935338 0.443316 0.937172 0.42601 0.260887 0.693561 0.249027 0.68012 0.251538 0.677786 0.951417 0.79303 0.944203 0.79303 0.946038 0.775726 0.847036 0.906292 0.839822 0.906292 0.841652 0.888989 0.2339349 0.63304 0.241149 0.633039 0.239316 0.650344 0.254889 0.697288 0.248224 0.699856 0.242798 0.683217 0.532838 0.907488 0.525624 0.907488 0.527458 0.890185 0.935357 0.294592 0.937187 0.277287 0.940736 0.277287 0.248225 0.634348 0.254889 0.636916 0.246077 0.652251 0.2339349 0.701165 0.235767 0.683861 0.239316 0.683861 0.05579698 0.954813 0.04858297 0.954813 0.05041795 0.937511 0.935357 0.06807297 0.937187 0.05076795 0.940736 0.05076795 0.260888 0.640644 0.265989 0.645388 0.251538 0.656419 0.220194 0.697288 0.229007 0.681954 0.232286 0.683217 0.264558 0.954812 0.257344 0.954812 0.259178 0.937511 0.935338 0.556577 0.937169 0.539271 0.940718 0.539271 0.272757 0.657167 0.254867 0.662214 0.253509 0.659164 0.209095 0.688816 0.223546 0.677785 0.226056 0.68012 0.1529639 0.954813 0.154795 0.937511 0.158344 0.937511 0.202327 0.657166 0.205087 0.650967 0.221574 0.659164 0.839822 0.793035 0.841653 0.775728 0.845203 0.775728 0.274164 0.670457 0.25556 0.668753 0.25556 0.665452 0.942552 0.669838 0.935338 0.669838 0.937174 0.652533 0.2023259 0.677038 0.220216 0.67199 0.221574 0.67504 0.73047 0.938538 0.732301 0.921236 0.735851 0.921236 0.209096 0.645388 0.214196 0.640644 0.226056 0.654085 0.532838 0.794232 0.525624 0.794232 0.527458 0.776926 0.269996 0.683237 0.253509 0.675041 0.254868 0.671991 0.235768 0.650344 0.239316 0.650344 0.238726 0.655923 0.246076 0.681954 0.242798 0.683217 0.241048 0.677852 0.531008 0.890185 0.527458 0.890185 0.528051 0.884607 0.937187 0.277287 0.937776 0.271707 0.940143 0.271707 0.242798 0.650988 0.246077 0.652251 0.243235 0.657196 0.235767 0.683861 0.236358 0.678282 0.238726 0.678282 0.05396699 0.937511 0.05041795 0.937511 0.05100995 0.931933 0.937187 0.05076795 0.937776 0.04518699 0.940144 0.04518699 0.249028 0.654085 0.251538 0.656419 0.246878 0.659976 0.229007 0.681954 0.231848 0.677009 0.234036 0.677852 0.262727 0.937511 0.259178 0.937511 0.259769 0.931933 0.937169 0.539271 0.937759 0.53369 0.940126 0.53369 0.254867 0.662214 0.249099 0.663842 0.248193 0.661807 0.223546 0.677785 0.228206 0.674229 0.22988 0.675786 0.154795 0.937511 0.155385 0.931933 0.157753 0.931933 0.220216 0.662214 0.221574 0.659164 0.22689 0.661807 0.841653 0.775728 0.842244 0.770147 0.844612 0.770147 0.25556 0.668753 0.249561 0.668204 0.249561 0.666002 0.940723 0.652533 0.937174 0.652533 0.937766 0.646952 0.220216 0.67199 0.225984 0.670364 0.22689 0.672398 0.732301 0.921236 0.732891 0.915658 0.735259 0.915658 0.223547 0.656419 0.226056 0.654085 0.22988 0.658419 0.527458 0.776926 0.528049 0.771345 0.530417 0.771345 0.253509 0.675041 0.248193 0.672398 0.249099 0.670364 0.937191 0.164028 0.937784 0.158448 0.940152 0.158448 0.219524 0.668753 0.219524 0.665452 0.225522 0.666001 0.946032 0.888988 0.946621 0.883409 0.948989 0.883409 0.232286 0.650988 0.234036 0.656353 0.231848 0.657196 0.940721 0.42601 0.937172 0.42601 0.937764 0.420429 0.249027 0.68012 0.245203 0.675786 0.246878 0.674229 0.949588 0.775726 0.946038 0.775726 0.946631 0.770147 0.845201 0.888989 0.841652 0.888989 0.842242 0.883409 0.225985 0.663842 0.22689 0.661807 0.228206 0.659976 0.228206 0.659976 0.22988 0.658419 0.231848 0.657196 0.231848 0.657196 0.234036 0.656353 0.241048 0.656353 0.234036 0.656353 0.236358 0.655923 0.241048 0.656353 0.236358 0.655923 0.238726 0.655923 0.241048 0.656353 0.241048 0.656353 0.243235 0.657196 0.245204 0.658419 0.245204 0.658419 0.246878 0.659976 0.241048 0.656353 0.246878 0.659976 0.248193 0.661807 0.241048 0.656353 0.248193 0.661807 0.249099 0.663842 0.249099 0.670364 0.249099 0.663842 0.249561 0.666002 0.249099 0.670364 0.249561 0.666002 0.249561 0.668204 0.249099 0.670364 0.249099 0.670364 0.248193 0.672398 0.243235 0.67701 0.248193 0.672398 0.246878 0.674229 0.243235 0.67701 0.246878 0.674229 0.245203 0.675786 0.243235 0.67701 0.243235 0.67701 0.241048 0.677852 0.234036 0.677852 0.241048 0.677852 0.238726 0.678282 0.234036 0.677852 0.238726 0.678282 0.236358 0.678282 0.234036 0.677852 0.234036 0.677852 0.231848 0.677009 0.22988 0.675786 0.22988 0.675786 0.228206 0.674229 0.234036 0.677852 0.228206 0.674229 0.22689 0.672398 0.234036 0.677852 0.22689 0.672398 0.225984 0.670364 0.2255229 0.668204 0.2255229 0.668204 0.225522 0.666001 0.225985 0.663842 0.225985 0.663842 0.228206 0.659976 0.241048 0.656353 0.228206 0.659976 0.231848 0.657196 0.241048 0.656353 0.22689 0.672398 0.2255229 0.668204 0.234036 0.677852 0.2255229 0.668204 0.225985 0.663842 0.234036 0.677852 0.241048 0.656353 0.248193 0.661807 0.225985 0.663842 0.248193 0.661807 0.249099 0.670364 0.225985 0.663842 0.249099 0.670364 0.243235 0.67701 0.225985 0.663842</float_array>
          <technique_common>
            <accessor source="#Circle_Circle_002-mesh-map-0-array" count="2496" stride="2">
              <param name="S" type="float"/>
              <param name="T" type="float"/>
            </accessor>
          </technique_common>
        </source>
        <vertices id="Circle_Circle_002-mesh-vertices">
          <input semantic="POSITION" source="#Circle_Circle_002-mesh-positions"/>
        </vertices>
        <triangles material="Ruote_002-material" count="832">
          <input semantic="VERTEX" source="#Circle_Circle_002-mesh-vertices" offset="0"/>
          <input semantic="NORMAL" source="#Circle_Circle_002-mesh-normals" offset="1"/>
          <input semantic="TEXCOORD" source="#Circle_Circle_002-mesh-map-0" offset="2" set="0"/>
          <p>1 0 0 3 1 1 0 2 2 4 3 3 6 4 4 7 5 5 0 6 6 9 7 7 8 8 8 10 9 9 7 10 10 11 11 11 8 12 12 13 13 13 12 14 14 10 15 15 15 16 16 14 17 17 12 18 18 17 19 19 16 20 20 18 21 21 20 22 22 21 23 23 22 24 24 15 25 25 23 26 26 16 27 27 25 28 28 24 29 29 26 30 30 21 31 31 27 32 32 22 33 33 29 34 34 28 35 35 24 36 36 31 37 37 30 38 38 26 39 39 33 40 40 32 41 41 28 42 42 35 43 43 34 44 44 36 45 45 31 46 46 37 47 47 38 48 48 33 49 49 39 50 50 34 51 51 41 52 52 40 53 53 42 54 54 37 55 55 43 56 56 38 57 57 45 58 58 44 59 59 19 60 60 41 61 61 20 62 62 46 63 63 43 64 64 47 65 65 44 66 66 49 67 67 48 68 68 46 69 69 51 70 70 50 71 71 52 72 72 49 73 73 53 74 74 54 75 75 51 76 76 55 77 77 56 78 78 53 79 79 57 80 80 54 81 81 59 82 82 58 83 83 56 84 84 61 85 85 60 86 86 58 87 87 63 88 88 62 89 89 60 90 90 2 91 91 1 92 92 62 93 93 6 94 94 5 95 95 0 96 96 65 97 97 1 98 98 4 99 99 67 100 100 5 101 101 8 102 102 64 103 103 0 104 104 10 105 105 66 106 106 4 107 107 12 108 108 68 109 109 8 110 110 14 111 111 69 112 112 10 113 113 16 114 114 70 115 115 12 116 116 18 117 117 74 117 118 19 118 119 22 119 120 71 120 121 14 121 122 24 122 123 72 122 124 16 123 125 26 124 126 73 124 127 18 125 128 28 126 129 75 127 130 22 128 131 30 129 132 76 130 133 24 131 134 32 132 135 77 133 136 26 134 137 34 135 138 78 136 139 28 137 140 36 138 141 79 139 142 30 140 143 38 141 144 80 142 145 32 143 146 40 144 147 81 144 148 34 145 149 42 146 150 82 147 151 36 148 152 44 149 153 83 150 154 38 151 155 19 152 156 84 153 157 40 154 158 46 155 159 85 156 160 42 157 161 48 158 162 86 159 163 44 160 164 50 161 165 87 162 166 46 163 167 52 164 168 88 165 169 48 166 170 54 167 171 89 168 172 50 169 173 56 170 174 90 171 175 52 172 176 58 173 177 91 174 178 54 175 179 60 176 180 92 177 181 56 178 182 62 179 183 93 180 184 58 181 185 1 182 186 94 183 187 60 184 188 5 185 189 95 186 190 62 187 191 91 188 192 96 189 193 97 190 194 92 191 195 98 192 196 99 193 197 93 194 198 100 195 199 96 196 200 94 197 201 101 198 202 98 199 203 95 200 204 102 201 205 100 202 206 65 203 207 103 204 208 101 205 209 66 206 210 102 207 211 67 208 212 64 209 213 105 210 214 103 211 215 69 212 216 104 213 217 66 214 218 68 215 219 107 216 220 105 217 221 71 218 222 106 219 223 69 220 224 70 221 225 109 222 226 107 223 227 73 224 228 111 225 229 74 226 230 75 227 231 108 228 232 71 229 233 72 230 234 113 231 235 109 232 236 77 233 237 110 234 238 73 235 239 75 236 240 115 237 241 112 238 242 76 239 243 116 240 244 113 241 245 80 242 246 114 243 247 77 244 248 81 245 249 115 246 250 78 247 251 82 248 252 116 249 253 79 250 254 83 251 255 117 252 256 80 253 257 81 254 258 121 255 259 118 256 260 85 257 261 119 258 262 82 259 263 86 260 264 120 261 265 83 262 266 84 263 267 111 264 268 121 265 269 87 266 270 122 267 271 85 268 272 88 269 273 123 270 274 86 271 275 89 272 276 124 273 277 87 274 278 90 275 279 125 276 280 88 277 281 89 278 282 97 279 283 126 280 284 90 281 285 99 282 286 127 283 287 43 284 288 129 285 289 47 286 290 49 287 291 130 288 292 131 289 293 47 286 294 132 290 295 51 291 296 53 292 297 131 289 298 133 293 299 51 291 300 134 294 301 55 295 302 57 296 303 133 293 304 135 297 305 55 295 306 136 298 307 59 299 308 61 300 309 135 297 310 137 301 311 59 299 312 138 302 313 63 303 314 2 304 315 137 301 316 139 305 317 63 303 318 140 306 319 6 307 320 3 308 321 139 305 322 141 309 323 6 307 324 142 310 325 7 311 326 9 312 327 141 309 328 143 313 329 13 314 330 144 315 331 145 316 332 7 311 333 146 317 334 11 318 335 13 319 336 143 313 337 145 320 338 11 318 339 147 321 340 15 322 341 13 323 342 148 324 343 17 325 344 21 326 345 149 327 346 150 328 347 15 322 348 151 329 349 23 330 350 17 325 351 152 331 352 25 332 353 27 333 354 150 328 355 153 334 356 23 330 357 154 335 358 29 336 359 25 332 360 155 337 361 31 338 362 33 339 363 153 334 364 156 340 365 35 341 366 154 335 367 157 342 368 31 338 369 158 343 370 37 344 371 39 345 372 156 340 373 159 346 374 41 347 375 157 342 376 160 348 377 37 344 378 128 349 379 43 284 380 45 350 381 159 346 382 130 288 383 20 351 384 160 348 385 149 327 386 147 352 387 162 353 388 151 354 389 148 355 390 164 356 391 152 357 392 153 358 393 165 359 394 166 360 395 151 361 396 167 362 397 154 363 398 152 364 399 168 365 400 155 366 401 156 367 402 166 368 403 169 369 404 157 370 405 167 371 406 170 372 407 155 373 408 171 374 409 158 375 410 159 376 411 169 377 412 172 378 413 160 379 414 170 380 415 173 381 416 158 382 417 174 383 418 128 384 419 130 385 420 172 386 421 175 387 422 149 388 423 173 389 424 176 390 425 128 391 426 177 392 427 129 393 428 131 394 429 175 395 430 178 396 431 145 316 432 179 397 433 180 398 434 129 399 435 181 400 436 132 401 437 133 402 438 178 403 439 182 404 440 132 405 441 183 406 442 134 407 443 135 408 444 182 409 445 184 410 446 134 411 447 185 412 448 136 413 449 137 414 450 184 415 451 186 416 452 136 417 453 187 418 454 138 419 455 139 420 456 186 421 457 188 422 458 138 423 459 189 424 460 140 425 461 141 426 462 188 427 463 190 428 464 140 429 465 191 430 466 142 431 467 143 432 468 190 433 469 192 434 470 142 435 471 193 436 472 146 437 473 145 438 474 192 439 475 180 440 476 146 441 477 161 442 478 147 443 479 145 444 480 163 445 481 148 446 482 150 447 483 176 448 484 165 449 485 182 450 486 195 451 487 184 452 488 175 453 489 197 454 490 178 455 491 169 456 492 199 457 493 172 458 494 200 459 495 166 460 496 165 461 497 202 462 498 176 463 499 173 464 500 204 465 501 170 466 502 167 467 503 206 468 504 162 469 505 161 470 506 208 471 507 193 472 508 191 473 509 210 474 510 189 475 511 187 476 512 212 477 513 185 478 514 183 479 515 214 480 516 181 481 517 177 482 518 171 483 519 217 484 520 174 485 521 164 486 522 219 487 523 168 488 524 180 489 525 221 490 526 163 491 527 190 492 528 223 493 529 192 494 530 186 495 531 225 496 532 188 497 533 204 498 534 227 499 535 205 500 536 219 501 537 229 502 538 216 503 539 198 504 540 231 505 541 199 506 542 205 507 543 232 508 544 202 509 545 217 510 546 229 511 547 233 512 548 199 513 549 234 514 550 196 515 551 203 516 552 232 517 553 235 518 554 214 519 555 233 520 556 236 521 557 197 522 558 234 523 559 237 524 560 214 525 561 238 526 562 215 527 563 197 528 564 239 529 565 194 530 566 215 531 567 240 532 568 212 533 569 194 534 570 241 535 571 195 536 572 212 537 573 242 538 574 213 539 575 224 540 576 241 541 577 243 542 578 210 543 579 242 544 580 244 545 581 225 546 582 243 547 583 245 548 584 210 549 585 246 550 586 211 551 587 225 552 588 247 553 589 222 554 590 208 555 591 246 556 592 248 557 593 223 558 594 247 559 595 249 560 596 208 561 597 250 562 598 209 563 599 220 564 600 249 565 601 251 566 602 206 567 603 250 568 604 252 569 605 220 570 606 253 571 607 221 572 608 200 573 609 235 574 610 254 575 611 207 576 612 252 577 613 255 578 614 221 579 615 256 580 616 218 581 617 201 582 618 254 583 619 257 584 620 204 585 621 255 586 622 226 587 623 218 588 624 228 589 625 219 590 626 201 591 627 230 592 628 198 593 629 233 594 630 259 595 631 236 596 632 237 597 633 260 598 634 261 599 635 238 600 636 259 601 637 262 602 638 237 603 639 263 604 640 239 605 641 238 606 642 264 607 643 240 608 644 239 609 645 265 610 646 241 611 647 240 612 648 266 613 649 242 614 650 243 615 651 265 616 652 267 617 653 244 618 654 266 619 655 268 620 656 245 621 657 267 622 658 269 623 659 244 624 660 270 625 661 246 626 662 245 627 663 271 628 664 247 629 665 248 630 666 270 631 667 272 632 668 249 633 669 271 634 670 273 635 671 248 636 672 274 637 673 250 638 674 251 639 675 273 640 676 275 641 677 252 642 678 274 643 679 276 644 680 253 645 681 275 646 682 277 647 683 254 648 684 278 649 685 279 650 686 255 651 687 276 652 688 280 653 689 253 654 690 281 655 691 256 656 692 257 657 693 279 658 694 282 659 695 255 660 696 283 661 697 226 662 698 256 663 699 284 664 700 228 665 701 257 666 702 285 667 703 230 668 704 227 669 705 283 670 706 286 671 707 229 672 708 284 673 709 287 674 710 230 675 711 288 676 712 231 677 713 232 678 714 286 679 715 289 680 716 229 681 717 258 682 718 233 683 719 231 684 720 260 685 721 234 686 722 232 687 723 278 688 724 235 689 725 277 690 726 269 691 727 282 692 728 101 693 729 290 694 730 291 695 731 102 696 732 292 697 733 293 698 734 105 699 735 290 694 736 103 700 737 106 701 738 292 697 739 104 702 740 107 703 741 294 704 742 105 699 743 108 705 744 295 706 745 106 701 746 109 707 747 296 708 748 107 703 749 110 709 750 300 710 751 111 711 752 108 705 753 301 712 754 297 713 755 109 707 756 302 714 757 298 715 758 110 709 759 303 716 760 299 717 761 115 718 762 301 712 763 112 719 764 116 720 765 302 714 766 113 721 767 117 722 768 303 716 769 114 721 770 115 718 771 307 723 772 304 724 773 116 720 774 308 725 775 305 726 776 117 722 777 309 727 778 306 728 779 118 729 780 310 730 781 307 723 782 122 731 783 308 725 784 119 721 785 120 732 786 312 733 787 309 727 788 111 711 789 310 730 790 121 721 791 122 731 792 313 734 793 311 735 794 125 736 795 312 733 796 123 737 797 126 738 798 313 734 799 124 721 800 125 736 801 316 739 802 314 740 803 126 738 804 317 741 805 315 742 806 99 743 807 316 739 808 127 744 809 96 745 810 317 741 811 97 746 812 99 743 813 320 747 814 318 721 815 96 745 816 321 748 817 319 749 818 101 693 819 320 747 820 98 750 821 100 751 822 293 698 823 321 748 824 293 752 825 322 753 826 323 754 827 290 755 828 324 756 829 325 757 830 295 758 831 322 759 832 292 760 833 294 761 834 327 762 835 324 763 836 297 764 837 326 765 838 295 766 839 298 767 840 327 768 841 296 769 842 299 770 843 331 771 844 300 772 845 301 773 846 328 774 847 297 775 848 298 776 849 333 777 850 329 778 851 303 779 852 330 780 853 299 781 854 304 782 855 332 783 856 301 784 857 302 785 858 336 786 859 333 787 860 303 788 861 337 789 862 334 790 863 307 791 864 335 792 865 304 793 866 308 794 867 336 795 868 305 796 869 306 797 870 340 798 871 337 799 872 310 800 873 338 801 874 307 802 875 311 803 876 339 804 877 308 805 878 309 806 879 343 807 880 340 808 881 300 809 882 341 810 883 310 811 884 311 812 885 344 813 886 342 814 887 314 815 888 343 816 889 312 817 890 315 818 891 344 819 892 313 820 893 316 821 894 345 822 895 314 823 896 315 824 897 348 825 898 346 826 899 318 827 900 347 828 901 316 829 902 319 830 903 348 831 904 317 832 905 320 833 906 349 834 907 318 835 908 319 836 909 352 837 910 350 838 911 291 839 912 351 840 913 320 841 914 321 842 915 323 843 916 352 844 917 291 845 918 325 846 919 353 847 920 349 848 921 354 849 922 355 850 923 353 851 924 356 852 925 357 853 926 324 854 927 358 855 928 359 856 929 329 857 930 360 858 931 361 859 932 336 860 933 362 861 934 363 862 935 342 863 936 364 864 937 365 865 938 346 866 939 366 867 940 367 868 941 350 869 942 368 870 943 369 871 944 322 872 945 371 873 946 323 874 947 328 875 948 373 876 949 326 877 950 335 878 951 375 879 952 332 880 953 341 881 954 377 882 955 338 883 956 330 884 957 379 885 958 331 886 959 337 887 960 381 888 961 334 889 962 343 890 963 383 891 964 340 892 965 347 893 966 385 894 967 345 895 968 364 896 969 387 897 970 367 898 971 361 899 972 388 900 973 389 901 974 378 902 975 391 903 976 381 904 977 366 905 978 387 906 979 367 907 980 363 908 981 388 909 982 393 910 983 380 911 984 391 912 985 381 913 986 369 914 987 392 915 988 395 916 989 383 917 990 394 918 991 396 919 992 369 920 993 397 921 994 395 922 995 383 923 996 398 924 997 396 925 998 371 926 999 397 927 1000 399 928 1001 382 929 1002 400 930 1003 385 931 1004 371 932 1005 401 933 1006 399 934 1007 384 935 1008 400 936 1009 385 937 1010 373 938 1011 401 939 1012 403 940 1013 384 941 1014 404 942 1015 355 943 1016 373 944 1017 405 945 1018 403 946 1019 354 947 1020 404 948 1021 355 949 1022 375 950 1023 405 951 1024 407 952 1025 354 953 1026 408 954 1027 357 955 1028 374 956 1029 407 957 1030 375 958 1031 356 959 1032 408 960 1033 357 961 1034 374 962 1035 411 963 1036 377 964 1037 363 965 1038 412 966 1039 393 967 1040 356 968 1041 413 969 1042 359 970 1043 376 971 1044 411 972 1045 377 973 1046 365 974 1047 412 975 1048 415 976 1049 358 977 1050 413 978 1051 359 979 1052 376 980 1053 417 981 1054 379 982 1055 365 983 1056 386 984 1057 415 985 1058 361 986 1059 416 987 1060 389 988 1061 378 989 1062 417 990 1063 379 991 1064 395 992 1065 418 993 1066 419 994 1067 396 995 1068 420 996 1069 421 997 1070 399 998 1071 418 999 1072 422 1000 1073 398 1001 1074 423 1002 1075 400 1003 1076 399 1004 1077 424 1005 1078 422 1006 1079 402 1007 1080 423 1008 1081 400 1009 1082 403 1010 1083 424 1011 1084 426 1012 1085 402 1013 1086 427 1014 1087 404 1015 1088 403 1016 1089 428 1017 1090 426 1018 1091 406 1019 1092 427 1020 1093 404 1021 1094 407 1022 1095 428 1023 1096 430 1024 1097 406 1025 1098 431 1026 1099 408 1027 1100 409 1028 1101 430 1029 1102 407 1030 1103 410 1031 1104 431 1032 1105 408 1033 1106 409 1034 1107 434 1035 1108 411 1036 1109 393 1037 1110 435 1038 1111 436 1039 1112 410 1040 1113 437 1041 1114 413 1042 1115 414 1043 1116 434 1044 1117 411 1045 1118 415 1046 1119 435 1047 1120 439 1048 1121 416 1049 1122 437 1050 1123 413 1051 1124 414 1052 1125 441 1053 1126 417 1054 1127 415 1055 1128 442 1056 1129 439 1057 1130 416 1058 1131 443 1059 1132 389 1060 1133 390 1061 1134 441 1062 1135 417 1063 1136 386 1064 1137 445 1065 1138 387 1066 1139 389 1067 1140 446 1068 1141 443 1069 1142 390 1070 1143 447 1071 1144 391 1072 1145 392 1073 1146 445 1074 1147 387 1075 1148 393 1076 1149 446 1077 1150 436 1078 1151 394 1079 1152 447 1080 1153 391 1081 1154 395 1082 1155 448 1083 1156 419 1084 1157 396 1085 1158 449 1086 1159 421 1087 1160 421 1088 1161 427 1089 1162 436 1090 1163 1 0 1164 2 1091 1165 3 1 1166 4 3 1167 5 1092 1168 6 4 1169 0 6 1170 3 1093 1171 9 7 1172 10 9 1173 4 1094 1174 7 10 1175 8 12 1176 9 1095 1177 13 13 1178 10 15 1179 11 1096 1180 15 16 1181 12 18 1182 13 1097 1183 17 19 1184 18 21 1185 19 1098 1186 20 22 1187 22 24 1188 14 1099 1189 15 25 1190 16 27 1191 17 1100 1192 25 28 1193 26 30 1194 18 1101 1195 21 31 1196 22 33 1197 23 1102 1198 29 34 1199 24 36 1200 25 1103 1201 31 37 1202 26 39 1203 27 1104 1204 33 40 1205 28 42 1206 29 1105 1207 35 43 1208 36 45 1209 30 1106 1210 31 46 1211 38 48 1212 32 1107 1213 33 49 1214 34 51 1215 35 1108 1216 41 52 1217 42 54 1218 36 1109 1219 37 55 1220 38 57 1221 39 1110 1222 45 58 1223 19 60 1224 40 1111 1225 41 61 1226 46 63 1227 42 1112 1228 43 64 1229 44 66 1230 45 1113 1231 49 67 1232 46 69 1233 47 1114 1234 51 70 1235 52 72 1236 48 1115 1237 49 73 1238 54 75 1239 50 1116 1240 51 76 1241 56 78 1242 52 1117 1243 53 79 1244 54 81 1245 55 1118 1246 59 82 1247 56 84 1248 57 1119 1249 61 85 1250 58 87 1251 59 1120 1252 63 88 1253 60 90 1254 61 1121 1255 2 91 1256 62 93 1257 63 1122 1258 6 94 1259 0 96 1260 64 1123 1261 65 97 1262 4 99 1263 66 1124 1264 67 100 1265 8 102 1266 68 1125 1267 64 103 1268 10 105 1269 69 1126 1270 66 106 1271 12 108 1272 70 1127 1273 68 109 1274 14 111 1275 71 1128 1276 69 112 1277 16 114 1278 72 1129 1279 70 115 1280 18 117 1281 73 118 1282 74 117 1283 22 119 1284 75 1130 1285 71 120 1286 24 122 1287 76 123 1288 72 122 1289 26 124 1290 77 125 1291 73 124 1292 28 126 1293 78 1131 1294 75 127 1295 30 129 1296 79 1132 1297 76 130 1298 32 132 1299 80 133 1300 77 133 1301 34 135 1302 81 1133 1303 78 136 1304 36 138 1305 82 1134 1306 79 139 1307 38 141 1308 83 1135 1309 80 142 1310 40 144 1311 84 145 1312 81 144 1313 42 146 1314 85 1136 1315 82 147 1316 44 149 1317 86 1137 1318 83 150 1319 19 152 1320 74 1138 1321 84 153 1322 46 155 1323 87 1139 1324 85 156 1325 48 158 1326 88 1140 1327 86 159 1328 50 161 1329 89 1141 1330 87 162 1331 52 164 1332 90 1142 1333 88 165 1334 54 167 1335 91 1143 1336 89 168 1337 56 170 1338 92 1144 1339 90 171 1340 58 173 1341 93 1145 1342 91 174 1343 60 176 1344 94 1146 1345 92 177 1346 62 179 1347 95 1147 1348 93 180 1349 1 182 1350 65 1148 1351 94 183 1352 5 185 1353 67 1149 1354 95 186 1355 91 188 1356 93 1150 1357 96 189 1358 92 191 1359 94 1151 1360 98 192 1361 93 194 1362 95 1152 1363 100 195 1364 94 197 1365 65 1153 1366 101 198 1367 95 200 1368 67 1154 1369 102 201 1370 65 203 1371 64 1155 1372 103 204 1373 66 206 1374 104 1156 1375 102 207 1376 64 209 1377 68 1157 1378 105 210 1379 69 212 1380 106 1158 1381 104 213 1382 68 215 1383 70 1159 1384 107 216 1385 71 218 1386 108 1160 1387 106 219 1388 70 221 1389 72 1161 1390 109 222 1391 73 224 1392 110 1162 1393 111 225 1394 75 227 1395 112 1163 1396 108 228 1397 72 230 1398 76 1164 1399 113 231 1400 77 233 1401 114 1165 1402 110 234 1403 75 236 1404 78 1166 1405 115 237 1406 76 239 1407 79 1167 1408 116 240 1409 80 242 1410 117 1168 1411 114 243 1412 81 245 1413 118 1169 1414 115 246 1415 82 248 1416 119 1170 1417 116 249 1418 83 251 1419 120 1171 1420 117 252 1421 81 254 1422 84 1172 1423 121 255 1424 85 257 1425 122 1173 1426 119 258 1427 86 260 1428 123 1174 1429 120 261 1430 84 263 1431 74 1175 1432 111 264 1433 87 266 1434 124 1176 1435 122 267 1436 88 269 1437 125 1177 1438 123 270 1439 89 272 1440 126 1178 1441 124 273 1442 90 275 1443 127 1179 1444 125 276 1445 89 278 1446 91 1180 1447 97 279 1448 90 281 1449 92 1181 1450 99 282 1451 43 284 1452 128 349 1453 129 285 1454 49 287 1455 45 350 1456 130 288 1457 47 286 1458 129 285 1459 132 290 1460 53 292 1461 49 287 1462 131 289 1463 51 291 1464 132 290 1465 134 294 1466 57 296 1467 53 292 1468 133 293 1469 55 295 1470 134 294 1471 136 298 1472 61 300 1473 57 296 1474 135 297 1475 59 299 1476 136 298 1477 138 302 1478 2 304 1479 61 300 1480 137 301 1481 63 303 1482 138 302 1483 140 306 1484 3 308 1485 2 304 1486 139 305 1487 6 307 1488 140 306 1489 142 310 1490 9 312 1491 3 308 1492 141 309 1493 13 314 1494 12 1182 1495 144 315 1496 7 311 1497 142 310 1498 146 317 1499 13 319 1500 9 312 1501 143 313 1502 11 318 1503 146 317 1504 147 321 1505 13 323 1506 145 1183 1507 148 324 1508 21 326 1509 20 351 1510 149 327 1511 15 322 1512 147 321 1513 151 329 1514 17 325 1515 148 324 1516 152 331 1517 27 333 1518 21 326 1519 150 328 1520 23 330 1521 151 329 1522 154 335 1523 25 332 1524 152 331 1525 155 337 1526 33 339 1527 27 333 1528 153 334 1529 35 341 1530 29 336 1531 154 335 1532 31 338 1533 155 337 1534 158 343 1535 39 345 1536 33 339 1537 156 340 1538 41 347 1539 35 341 1540 157 342 1541 37 344 1542 158 343 1543 128 349 1544 45 350 1545 39 345 1546 159 346 1547 20 351 1548 41 347 1549 160 348 1550 147 352 1551 161 1184 1552 162 353 1553 148 355 1554 163 1185 1555 164 356 1556 153 358 1557 150 1186 1558 165 359 1559 151 361 1560 162 1187 1561 167 362 1562 152 364 1563 164 1188 1564 168 365 1565 156 367 1566 153 1189 1567 166 368 1568 157 370 1569 154 1190 1570 167 371 1571 155 373 1572 168 1191 1573 171 374 1574 159 376 1575 156 1192 1576 169 377 1577 160 379 1578 157 1193 1579 170 380 1580 158 382 1581 171 1194 1582 174 383 1583 130 385 1584 159 1195 1585 172 386 1586 149 388 1587 160 1196 1588 173 389 1589 128 391 1590 174 1197 1591 177 392 1592 131 394 1593 130 1198 1594 175 395 1595 145 316 1596 144 315 1597 179 397 1598 129 399 1599 177 1199 1600 181 400 1601 133 402 1602 131 1200 1603 178 403 1604 132 405 1605 181 1201 1606 183 406 1607 135 408 1608 133 1202 1609 182 409 1610 134 411 1611 183 1203 1612 185 412 1613 137 414 1614 135 1204 1615 184 415 1616 136 417 1617 185 1205 1618 187 418 1619 139 420 1620 137 1206 1621 186 421 1622 138 423 1623 187 1207 1624 189 424 1625 141 426 1626 139 1208 1627 188 427 1628 140 429 1629 189 1209 1630 191 430 1631 143 432 1632 141 1210 1633 190 433 1634 142 435 1635 191 1211 1636 193 436 1637 145 438 1638 143 1212 1639 192 439 1640 146 441 1641 193 1213 1642 161 442 1643 145 444 1644 180 1214 1645 163 445 1646 150 447 1647 149 1215 1648 176 448 1649 182 450 1650 194 1216 1651 195 451 1652 175 453 1653 196 1217 1654 197 454 1655 169 456 1656 198 1218 1657 199 457 1658 200 459 1659 201 1219 1660 166 460 1661 202 462 1662 203 1220 1663 176 463 1664 204 465 1665 205 1221 1666 170 466 1667 206 468 1668 207 1222 1669 162 469 1670 208 471 1671 209 1223 1672 193 472 1673 210 474 1674 211 1224 1675 189 475 1676 212 477 1677 213 1225 1678 185 478 1679 214 480 1680 215 1226 1681 181 481 1682 171 483 1683 216 1227 1684 217 484 1685 164 486 1686 218 1228 1687 219 487 1688 180 489 1689 220 1229 1690 221 490 1691 190 492 1692 222 1230 1693 223 493 1694 186 495 1695 224 1231 1696 225 496 1697 204 498 1698 226 1232 1699 227 499 1700 219 501 1701 228 1233 1702 229 502 1703 198 504 1704 230 1234 1705 231 505 1706 205 507 1707 227 1235 1708 232 508 1709 217 510 1710 216 1236 1711 229 511 1712 199 513 1713 231 1237 1714 234 514 1715 203 516 1716 202 1238 1717 232 517 1718 214 519 1719 217 1239 1720 233 520 1721 197 522 1722 196 1240 1723 234 523 1724 214 525 1725 236 1241 1726 238 526 1727 197 528 1728 237 1242 1729 239 529 1730 215 531 1731 238 1243 1732 240 532 1733 194 534 1734 239 1244 1735 241 535 1736 212 537 1737 240 1245 1738 242 538 1739 224 540 1740 195 1246 1741 241 541 1742 210 543 1743 213 1247 1744 242 544 1745 225 546 1746 224 1248 1747 243 547 1748 210 549 1749 244 1249 1750 246 550 1751 225 552 1752 245 1250 1753 247 553 1754 208 555 1755 211 1251 1756 246 556 1757 223 558 1758 222 1252 1759 247 559 1760 208 561 1761 248 1253 1762 250 562 1763 220 564 1764 223 1254 1765 249 565 1766 206 567 1767 209 1255 1768 250 568 1769 220 570 1770 251 1256 1771 253 571 1772 200 573 1773 203 1257 1774 235 574 1775 207 576 1776 206 1258 1777 252 577 1778 221 579 1779 253 1259 1780 256 580 1781 201 582 1782 200 1260 1783 254 583 1784 204 585 1785 207 1261 1786 255 586 1787 218 588 1788 256 1262 1789 228 589 1790 201 591 1791 257 1263 1792 230 592 1793 233 594 1794 258 1264 1795 259 595 1796 237 597 1797 234 1265 1798 260 598 1799 238 600 1800 236 1266 1801 259 601 1802 237 603 1803 261 1267 1804 263 604 1805 238 606 1806 262 1268 1807 264 607 1808 239 609 1809 263 1269 1810 265 610 1811 240 612 1812 264 1270 1813 266 613 1814 243 615 1815 241 1271 1816 265 616 1817 244 618 1818 242 1272 1819 266 619 1820 245 621 1821 243 1273 1822 267 622 1823 244 624 1824 268 1274 1825 270 625 1826 245 627 1827 269 1275 1828 271 628 1829 248 630 1830 246 1276 1831 270 631 1832 249 633 1833 247 1277 1834 271 634 1835 248 636 1836 272 1278 1837 274 637 1838 251 639 1839 249 1279 1840 273 640 1841 252 642 1842 250 1280 1843 274 643 1844 253 645 1845 251 1281 1846 275 646 1847 254 648 1848 235 1282 1849 278 649 1850 255 651 1851 252 1283 1852 276 652 1853 253 654 1854 277 1284 1855 281 655 1856 257 657 1857 254 1285 1858 279 658 1859 255 660 1860 280 1286 1861 283 661 1862 256 663 1863 281 1287 1864 284 664 1865 257 666 1866 282 1288 1867 285 667 1868 227 669 1869 226 1289 1870 283 670 1871 229 672 1872 228 1290 1873 284 673 1874 230 675 1875 285 1291 1876 288 676 1877 232 678 1878 227 1292 1879 286 679 1880 229 681 1881 287 1293 1882 258 682 1883 231 684 1884 288 1294 1885 260 685 1886 232 687 1887 289 1295 1888 278 688 1889 282 692 1890 279 1296 1891 278 1297 1892 278 1297 1893 289 1298 1894 282 692 1895 289 1298 1896 286 1299 1897 282 692 1898 286 1299 1899 283 1300 1900 280 1301 1901 280 1301 1902 276 1298 1903 286 1299 1904 276 1298 1905 274 1302 1906 286 1299 1907 274 1302 1908 272 1303 1909 270 1304 1910 270 1304 1911 268 1305 1912 266 1306 1913 266 1306 1914 264 1298 1915 258 1307 1916 264 1298 1917 262 1308 1918 258 1307 1919 262 1308 1920 259 1300 1921 258 1307 1922 258 1307 1923 287 1296 1924 284 1309 1925 284 1309 1926 281 1298 1927 277 690 1928 277 690 1929 275 1310 1930 273 1311 1931 273 1311 1932 271 1298 1933 277 690 1934 271 1298 1935 269 691 1936 277 690 1937 269 691 1938 267 1312 1939 265 1313 1940 265 1313 1941 263 1314 1942 261 1315 1943 261 1315 1944 260 1316 1945 282 692 1946 260 1316 1947 288 1317 1948 282 692 1949 288 1317 1950 285 1318 1951 282 692 1952 274 1302 1953 270 1304 1954 258 1307 1955 270 1304 1956 266 1306 1957 258 1307 1958 258 1307 1959 284 1309 1960 277 690 1961 269 691 1962 265 1313 1963 282 692 1964 265 1313 1965 261 1315 1966 282 692 1967 282 692 1968 286 1299 1969 258 1307 1970 286 1299 1971 274 1302 1972 258 1307 1973 258 1307 1974 277 690 1975 282 692 1976 101 693 1977 103 700 1978 290 694 1979 102 696 1980 104 702 1981 292 697 1982 105 699 1983 294 704 1984 290 694 1985 106 701 1986 295 706 1987 292 697 1988 107 703 1989 296 708 1990 294 704 1991 108 705 1992 297 713 1993 295 706 1994 109 707 1995 298 715 1996 296 708 1997 110 709 1998 299 717 1999 300 710 2000 108 705 2001 112 719 2002 301 712 2003 109 707 2004 113 721 2005 302 714 2006 110 709 2007 114 721 2008 303 716 2009 115 718 2010 304 724 2011 301 712 2012 116 720 2013 305 726 2014 302 714 2015 117 722 2016 306 728 2017 303 716 2018 115 718 2019 118 729 2020 307 723 2021 116 720 2022 119 721 2023 308 725 2024 117 722 2025 120 732 2026 309 727 2027 118 729 2028 121 721 2029 310 730 2030 122 731 2031 311 735 2032 308 725 2033 120 732 2034 123 737 2035 312 733 2036 111 711 2037 300 710 2038 310 730 2039 122 731 2040 124 721 2041 313 734 2042 125 736 2043 314 740 2044 312 733 2045 126 738 2046 315 742 2047 313 734 2048 125 736 2049 127 744 2050 316 739 2051 126 738 2052 97 746 2053 317 741 2054 99 743 2055 318 721 2056 316 739 2057 96 745 2058 319 749 2059 317 741 2060 99 743 2061 98 750 2062 320 747 2063 96 745 2064 100 751 2065 321 748 2066 101 693 2067 291 695 2068 320 747 2069 100 751 2070 102 696 2071 293 698 2072 293 752 2073 292 1319 2074 322 753 2075 290 755 2076 294 1320 2077 324 756 2078 295 758 2079 326 1321 2080 322 759 2081 294 761 2082 296 1322 2083 327 762 2084 297 764 2085 328 1323 2086 326 765 2087 298 767 2088 329 1324 2089 327 768 2090 299 770 2091 330 1325 2092 331 771 2093 301 773 2094 332 1326 2095 328 774 2096 298 776 2097 302 1327 2098 333 777 2099 303 779 2100 334 1328 2101 330 780 2102 304 782 2103 335 1329 2104 332 783 2105 302 785 2106 305 1330 2107 336 786 2108 303 788 2109 306 1331 2110 337 789 2111 307 791 2112 338 1332 2113 335 792 2114 308 794 2115 339 1333 2116 336 795 2117 306 797 2118 309 1334 2119 340 798 2120 310 800 2121 341 1335 2122 338 801 2123 311 803 2124 342 1336 2125 339 804 2126 309 806 2127 312 1337 2128 343 807 2129 300 809 2130 331 1338 2131 341 810 2132 311 812 2133 313 1339 2134 344 813 2135 314 815 2136 345 1340 2137 343 816 2138 315 818 2139 346 1341 2140 344 819 2141 316 821 2142 347 1342 2143 345 822 2144 315 824 2145 317 1343 2146 348 825 2147 318 827 2148 349 1344 2149 347 828 2150 319 830 2151 350 1345 2152 348 831 2153 320 833 2154 351 1346 2155 349 834 2156 319 836 2157 321 1347 2158 352 837 2159 291 839 2160 353 1348 2161 351 840 2162 321 842 2163 293 1349 2164 323 843 2165 291 845 2166 290 1350 2167 325 846 2168 349 848 2169 351 1351 2170 354 849 2171 353 851 2172 325 1352 2173 356 852 2174 324 854 2175 327 1353 2176 358 855 2177 329 857 2178 333 1354 2179 360 858 2180 336 860 2181 339 1355 2182 362 861 2183 342 863 2184 344 1356 2185 364 864 2186 346 866 2187 348 1357 2188 366 867 2189 350 869 2190 352 1358 2191 368 870 2192 322 872 2193 370 1359 2194 371 873 2195 328 875 2196 372 1360 2197 373 876 2198 335 878 2199 374 1361 2200 375 879 2201 341 881 2202 376 1362 2203 377 882 2204 330 884 2205 378 1363 2206 379 885 2207 337 887 2208 380 1364 2209 381 888 2210 343 890 2211 382 1365 2212 383 891 2213 347 893 2214 384 1366 2215 385 894 2216 364 896 2217 386 1367 2218 387 897 2219 361 899 2220 360 1368 2221 388 900 2222 378 902 2223 390 1369 2224 391 903 2225 366 905 2226 392 1370 2227 387 906 2228 363 908 2229 360 1371 2230 388 909 2231 380 911 2232 394 1372 2233 391 912 2234 369 914 2235 366 1373 2236 392 915 2237 383 917 2238 380 1374 2239 394 918 2240 369 920 2241 368 1375 2242 397 921 2243 383 923 2244 382 1376 2245 398 924 2246 371 926 2247 368 1377 2248 397 927 2249 382 929 2250 398 1378 2251 400 930 2252 371 932 2253 370 1379 2254 401 933 2255 384 935 2256 402 1380 2257 400 936 2258 373 938 2259 370 1381 2260 401 939 2261 384 941 2262 402 1382 2263 404 942 2264 373 944 2265 372 1383 2266 405 945 2267 354 947 2268 406 1384 2269 404 948 2270 375 950 2271 372 1385 2272 405 951 2273 354 953 2274 406 1386 2275 408 954 2276 374 956 2277 409 1387 2278 407 957 2279 356 959 2280 410 1388 2281 408 960 2282 374 962 2283 409 1389 2284 411 963 2285 363 965 2286 362 1390 2287 412 966 2288 356 968 2289 410 1391 2290 413 969 2291 376 971 2292 414 1392 2293 411 972 2294 365 974 2295 362 1393 2296 412 975 2297 358 977 2298 416 1394 2299 413 978 2300 376 980 2301 414 1395 2302 417 981 2303 365 983 2304 364 1396 2305 386 984 2306 361 986 2307 358 1397 2308 416 987 2309 378 989 2310 390 1398 2311 417 990 2312 395 992 2313 397 1399 2314 418 993 2315 396 995 2316 398 1400 2317 420 996 2318 399 998 2319 397 1401 2320 418 999 2321 398 1001 2322 420 1402 2323 423 1002 2324 399 1004 2325 401 1403 2326 424 1005 2327 402 1007 2328 425 1404 2329 423 1008 2330 403 1010 2331 401 1405 2332 424 1011 2333 402 1013 2334 425 1406 2335 427 1014 2336 403 1016 2337 405 1407 2338 428 1017 2339 406 1019 2340 429 1408 2341 427 1020 2342 407 1022 2343 405 1409 2344 428 1023 2345 406 1025 2346 429 1410 2347 431 1026 2348 409 1028 2349 432 1411 2350 430 1029 2351 410 1031 2352 433 1412 2353 431 1032 2354 409 1034 2355 432 1413 2356 434 1035 2357 393 1037 2358 412 1414 2359 435 1038 2360 410 1040 2361 433 1415 2362 437 1041 2363 414 1043 2364 438 1416 2365 434 1044 2366 415 1046 2367 412 1417 2368 435 1047 2369 416 1049 2370 440 1418 2371 437 1050 2372 414 1052 2373 438 1419 2374 441 1053 2375 415 1055 2376 386 1420 2377 442 1056 2378 416 1058 2379 440 1421 2380 443 1059 2381 390 1061 2382 444 1422 2383 441 1062 2384 386 1064 2385 442 1423 2386 445 1065 2387 389 1067 2388 388 1424 2389 446 1068 2390 390 1070 2391 444 1425 2392 447 1071 2393 392 1073 2394 448 1426 2395 445 1074 2396 393 1076 2397 388 1427 2398 446 1077 2399 394 1079 2400 449 1428 2401 447 1080 2402 395 1082 2403 392 1429 2404 448 1083 2405 396 1085 2406 394 1430 2407 449 1086 2408 436 1090 2409 435 1431 2410 439 1432 2411 439 1432 2412 442 1433 2413 445 1434 2414 445 1434 2415 448 1435 2416 422 1436 2417 448 1435 2418 419 1437 2419 422 1436 2420 419 1437 2421 418 721 2422 422 1436 2423 422 1436 2424 424 1438 2425 426 1439 2426 426 1439 2427 428 1440 2428 422 1436 2429 428 1440 2430 430 1441 2431 422 1436 2432 430 1441 2433 432 1442 2434 441 1443 2435 432 1442 2436 434 1444 2437 441 1443 2438 434 1444 2439 438 1445 2440 441 1443 2441 441 1443 2442 444 721 2443 421 1088 2444 444 721 2445 447 1446 2446 421 1088 2447 447 1446 2448 449 1447 2449 421 1088 2450 421 1088 2451 420 1448 2452 427 1089 2453 420 1448 2454 423 1449 2455 427 1089 2456 423 1449 2457 425 1450 2458 427 1089 2459 427 1089 2460 429 721 2461 431 721 2462 431 721 2463 433 721 2464 427 1089 2465 433 721 2466 437 1451 2467 427 1089 2468 437 1451 2469 440 1452 2470 443 1453 2471 443 1453 2472 446 1454 2473 436 1090 2474 436 1090 2475 439 1432 2476 422 1436 2477 439 1432 2478 445 1434 2479 422 1436 2480 437 1451 2481 443 1453 2482 427 1089 2483 443 1453 2484 436 1090 2485 427 1089 2486 422 1436 2487 430 1441 2488 436 1090 2489 430 1441 2490 441 1443 2491 436 1090 2492 441 1443 2493 421 1088 2494 436 1090 2495</p>
        </triangles>
      </mesh>
    </geometry>
    <geometry id="Plane_001-mesh" name="Plane.001">
      <mesh>
        <source id="Plane_001-mesh-positions">
          <float_array id="Plane_001-mesh-positions-array" count="54">0.939629 0.877005 2.308869 0.930853 0.916718 2.315115 0.888444 0.929117 2.375937 0.823956 0.927097 2.430053 0.509252 0.92252 2.471029 0.486217 0.770488 2.509369 0.827084 0.765473 2.472705 0.891473 0.750679 2.392349 0.93874 0.746875 2.309998 -0.937 0.877005 2.308869 -0.936111 0.746875 2.309998 -0.888844 0.750679 2.392349 -0.824456 0.765473 2.472705 -0.483589 0.770488 2.509369 -0.506624 0.92252 2.471029 -0.821327 0.927097 2.430053 -0.885816 0.929117 2.375937 -0.928225 0.916718 2.315115</float_array>
          <technique_common>
            <accessor source="#Plane_001-mesh-positions-array" count="18" stride="3">
              <param name="X" type="float"/>
              <param name="Y" type="float"/>
              <param name="Z" type="float"/>
            </accessor>
          </technique_common>
        </source>
        <source id="Plane_001-mesh-normals">
          <float_array id="Plane_001-mesh-normals-array" count="54">0.4825404 0.2277683 0.8457401 0.8022933 0.08452761 0.5909151 0.4466906 0.1887428 0.8745534 -0.4825448 0.2277703 0.8457372 -0.1112838 0.2355182 0.9654777 -0.4466882 0.1887427 0.8745547 0.8672574 -0.001604437 0.4978578 0.8316788 0.05900877 0.5521127 0.8255571 0.09494507 0.5562742 0.7351111 0.0783537 0.6734037 0.1112835 0.2355181 0.9654778 0.1074451 0.2277747 0.9677677 -0.8255568 0.09492385 0.5562784 -0.8316808 0.05900096 0.5521105 -0.7351103 0.07834804 0.6734051 -0.8672581 -0.001605629 0.4978563 -0.8022952 0.08452719 0.5909126 -0.1074454 0.2277747 0.9677677</float_array>
          <technique_common>
            <accessor source="#Plane_001-mesh-normals-array" count="18" stride="3">
              <param name="X" type="float"/>
              <param name="Y" type="float"/>
              <param name="Z" type="float"/>
            </accessor>
          </technique_common>
        </source>
        <source id="Plane_001-mesh-map-0">
          <float_array id="Plane_001-mesh-map-0-array" count="84">0.968289 0.656845 0.971705 0.667279 0.937391 0.650702 0.968289 0.656845 0.944199 0.590216 0.937391 0.650702 0.973368 0.673998 0.947633 0.670804 0.971705 0.667279 0.947633 0.670804 0.939822 0.668264 0.93686 0.661581 0.971705 0.667279 0.947633 0.670804 0.93686 0.661581 0.93686 0.661581 0.937391 0.650702 0.971705 0.667279 0.937391 0.650702 0.944199 0.590216 0.968289 0.656845 0.944199 0.590216 0.973872 0.590823 0.968289 0.656845 0.939822 0.668264 0.947633 0.670804 0.93686 0.661581 0.947633 0.670804 0.973368 0.673998 0.971705 0.667279 0.971705 0.667279 0.968289 0.656845 0.937391 0.650702 0.968289 0.656845 0.973872 0.590823 0.944199 0.590216 0.937391 0.650702 0.93686 0.661581 0.971705 0.667279 0.971705 0.667279 0.93686 0.661581 0.947633 0.670804</float_array>
          <technique_common>
            <accessor source="#Plane_001-mesh-map-0-array" count="42" stride="2">
              <param name="S" type="float"/>
              <param name="T" type="float"/>
            </accessor>
          </technique_common>
        </source>
        <vertices id="Plane_001-mesh-vertices">
          <input semantic="POSITION" source="#Plane_001-mesh-positions"/>
        </vertices>
        <triangles material="Body-material" count="14">
          <input semantic="VERTEX" source="#Plane_001-mesh-vertices" offset="0"/>
          <input semantic="NORMAL" source="#Plane_001-mesh-normals" offset="1"/>
          <input semantic="TEXCOORD" source="#Plane_001-mesh-map-0" offset="2" set="0"/>
          <p>6 0 0 7 1 1 3 2 2 12 3 3 14 4 4 15 5 5 8 6 6 0 7 7 7 1 8 0 7 9 1 8 10 2 9 11 7 1 12 0 7 13 2 9 14 2 9 15 3 2 16 7 1 17 3 2 18 4 10 19 6 0 20 4 10 21 5 11 22 6 0 23 17 12 24 9 13 25 16 14 26 9 13 27 10 15 28 11 16 29 11 16 30 12 3 31 15 5 32 12 3 33 13 17 34 14 4 35 15 5 36 16 14 37 11 16 38 11 16 39 16 14 40 9 13 41</p>
        </triangles>
      </mesh>
    </geometry>
    <geometry id="VetroPost_Plane_006-mesh" name="VetroPost_Plane.006">
      <mesh>
        <source id="VetroPost_Plane_006-mesh-positions">
          <float_array id="VetroPost_Plane_006-mesh-positions-array" count="66">0.749823 1.461022 -2.077564 0.794589 1.294949 -2.182941 0.764894 1.270666 -2.200376 0.615773 1.263694 -2.228076 0.472839 1.265964 -2.245282 0.35455 1.267842 -2.259521 0.001313984 1.275414 -2.258998 0.001313984 1.786424 -1.872721 0.296777 1.786424 -1.862122 0.561919 1.767015 -1.851847 0.617957 1.758486 -1.838748 0.643279 1.732374 -1.87174 -0.747194 1.461022 -2.077564 -0.64065 1.732374 -1.87174 -0.615328 1.758486 -1.838748 -0.55929 1.767015 -1.851847 -0.294149 1.786424 -1.862122 -0.351921 1.267842 -2.259521 -0.470211 1.265964 -2.245282 -0.613144 1.263694 -2.228076 -0.762266 1.270666 -2.200376 -0.79196 1.294949 -2.182941</float_array>
          <technique_common>
            <accessor source="#VetroPost_Plane_006-mesh-positions-array" count="22" stride="3">
              <param name="X" type="float"/>
              <param name="Y" type="float"/>
              <param name="Z" type="float"/>
            </accessor>
          </technique_common>
        </source>
        <source id="VetroPost_Plane_006-mesh-normals">
          <float_array id="VetroPost_Plane_006-mesh-normals-array" count="72">0.04933708 0.6065919 -0.7934811 0.09709906 0.6560726 -0.7484254 0.08893513 0.5994791 -0.7954341 -0.08893495 0.5994791 -0.7954341 -0.07030373 0.590989 -0.8036103 -0.09709948 0.6560724 -0.7484255 0.1102993 0.6769595 -0.7277087 0.07030385 0.5909885 -0.8036106 0.04685401 0.5441532 -0.8376767 0.1007182 0.5449928 -0.8323695 0.1142962 0.5522431 -0.8258112 0.0600512 0.6113659 -0.7890664 0.01639229 0.6073738 -0.7942471 0.240867 0.842466 -0.4819067 0.02860468 0.6027658 -0.7974053 -0.04685628 0.5441548 -0.8376754 -0.1007185 0.5449942 -0.8323683 -0.1102994 0.676959 -0.7277092 -0.1142966 0.5522434 -0.8258109 -0.2408695 0.8424656 -0.4819061 -0.0493372 0.6065918 -0.7934812 -0.02860468 0.6027658 -0.7974053 -0.01639229 0.6073738 -0.7942472 -0.06005072 0.6113657 -0.7890664</float_array>
          <technique_common>
            <accessor source="#VetroPost_Plane_006-mesh-normals-array" count="24" stride="3">
              <param name="X" type="float"/>
              <param name="Y" type="float"/>
              <param name="Z" type="float"/>
            </accessor>
          </technique_common>
        </source>
        <source id="VetroPost_Plane_006-mesh-map-0">
          <float_array id="VetroPost_Plane_006-mesh-map-0-array" count="120">0.636329 0.691355 0.583435 0.687456 0.61253 0.592092 0.61253 0.592092 0.5527 0.629146 0.583435 0.687456 0.567871 0.68081 0.5527 0.629146 0.583435 0.687456 0.5527 0.629146 0.54691 0.597241 0.553314 0.592585 0.583435 0.687456 0.5527 0.629146 0.61253 0.592092 0.553314 0.592585 0.583686 0.591479 0.5527 0.629146 0.61253 0.592092 0.636401 0.592598 0.636329 0.691355 0.636401 0.592598 0.706505 0.593933 0.636329 0.691355 0.583686 0.591479 0.61253 0.592092 0.5527 0.629146 0.571962 0.685599 0.567871 0.68081 0.583435 0.687456 0.695278 0.691347 0.636329 0.691355 0.706505 0.593933 0.54691 0.597241 0.5527 0.629146 0.553314 0.592585 0.5527 0.629146 0.567871 0.68081 0.583435 0.687456 0.553314 0.592585 0.5527 0.629146 0.583686 0.591479 0.567871 0.68081 0.571962 0.685599 0.583435 0.687456 0.583435 0.687456 0.636329 0.691355 0.61253 0.592092 0.636329 0.691355 0.695278 0.691347 0.706505 0.593933 0.61253 0.592092 0.636329 0.691355 0.636401 0.592598 0.706505 0.593933 0.636401 0.592598 0.636329 0.691355 0.61253 0.592092 0.583686 0.591479 0.5527 0.629146</float_array>
          <technique_common>
            <accessor source="#VetroPost_Plane_006-mesh-map-0-array" count="60" stride="2">
              <param name="S" type="float"/>
              <param name="T" type="float"/>
            </accessor>
          </technique_common>
        </source>
        <vertices id="VetroPost_Plane_006-mesh-vertices">
          <input semantic="POSITION" source="#VetroPost_Plane_006-mesh-positions"/>
        </vertices>
        <triangles material="VetroPost-material" count="20">
          <input semantic="VERTEX" source="#VetroPost_Plane_006-mesh-vertices" offset="0"/>
          <input semantic="NORMAL" source="#VetroPost_Plane_006-mesh-normals" offset="1"/>
          <input semantic="TEXCOORD" source="#VetroPost_Plane_006-mesh-map-0" offset="2" set="0"/>
          <p>8 0 0 9 1 1 4 2 2 18 3 3 12 4 4 15 5 5 11 6 6 0 7 7 9 1 8 0 7 9 1 8 10 2 9 11 9 1 12 0 7 13 4 2 14 2 9 15 3 10 16 0 7 17 4 2 18 5 11 19 8 0 20 5 11 21 6 12 22 8 0 23 3 10 24 4 2 25 0 7 26 10 13 27 11 6 28 9 1 29 7 14 30 8 0 31 6 12 32 21 15 33 12 4 34 20 16 35 12 4 36 13 17 37 15 5 38 20 16 39 12 4 40 19 18 41 13 17 42 14 19 43 15 5 44 15 5 45 16 20 46 18 3 47 16 20 48 7 21 49 6 22 50 18 3 51 16 20 52 17 23 53 6 22 54 17 23 55 16 20 56 18 3 57 19 18 58 12 4 59</p>
        </triangles>
      </mesh>
    </geometry>
    <geometry id="Circle_002_Circle_001-mesh" name="Circle.002_Circle.001">
      <mesh>
        <source id="Circle_002_Circle_001-mesh-positions">
          <float_array id="Circle_002_Circle_001-mesh-positions-array" count="1350">-0.825337 0.7514 1.832144 -0.825337 0.785314 1.768696 -0.801865 0.772908 1.763557 -0.801865 0.740235 1.824683 -0.825337 0.08632397 1.55666 -0.825337 0.07927197 1.628255 -0.801865 0.09270095 1.628255 -0.801865 0.09949398 1.559279 -0.825337 0.705761 1.887756 -0.801865 0.696265 1.878261 -0.825337 0.107208 1.487815 -0.801865 0.119614 1.492954 -0.825337 0.650148 1.933396 -0.801865 0.642688 1.92223 -0.825337 0.141121 1.424368 -0.801865 0.1522859 1.431828 -0.825337 0.586701 1.967309 -0.801865 0.581562 1.954903 -0.825337 0.517857 1.268319 -0.825337 0.446261 1.261267 -0.801865 0.446261 1.274696 -0.801865 0.515237 1.281489 -0.825337 0.186761 1.368756 -0.801865 0.196256 1.378251 -0.825337 0.517856 1.988193 -0.801865 0.515237 1.975022 -0.825337 0.586701 1.289203 -0.801865 0.581562 1.301609 -0.825337 0.242373 1.323116 -0.801865 0.249834 1.334281 -0.825337 0.446261 1.995244 -0.801865 0.446261 1.981816 -0.825337 0.650149 1.323116 -0.801865 0.642688 1.334281 -0.825337 0.305821 1.289203 -0.801865 0.31096 1.301609 -0.825337 0.374665 1.988193 -0.801865 0.377284 1.975022 -0.825337 0.705761 1.368756 -0.801865 0.696265 1.378251 -0.825337 0.374665 1.268319 -0.801865 0.377285 1.281489 -0.825337 0.30582 1.967309 -0.801865 0.310959 1.954903 -0.825337 0.7514 1.424368 -0.801865 0.740235 1.431828 -0.825337 0.242373 1.933395 -0.801865 0.249833 1.92223 -0.825337 0.785314 1.487815 -0.801865 0.772908 1.492954 -0.825337 0.186761 1.887756 -0.801865 0.196256 1.87826 -0.825337 0.806197 1.55666 -0.801865 0.793027 1.55928 -0.825337 0.141121 1.832143 -0.801865 0.1522859 1.824683 -0.825337 0.813249 1.628256 -0.801865 0.799821 1.628256 -0.825337 0.107208 1.768696 -0.801865 0.119614 1.763557 -0.825337 0.806197 1.699852 -0.801865 0.793027 1.697232 -0.825337 0.08632397 1.699851 -0.801865 0.09949398 1.697232 -0.977045 0.7514 1.832144 -0.977045 0.785314 1.768696 -0.977045 0.08632397 1.55666 -0.977045 0.07927197 1.628255 -0.977045 0.705761 1.887756 -0.977045 0.107208 1.487815 -0.977045 0.650148 1.933396 -0.977045 0.141121 1.424368 -0.977045 0.586701 1.967309 -0.977045 0.517857 1.268319 -0.977045 0.446261 1.261267 -0.977045 0.186761 1.368756 -0.977045 0.517856 1.988193 -0.977045 0.586701 1.289203 -0.977045 0.242373 1.323116 -0.977045 0.446261 1.995244 -0.977045 0.650149 1.323116 -0.977045 0.305821 1.289203 -0.977045 0.374665 1.988193 -0.977045 0.705761 1.368756 -0.977045 0.374665 1.268319 -0.977045 0.30582 1.967309 -0.977045 0.7514 1.424368 -0.977045 0.242373 1.933395 -0.977045 0.785314 1.487815 -0.977045 0.186761 1.887756 -0.977045 0.806197 1.55666 -0.977045 0.141121 1.832143 -0.977045 0.813249 1.628256 -0.977045 0.107208 1.768696 -0.977045 0.806197 1.699852 -0.977045 0.08632397 1.699851 -1.001126 0.120213 1.763309 -1.001126 0.152826 1.824323 -1.001126 0.792391 1.697105 -1.001126 0.799172 1.628256 -1.001126 0.10013 1.697105 -1.001126 0.772308 1.763309 -1.001126 0.09334897 1.628255 -1.001126 0.739696 1.824323 -1.001126 0.100131 1.559406 -1.001126 0.695807 1.877802 -1.001126 0.120213 1.493202 -1.001126 0.642328 1.921691 -1.001126 0.152826 1.432189 -1.001126 0.581314 1.954303 -1.001126 0.51511 1.282126 -1.001126 0.446261 1.275344 -1.001126 0.1967149 1.37871 -1.001126 0.51511 1.974386 -1.001126 0.581314 1.302208 -1.001126 0.250194 1.334821 -1.001126 0.446261 1.981167 -1.001126 0.642328 1.334821 -1.001126 0.311208 1.302208 -1.001126 0.377411 1.974386 -1.001126 0.695807 1.37871 -1.001126 0.377412 1.282125 -1.001126 0.311207 1.954303 -1.001126 0.739696 1.432189 -1.001126 0.250193 1.921691 -1.001126 0.772308 1.493203 -1.001126 0.1967149 1.877802 -1.001126 0.792391 1.559406 -0.797138 0.350112 1.867066 -0.797138 0.305902 1.843435 -0.797138 0.660591 1.488746 -0.797138 0.684222 1.532956 -0.797138 0.267151 1.811634 -0.797138 0.698774 1.580927 -0.797138 0.23535 1.772883 -0.797138 0.703687 1.630815 -0.797138 0.211719 1.728673 -0.797138 0.698774 1.680703 -0.797138 0.197167 1.680702 -0.797138 0.684222 1.728673 -0.797138 0.192254 1.630814 -0.797138 0.660591 1.772883 -0.797138 0.197167 1.580927 -0.797138 0.628789 1.811634 -0.814114 0.595435 1.851511 -0.797138 0.590039 1.843435 -0.797138 0.211719 1.532956 -0.797138 0.23535 1.488746 -0.797138 0.545829 1.867066 -0.797138 0.44797 1.375098 -0.797138 0.497858 1.380012 -0.797138 0.267152 1.449996 -0.797138 0.497858 1.881618 -0.797138 0.545829 1.394563 -0.797138 0.305902 1.418194 -0.797138 0.44797 1.886531 -0.797138 0.590039 1.418194 -0.797138 0.350112 1.394563 -0.797138 0.398083 1.881618 -0.797138 0.628789 1.449996 -0.797138 0.398083 1.380012 -0.802191 0.2442 1.49481 -0.802191 0.274705 1.457639 -0.802191 0.542022 1.857708 -0.802191 0.496007 1.871666 -0.802191 0.496007 1.390508 -0.802191 0.542022 1.404467 -0.802191 0.311876 1.427134 -0.802191 0.448153 1.876379 -0.802191 0.58443 1.427134 -0.802191 0.354284 1.404467 -0.802191 0.400298 1.871666 -0.802191 0.6216 1.45764 -0.802191 0.400299 1.390508 -0.802191 0.354283 1.857708 -0.802191 0.652106 1.49481 -0.802191 0.448153 1.385795 -0.802191 0.311876 1.83504 -0.802191 0.674773 1.537218 -0.818476 0.589605 1.842786 -0.802191 0.58443 1.83504 -0.802191 0.274705 1.804535 -0.802191 0.688731 1.583233 -0.802191 0.2442 1.767364 -0.802191 0.693445 1.631087 -0.802191 0.221532 1.724956 -0.802191 0.688732 1.678941 -0.802191 0.207574 1.678941 -0.802191 0.674773 1.724957 -0.802191 0.202861 1.631087 -0.802191 0.652106 1.767364 -0.802191 0.207574 1.583233 -0.802191 0.6216 1.804535 -0.802191 0.221532 1.537218 -0.818488 0.51772 1.614574 -0.818488 0.519036 1.627936 -0.818488 0.507493 1.589883 -0.818488 0.513823 1.601725 -0.818488 0.488595 1.570985 -0.818488 0.498975 1.579504 -0.818488 0.463905 1.560758 -0.818488 0.476754 1.564656 -0.818488 0.43718 1.560758 -0.818488 0.450542 1.559442 -0.818488 0.412489 1.570985 -0.818488 0.42433 1.564656 -0.818488 0.393591 1.589883 -0.818488 0.402109 1.579504 -0.818488 0.383364 1.614574 -0.818488 0.387261 1.601725 -0.818488 0.383364 1.641299 -0.818488 0.382048 1.627936 -0.818488 0.393591 1.66599 -0.818488 0.387261 1.654148 -0.818488 0.412489 1.684887 -0.818488 0.402109 1.676369 -0.818488 0.437179 1.695115 -0.818488 0.42433 1.691217 -0.818488 0.463905 1.695115 -0.818488 0.450542 1.696431 -0.818488 0.488595 1.684887 -0.818488 0.476754 1.691217 -0.818488 0.507493 1.66599 -0.818488 0.498975 1.676369 -0.818488 0.51772 1.641299 -0.818488 0.513823 1.654148 -0.811007 0.432014 1.600207 -0.811007 0.43778 1.597125 -0.811007 0.450542 1.661287 -0.811007 0.444036 1.660646 -0.811007 0.46907 1.600207 -0.811007 0.474124 1.604354 -0.811007 0.444036 1.595227 -0.811007 0.437779 1.658748 -0.811007 0.478272 1.609408 -0.811007 0.450542 1.594586 -0.811007 0.432014 1.655666 -0.811007 0.481354 1.615174 -0.811007 0.42696 1.651519 -0.811007 0.483251 1.62143 -0.811007 0.422812 1.646465 -0.811007 0.483892 1.627936 -0.811007 0.41973 1.640699 -0.811007 0.483251 1.634443 -0.811007 0.417833 1.634443 -0.811007 0.481354 1.640699 -0.811007 0.417192 1.627936 -0.811007 0.478272 1.646465 -0.811007 0.417833 1.62143 -0.811007 0.474124 1.651519 -0.811007 0.41973 1.615174 -0.811007 0.46907 1.655666 -0.811007 0.422812 1.609408 -0.811007 0.463305 1.658748 -0.811007 0.457048 1.595227 -0.811007 0.42696 1.604354 -0.811007 0.457048 1.660646 -0.811007 0.463305 1.597125 -0.808056 0.44176 1.649138 -0.808056 0.437792 1.647018 -0.808056 0.469623 1.615187 -0.808056 0.471744 1.619154 -0.808056 0.434315 1.644164 -0.808056 0.47305 1.623459 -0.808056 0.431461 1.640686 -0.808056 0.473491 1.627936 -0.808056 0.42934 1.636719 -0.808056 0.47305 1.632414 -0.808056 0.428034 1.632414 -0.808056 0.471744 1.636719 -0.808056 0.427593 1.627936 -0.808056 0.469623 1.640686 -0.808056 0.428034 1.623459 -0.808056 0.466769 1.644164 -0.808056 0.42934 1.619154 -0.808056 0.463292 1.647018 -0.808056 0.431461 1.615187 -0.808056 0.459324 1.649138 -0.808056 0.450542 1.604988 -0.808056 0.455019 1.605429 -0.808056 0.434315 1.611709 -0.808056 0.455019 1.650444 -0.808056 0.459324 1.606735 -0.808056 0.437792 1.608855 -0.808056 0.450542 1.650885 -0.808056 0.463292 1.608855 -0.808056 0.44176 1.606735 -0.808056 0.446065 1.650444 -0.808056 0.466769 1.611709 -0.808056 0.446065 1.605429 -1.001126 0.653463 1.766704 -1.001126 0.676491 1.72362 -1.001126 0.201849 1.579639 -1.001126 0.197061 1.628256 -1.001126 0.622472 1.804467 -1.001126 0.21603 1.532891 -1.001126 0.584709 1.835458 -1.001126 0.239059 1.489808 -1.001126 0.541625 1.858486 -1.001126 0.494877 1.383844 -1.001126 0.446261 1.379056 -1.001126 0.27005 1.452045 -1.001126 0.494877 1.872667 -1.001126 0.541625 1.398025 -1.001126 0.307813 1.421054 -1.001126 0.446261 1.877455 -1.001126 0.584709 1.421054 -1.001126 0.350896 1.398025 -1.001126 0.397644 1.872667 -1.001126 0.622472 1.452045 -1.001126 0.397645 1.383844 -1.001126 0.350896 1.858486 -1.001126 0.653463 1.489808 -1.001126 0.307813 1.835458 -1.001126 0.676491 1.532891 -1.001126 0.27005 1.804466 -1.001126 0.690672 1.579639 -1.001126 0.239059 1.766704 -1.001126 0.69546 1.628256 -1.001126 0.21603 1.72362 -1.001126 0.690672 1.676872 -1.001126 0.201849 1.676872 -0.997385 0.212513 1.58176 -0.997385 0.207934 1.628256 -0.997385 0.614783 1.796778 -0.997385 0.644422 1.760663 -0.997385 0.226076 1.537052 -0.997385 0.578668 1.826417 -0.997385 0.248099 1.495848 -0.997385 0.537464 1.848441 -0.997385 0.492756 1.394508 -0.997385 0.446261 1.389929 -0.997385 0.277738 1.459733 -0.997385 0.492756 1.862003 -0.997385 0.537464 1.408071 -0.997385 0.313854 1.430094 -0.997385 0.446261 1.866582 -0.997385 0.578668 1.430094 -0.997385 0.355057 1.408071 -0.997385 0.399765 1.862003 -0.997385 0.614783 1.459733 -0.997385 0.399766 1.394508 -0.997385 0.355057 1.848441 -0.997385 0.644422 1.495849 -0.997385 0.313853 1.826417 -0.997385 0.666446 1.537052 -0.997385 0.277738 1.796778 -0.997385 0.680008 1.581761 -0.997385 0.248099 1.760663 -0.997385 0.684587 1.628256 -0.997385 0.2260749 1.719459 -0.997385 0.680008 1.674751 -0.997385 0.212513 1.674751 -0.997385 0.666446 1.719459 -0.984658 0.517048 1.641585 -0.984658 0.518358 1.628285 -0.984658 0.506869 1.666159 -0.984658 0.513169 1.654373 -0.984658 0.488061 1.684968 -0.984658 0.498391 1.67649 -0.984658 0.463486 1.695147 -0.984658 0.476275 1.691267 -0.984658 0.436887 1.695147 -0.984658 0.450187 1.696457 -0.984658 0.412313 1.684968 -0.984658 0.424099 1.691267 -0.984658 0.393504 1.666159 -0.984658 0.401982 1.67649 -0.984658 0.383325 1.641585 -0.984658 0.387205 1.654373 -0.984658 0.383325 1.614986 -0.984658 0.382015 1.628285 -0.984658 0.393504 1.590411 -0.984658 0.387205 1.602197 -0.984658 0.412313 1.571603 -0.984658 0.401982 1.580081 -0.984658 0.436887 1.561424 -0.984658 0.424099 1.565303 -0.984658 0.463486 1.561424 -0.984658 0.450187 1.560114 -0.984658 0.488061 1.571603 -0.984658 0.476275 1.565303 -0.984658 0.506869 1.590411 -0.984658 0.498391 1.580081 -0.984658 0.517048 1.614986 -0.984658 0.513169 1.602197 -0.989788 0.431553 1.656173 -0.989788 0.42647 1.652002 -0.989788 0.45673 1.661181 -0.989788 0.463022 1.659272 -0.989788 0.45673 1.59539 -0.989788 0.463022 1.597298 -0.989788 0.422299 1.646919 -0.989788 0.450187 1.661825 -0.989788 0.468821 1.600398 -0.989788 0.4192 1.64112 -0.989788 0.473903 1.604569 -0.989788 0.417291 1.634829 -0.989788 0.478074 1.609651 -0.989788 0.416647 1.628285 -0.989788 0.481174 1.61545 -0.989788 0.417291 1.621742 -0.989788 0.483082 1.621742 -0.989788 0.4192 1.61545 -0.989788 0.483727 1.628285 -0.989788 0.422299 1.609651 -0.989788 0.483082 1.634829 -0.989788 0.42647 1.604569 -0.989788 0.481174 1.64112 -0.989788 0.431553 1.600398 -0.989788 0.478074 1.646919 -0.989788 0.437352 1.597298 -0.989788 0.443643 1.661181 -0.989788 0.473903 1.652002 -0.989788 0.443643 1.59539 -0.989788 0.437352 1.659272 -0.989788 0.468821 1.656173 -0.989788 0.450187 1.594745 -0.993452 0.428243 1.63265 -0.993452 0.429517 1.636847 -0.993452 0.46879 1.615855 -0.993452 0.466007 1.612465 -0.993452 0.427814 1.628285 -0.993452 0.470857 1.619723 -0.993452 0.428243 1.62392 -0.993452 0.47213 1.62392 -0.993452 0.429517 1.619723 -0.993452 0.47256 1.628285 -0.993452 0.431584 1.615855 -0.993452 0.47213 1.63265 -0.993452 0.434366 1.612465 -0.993452 0.470857 1.636847 -0.993452 0.437757 1.609683 -0.993452 0.468789 1.640715 -0.993452 0.441625 1.607615 -0.993452 0.445822 1.650229 -0.993452 0.450187 1.650658 -0.993452 0.466007 1.644106 -0.993452 0.445822 1.606342 -0.993452 0.441625 1.648955 -0.993452 0.462617 1.646888 -0.993452 0.450187 1.605912 -0.993452 0.437757 1.646888 -0.993452 0.458749 1.648955 -0.993452 0.454552 1.606342 -0.993452 0.434366 1.644106 -0.993452 0.454552 1.650229 -0.993452 0.458749 1.607615 -0.993452 0.431584 1.640715 -0.993452 0.462617 1.609683</float_array>
          <technique_common>
            <accessor source="#Circle_002_Circle_001-mesh-positions-array" count="450" stride="3">
              <param name="X" type="float"/>
              <param name="Y" type="float"/>
              <param name="Z" type="float"/>
            </accessor>
          </technique_common>
        </source>
        <source id="Circle_002_Circle_001-mesh-normals">
          <float_array id="Circle_002_Circle_001-mesh-normals-array" count="4287">-0.494778 -0.766404 -0.4096579 -0.4947746 -0.7664061 -0.4096581 -0.4947731 -0.766407 -0.4096583 -0.4947676 0.8648411 0.08517569 -0.4947847 0.8648309 0.08518177 -0.49476 0.8648458 0.08517289 -0.4947816 -0.6717622 -0.5512955 -0.4947886 -0.6717594 -0.5512928 -0.4947915 -0.6717581 -0.5512916 -0.4947682 0.8316038 0.2522693 -0.4947618 0.8316078 0.2522681 -0.494771 0.8316018 0.2522699 -0.4947879 -0.5512944 -0.6717585 -0.4947814 -0.5512958 -0.6717621 -0.4947909 -0.5512937 -0.6717568 -0.4947727 0.7664115 0.4096504 -0.4947645 0.7664143 0.4096552 -0.494761 0.7664155 0.4096572 -0.4947829 -0.4096565 -0.7664017 -0.4947776 -0.4096535 -0.7664068 -0.4947753 -0.4096522 -0.7664089 -0.4947856 -0.08517473 0.864831 -0.4947778 -0.0851823 0.8648347 -0.4947745 -0.08518552 0.8648362 -0.4947612 0.6717669 0.5513081 -0.4947578 0.6717678 0.5513101 -0.4947626 0.6717666 0.5513072 -0.494768 -0.2522608 -0.8316064 -0.4947828 -0.252262 -0.8315973 -0.494789 -0.2522625 -0.8315934 -0.4947632 -0.2522715 0.831606 -0.4947729 -0.2522686 0.8316012 -0.4947769 -0.2522674 0.8315991 -0.4947781 0.5512982 0.6717625 -0.4947642 0.5513064 0.6717662 -0.4947844 0.5512945 0.671761 -0.494786 -0.08518207 -0.86483 -0.494767 -0.08517587 -0.8648416 -0.4947589 -0.08517324 -0.8648464 -0.4947681 -0.4096507 0.7664142 -0.4947763 -0.4096457 0.7664117 -0.4947798 -0.4096435 0.7664105 -0.4947683 0.4096506 0.7664142 -0.4947774 0.4096454 0.7664111 -0.4947642 0.4096528 0.7664155 -0.4947836 0.08518099 -0.8648315 -0.4947706 0.08517444 -0.8648396 -0.4947894 0.08518391 -0.8648278 -0.4947815 -0.5513017 0.6717573 -0.4947786 -0.5513023 0.6717588 -0.4947775 -0.5513026 0.6717596 -0.4947634 0.2522716 0.8316059 -0.4947727 0.2522686 0.8316012 -0.4947593 0.252273 0.8316079 -0.494768 0.2522606 -0.8316065 -0.4947836 0.252262 -0.8315967 -0.4947611 0.25226 -0.8316109 -0.4947798 -0.6717602 0.5512996 -0.4947649 -0.6717697 0.5513014 -0.4947586 -0.6717738 0.5513021 -0.4947854 0.08517473 0.864831 -0.4947772 0.0851823 0.864835 -0.4947891 0.08517134 0.8648293 -0.494769 0.4096604 -0.7664086 -0.4947711 0.4096627 -0.7664059 -0.494768 0.4096594 -0.7664097 -0.4947631 -0.7664107 0.4096634 -0.4947732 -0.7664042 0.4096634 -0.4947775 -0.7664014 0.4096634 -0.4947807 0.5513021 -0.6717574 -0.4947655 0.5513024 -0.6717684 -0.4947876 0.5513021 -0.6717524 -0.4947704 -0.8316069 0.2522544 -0.4947696 -0.8316076 0.2522536 -0.4947707 -0.8316066 0.2522548 -0.494763 0.6717672 -0.5513062 -0.4947774 0.6717624 -0.5512992 -0.4947566 0.6717693 -0.5513094 -0.494763 -0.8648431 0.08518391 -0.4947636 -0.8648424 0.08518618 -0.4947626 -0.8648433 0.08518284 -0.4947689 0.7664135 -0.4096515 -0.4947653 0.7664138 -0.4096549 -0.4947704 0.7664133 -0.4096499 -0.4947627 -0.8648431 -0.08518391 -0.4947646 -0.8648418 -0.08518612 -0.4947654 -0.8648414 -0.08518707 -0.4947678 0.8316039 -0.2522694 -0.4947606 0.8316086 -0.2522683 -0.4947576 0.8316105 -0.2522678 -0.49477 -0.8316061 -0.2522578 -0.4947708 -0.8316059 -0.2522566 -0.4947712 -0.8316059 -0.2522562 -0.4947685 0.8648408 -0.08517438 -0.4947854 0.8648305 -0.08518034 -0.4947925 0.8648262 -0.08518284 0 -0.8819196 -0.4714002 0 -0.8819194 -0.4714003 0 -0.8819195 -0.4714 0 0.9951841 0.09802418 0 0.9951841 0.09802412 0 0.9951841 0.0980243 0 -0.7730141 -0.6343889 0 -0.7730144 -0.6343885 0 -0.7730138 -0.6343893 0 0.9569401 0.2902857 0 0.9569401 0.2902857 0 0.9569401 0.2902856 0 -0.6343895 -0.7730137 0 -0.6343898 -0.7730134 0 -0.6343893 -0.7730137 0 0.8819221 0.4713953 0 0.8819221 0.4713954 0 0.8819221 0.4713951 0 -0.4713954 -0.881922 0 -0.4713954 -0.881922 0 -0.09802353 0.9951841 0 -0.09802359 0.9951841 0 -0.09802353 0.9951842 0 0.7730075 0.634397 0 0.7730075 0.634397 0 0.7730075 0.634397 0 -0.2902865 -0.9569399 0 -0.2902864 -0.9569399 0 -0.2902904 0.9569386 0 -0.2902905 0.9569386 0 -0.2902902 0.9569387 0 0.6343978 0.7730068 0 0.6343979 0.7730068 0 0.6343978 0.7730069 0 -0.09801024 -0.9951854 0 -0.09801018 -0.9951854 0 -0.0980103 -0.9951855 0 -0.4713882 0.8819258 0 -0.4713889 0.8819255 0 -0.4713879 0.8819261 0 0.4713886 0.8819256 0 0.4713885 0.8819257 0 0.4713887 0.8819257 0 0.09800887 -0.9951856 0 0.09800893 -0.9951856 0 0.09800887 -0.9951856 0 -0.6343974 0.7730071 0 -0.6343978 0.7730069 0 -0.6343973 0.7730073 0 0.2902903 0.9569386 0 0.2902903 0.9569386 0 0.2902902 0.9569387 0 0.2902863 -0.9569399 0 0.2902864 -0.9569398 0 0.2902863 -0.9569399 0 -0.7730144 0.6343886 0 -0.7730142 0.6343888 0 -0.7730146 0.6343885 0 0.09802365 0.9951841 0 0.09802365 0.9951841 0 0.09802365 0.9951841 0 0.471406 -0.8819164 0 0.4714059 -0.8819164 0 0.4714061 -0.8819163 0 -0.8819162 0.4714063 0 -0.8819162 0.4714063 0 0.6343886 -0.7730144 0 0.6343887 -0.7730143 0 0.6343885 -0.7730144 0 -0.9569441 0.2902724 0 -0.9569439 0.2902728 0 -0.9569442 0.290272 0 0.7730135 -0.6343897 0 0.7730135 -0.6343896 0 0.7730134 -0.6343897 0 -0.9951842 0.09802281 0 -0.9951842 0.09802281 0 -0.9951842 0.09802275 0 0.8819221 -0.4713954 0 0.8819221 -0.4713953 0 0.881922 -0.4713954 0 -0.9951842 -0.09802263 0 -0.9951842 -0.09802258 0 -0.9951842 -0.09802263 0 0.9569399 -0.2902863 0 0.9569399 -0.2902863 0 0.9569399 -0.2902863 0 -0.9569426 -0.2902771 0 -0.9569429 -0.2902765 0 -0.9569426 -0.2902775 0 0.9951842 -0.09802269 0 0.9951842 -0.09802269 0 0.9951842 -0.09802263 0.5028463 0.7623107 -0.4074657 0.5028436 0.7623128 -0.4074651 0.5028474 0.7623096 -0.4074659 0.5028474 -0.8602129 -0.08472466 0.5028415 -0.8602161 -0.08472806 0.5028502 -0.8602115 -0.08472305 0.5028382 0.8271601 -0.2509186 0.5028335 0.8271632 -0.250918 0.5028404 0.8271586 -0.2509189 0.5028503 -0.8271539 -0.2509143 0.5028587 -0.8271504 -0.2509093 0.5028463 -0.8271556 -0.2509168 0.5028409 0.8602169 -0.08472388 0.502848 0.8602124 -0.08472669 0.5028374 0.860219 -0.08472251 0.5028583 -0.7623087 -0.4074542 0.5028441 -0.7623123 -0.4074651 0.5028651 -0.7623071 -0.4074491 0.5028619 0.8602036 0.08473336 0.502852 0.8602097 0.08473026 0.5028476 0.8602125 0.08472889 0.5028452 -0.6681721 -0.5483546 0.5028507 -0.6681718 -0.54835 0.5028427 -0.6681723 -0.5483567 0.5028414 0.8271613 0.2509084 0.5028558 0.8271512 0.2509126 0.5028623 0.8271467 0.2509144 0.5028535 -0.548348 -0.6681713 0.5028489 -0.5483514 -0.668172 0.5028557 -0.5483464 -0.668171 0.5028564 0.7623035 0.4074665 0.5028477 0.76231 0.4074651 0.5028438 0.762313 0.4074645 0.5028557 -0.4074581 -0.7623084 0.5028612 -0.4074589 -0.7623044 0.502853 -0.4074577 -0.7623104 0.5028549 -0.08473283 0.8602078 0.5028646 -0.08473068 0.8602023 0.5028503 -0.08473384 0.8602104 0.5028554 0.6681661 0.5483527 0.5028577 0.6681635 0.5483537 0.5028586 0.6681623 0.5483542 0.5028621 -0.2509138 -0.8271469 0.5028606 -0.2509145 -0.8271477 0.5028629 -0.2509135 -0.8271467 0.5028597 -0.250907 0.8271505 0.5028484 -0.2509154 0.8271549 0.5028651 -0.250903 0.8271484 0.5028553 0.5483516 0.6681671 0.5028595 0.5483518 0.6681637 0.5028532 0.5483514 0.6681687 0.5028566 -0.08472138 -0.8602079 0.5028558 -0.08471894 -0.8602085 0.502857 -0.08472257 -0.8602076 0.5028451 -0.4074661 0.7623112 0.5028569 -0.4074559 0.7623088 0.5028395 -0.4074708 0.7623123 0.5028447 0.4074659 0.7623116 0.5028564 0.4074561 0.7623091 0.5028616 0.4074517 0.7623079 0.5028544 0.08472037 -0.8602093 0.5028595 0.08471763 -0.8602066 0.5028619 0.08471637 -0.8602053 0.5028553 -0.5483518 0.6681669 0.5028588 -0.5483517 0.6681644 0.5028603 -0.5483517 0.6681632 0.5028445 0.2509188 0.8271561 0.5028411 0.2509194 0.827158 0.5028396 0.2509195 0.8271588 0.5028621 0.2509139 -0.827147 0.5028601 0.2509145 -0.827148 0.5028592 0.2509148 -0.8271485 0.5028429 -0.6681732 0.5483555 0.5028495 -0.6681722 0.5483505 0.5028524 -0.6681719 0.5483483 0.5028486 0.0847249 0.8602122 0.5028432 0.08472812 0.8602151 0.5028407 0.08472955 0.8602164 0.5028415 0.407464 -0.7623146 0.5028543 0.4074674 -0.7623043 0.50286 0.407469 -0.7622998 0.5028722 -0.7623003 0.4074528 0.5028474 -0.7623084 0.4074681 0.5028365 -0.7623121 0.4074749 0.5028517 0.5483528 -0.6681687 0.502835 0.5483574 -0.6681775 0.5028277 0.5483595 -0.6681814 0.5028414 -0.8271586 0.2509168 0.5028635 -0.8271481 0.2509068 0.5028735 -0.8271435 0.2509024 0.5028482 0.6681707 -0.5483536 0.5028473 0.6681725 -0.5483521 0.5028486 0.6681699 -0.5483543 0.5028409 -0.8602169 0.08472448 0.502848 -0.8602123 0.08472752 0.5028374 -0.860219 0.08472299 -0.9987934 0.01886218 -0.04534292 -0.9988064 0.02705448 -0.04066801 -0.9988514 0.02270489 -0.04219573 -0.9988373 -0.0461021 0.0140981 -0.9988349 -0.0401836 0.02672481 -0.9988206 -0.04489916 0.01848614 -0.9988206 0.03426158 -0.03440743 -0.9988209 0.03439068 -0.03426945 -0.9988068 -0.04860264 0.004781126 -0.9988064 -0.047926 0.009432554 -0.9988348 0.04006862 -0.02689772 -0.9988107 0.03780746 -0.03078716 -0.9988024 -0.04870033 -0.004692792 -0.9987932 -0.049115 -8.98548e-5 -0.9988489 0.04427736 -0.01844877 -0.9988493 0.04434114 -0.01827579 -0.9987816 -0.04841369 -0.009564578 -0.9987815 -0.04838979 -0.009703516 -0.9988623 0.04675215 -0.009394943 -0.9988627 0.04677909 -0.009225308 -0.9987719 -0.0457955 -0.01891422 -0.9987717 -0.04575443 -0.01901841 -0.9988746 0.04743063 -8.35956e-5 -0.9988748 0.04742681 6.96243e-5 -0.9987645 -0.04134088 -0.02758038 -0.9987643 -0.04129832 -0.02764528 -0.998885 0.0463159 0.009140849 -0.9988852 0.04628813 0.009267091 -0.9987599 -0.03521746 -0.03519272 -0.9987599 -0.03518933 -0.03522086 1.95755e-5 -0.83147 0.5555697 9.25191e-6 -0.8314678 0.5555731 1.21409e-5 -0.8314771 0.555559 -0.9988935 0.04347044 0.01794683 -0.9988937 0.04343032 0.0180391 -0.9987463 -0.03175657 -0.03869664 -0.9987463 -0.03175777 -0.03869646 -0.9988998 0.03901398 0.02602314 -0.9988999 0.03897482 0.02607977 -0.9987463 -0.02359747 -0.04414832 -0.9987599 -0.0190739 -0.04598969 -0.9987599 -0.01903563 -0.04600483 -0.9988852 -0.009153544 0.04631096 -0.9988935 -5.50602e-5 0.04702943 -0.998885 -0.009279727 0.04628866 -0.9989037 0.03311657 0.03308933 -0.9989036 0.03309088 0.03311419 -0.9987643 -0.009737253 -0.048734 -0.9987645 -0.009660303 -0.04874807 -0.9988748 -0.01808506 0.0438435 -0.9988746 -0.01822835 0.04378867 -0.9989049 0.02599376 0.03890222 -0.998905 0.02599388 0.03890252 -0.9987717 -6.23957e-5 -0.0495494 -0.9987719 5.11349e-5 -0.04954719 -0.9988627 -0.02642476 0.03968858 -0.9988624 -0.02657204 0.03959667 -0.9989036 0.01792979 0.04324519 -0.9989036 0.01789683 0.04325872 -0.9987815 0.009552061 -0.04841911 -0.9987816 0.009691119 -0.04838842 -0.9988494 -0.03385239 0.03397178 -0.9988491 -0.03398776 0.03384488 -0.9988999 0.009180128 0.04598838 -0.9988998 0.009112358 0.04600262 -0.9987933 0.01871132 -0.04540991 -0.9988352 -0.04007261 0.0268802 -0.9988936 4.56082e-5 0.04702776 -0.9040539 -0.3304018 -0.271148 -0.9040436 -0.3304141 -0.2711673 -0.9040416 -0.3304167 -0.2711713 -0.8936122 0.1302884 0.429514 -0.8936176 0.1302885 0.4295027 -0.8936186 0.1302885 0.4295005 -0.9024036 0.1250823 -0.4123377 -0.9023877 0.1250845 -0.4123714 -0.902407 0.1250818 -0.4123302 -0.9042379 -0.2709046 -0.330098 -0.9042468 -0.2708948 -0.3300814 -0.9042487 -0.2708928 -0.3300781 -0.8940627 0.04390496 0.445785 -0.8940563 0.04390001 0.4457985 -0.8940551 0.04389905 0.445801 -0.9015488 0.2039609 -0.3815887 -0.9015509 0.2039643 -0.3815816 -0.9015482 0.2039601 -0.3815903 -0.9042577 -0.2012823 -0.3765682 -0.9042491 -0.2012907 -0.376584 -0.9042596 -0.2012804 -0.3765645 -0.8946925 -0.04377859 0.4445323 -0.8946942 -0.04377788 0.4445289 -0.8946945 -0.0437777 0.4445282 -0.9005934 0.2757542 -0.3359928 -0.9005843 0.2757624 -0.3360105 -0.9005954 0.2757524 -0.3359889 -0.9040488 -0.1240773 -0.4090241 -0.9040616 -0.124062 -0.4090005 -0.9040459 -0.1240808 -0.4090294 -0.895488 -0.1291968 0.4259221 -0.8954776 -0.12921 0.4259397 -0.8954757 -0.1292126 0.4259431 -0.8995504 0.3376611 -0.2771174 -0.8995579 0.337648 -0.277109 -0.8995488 0.337664 -0.2771192 -0.9036735 -0.04197371 -0.4261602 -0.9036616 -0.0419774 -0.4261853 -0.9036761 -0.04197287 -0.4261545 -0.8964048 -0.20895 0.3908945 -0.8964133 -0.2089353 0.390883 -0.8964149 -0.2089325 0.3908807 -0.898491 0.3871595 -0.2069336 -0.8984854 0.3871646 -0.2069479 -0.8984922 0.3871583 -0.2069305 1.14526e-5 -0.8314725 0.555566 1.76144e-5 -0.8314903 0.5555393 -0.8974349 -0.2798599 0.3410121 -0.8974333 -0.2798588 0.3410171 -0.8974329 -0.2798586 0.341018 -0.8974387 0.422145 -0.1280518 -0.8974338 0.4221536 -0.1280595 -0.8974398 0.4221432 -0.1280502 -0.8985015 -0.3393308 0.2784777 -0.8984948 -0.3393445 0.2784827 -0.8984934 -0.3393471 0.2784836 -0.8964083 0.4410946 -0.04344934 -0.8964223 0.4410672 -0.04343813 -0.8964053 0.4411005 -0.04345172 -0.8995588 -0.3852229 0.2059062 -0.8995588 -0.3852228 0.2059066 -0.8995587 -0.3852227 0.2059068 -0.8954838 0.4429513 0.04362475 -0.8954794 0.4429604 0.04362231 -0.8954847 0.4429493 0.04362529 -0.9005917 -0.4159508 0.1261732 -0.9005991 -0.4159347 0.1261726 -0.9006006 -0.4159315 0.1261724 -0.894686 0.427461 0.1296696 -0.8946942 0.427444 0.1296694 -0.8946843 0.4274646 0.1296696 -0.9015551 -0.4305813 0.04240489 -0.9015555 -0.4305806 0.04240393 -0.9015556 -0.4305804 0.04240375 -0.894051 0.3950683 0.2111731 -0.8940487 0.3950754 0.2111693 -0.8940514 0.3950667 0.2111738 -0.9024072 -0.4288097 -0.04223191 -0.9024107 -0.4288026 -0.04222947 -0.9024114 -0.4288012 -0.04222899 -0.8936228 0.3469387 0.284731 -0.8936122 0.3469589 0.2847399 -0.8936251 0.3469344 0.2847291 -0.903123 -0.4108941 -0.124639 -0.9031171 -0.4109047 -0.1246471 -0.9031159 -0.4109069 -0.1246487 -0.8933908 0.2850245 0.3472955 -0.8933926 0.2850184 0.3472957 -0.8933902 0.2850257 0.3472955 -0.903671 -0.3776627 -0.2018659 -0.9036778 -0.3776484 -0.2018617 -0.9036793 -0.3776456 -0.2018609 -0.8933862 0.2118003 0.3962346 -0.8933887 0.2117944 0.396232 -0.8933892 0.2117933 0.3962315 -0.9030999 0.04209023 -0.4273631 -0.903117 0.04209411 -0.4273263 -0.903096 0.0420894 -0.4273713 -0.9956055 0.09319543 -0.009180307 -0.9956055 0.09319591 -0.009179472 -0.9956055 0.09319543 -0.009180366 -0.9955595 0.08301967 -0.04437434 -0.9955595 0.08301997 -0.04437613 -0.9955595 0.08301967 -0.04437422 -0.9955411 0.05984312 -0.07291662 -0.9955408 0.05984747 -0.0729168 -0.9955411 0.05984288 -0.07291662 -0.9955534 0.02735066 -0.09014201 -0.9955534 0.02734506 -0.09014201 -0.9955534 0.0273447 -0.09014201 -0.9955946 -0.009193539 -0.09331119 -0.9955946 -0.009188055 -0.09331142 -0.9955946 -0.009187698 -0.09331148 -0.9956571 -0.04388552 -0.08210456 -0.9956571 -0.04388493 -0.08210486 -0.995657 -0.04388487 -0.08210492 -0.9957302 -0.07135832 -0.05855971 -0.9957305 -0.07135587 -0.05855983 -0.9957305 -0.0713557 -0.05855989 -0.9958034 -0.0875796 -0.02656382 -0.9958029 -0.08758234 -0.02656668 -0.995803 -0.08758252 -0.02656686 -0.9958642 -0.09041696 0.00890398 -0.9958642 -0.09041696 0.008904874 -0.9958643 -0.09041696 0.008904933 -0.9959053 -0.07972776 0.04261636 -0.9959057 -0.07972449 0.04261487 -0.9959057 -0.07972425 0.04261475 -0.9959217 -0.05723416 0.06974411 -0.9959219 -0.05723398 0.06974196 -0.9959219 -0.05723398 0.06974184 -0.995911 -0.02622181 0.08645176 -0.9959108 -0.02622932 0.08645111 -0.995911 -0.02622133 0.08645182 -0.9958741 0.008893609 0.09030926 -0.995874 0.008895993 0.09030961 -0.9958741 0.00889343 0.09030926 -0.9958162 0.04307776 0.08058851 -0.9958162 0.04308134 0.08058655 -0.9958162 0.04307752 0.08058863 -0.9957452 0.0712319 0.05846065 -0.995745 0.07123404 0.05846095 -0.9957451 0.07123178 0.05846059 -0.995671 0.08894604 0.02698147 -0.995671 0.08894705 0.02697855 -0.995671 0.08894598 0.02698165 -0.9778814 0.09859269 0.1844657 -0.9778813 0.0985974 0.1844639 -0.9778811 0.09859895 0.1844633 -0.9778804 0.02050149 -0.2081578 -0.9778805 0.02050131 -0.2081569 -0.9778804 0.02050149 -0.208158 -0.9778805 -0.1326962 0.1616834 -0.9778808 -0.1326828 0.1616926 -0.9778805 -0.1326986 0.1616818 -0.9778805 0.06071883 0.2001574 -0.977881 0.06072175 0.2001544 -0.9778805 0.06071829 0.2001579 -0.9778811 0.06072103 -0.200154 -0.9778807 0.06071484 -0.2001578 -0.9778805 0.06071281 -0.2001591 -0.9778815 -0.1616795 0.1326938 -0.977881 -0.1616787 0.1326977 -0.9778816 -0.1616796 0.1326931 -0.9778805 0.02049612 0.2081581 -0.9778811 0.02049988 0.2081543 -0.9778803 0.02049547 0.2081588 -0.9778805 0.09860676 -0.1844621 -0.9778808 0.0986126 -0.1844583 -0.9778808 0.09861457 -0.184457 -0.9778801 -0.1844666 0.09860366 -0.9778794 -0.1844719 0.09860026 -0.9778802 -0.1844657 0.09860426 -0.9778798 0.1326901 -0.1616925 -0.9778803 0.1326828 -0.1616953 -0.9778798 0.1326914 -0.1616919 -0.9778811 -0.2001585 0.06070524 -0.9778798 -0.2001672 0.06069886 -0.9778793 -0.2001701 0.06069672 -0.9778813 0.1616796 -0.1326947 -0.9778808 0.1616797 -0.1326987 -0.9778814 0.1616795 -0.1326941 -0.9778812 -0.2081543 0.02050238 -0.9778807 -0.2081559 0.02050578 -0.9778813 -0.208154 0.02050179 -0.97788 0.1844667 -0.09860455 -0.9778791 0.1844729 -0.0986011 -0.9778801 0.1844656 -0.09860521 -0.9778813 -0.2081541 -0.0205006 -0.97788 -0.2081595 -0.02050304 -0.9778797 -0.2081614 -0.02050387 -0.9778809 0.2001598 -0.06070578 -0.9778816 0.2001588 -0.06069725 -0.9778819 0.2001585 -0.06069439 -0.9778803 -0.2001625 -0.06070661 -0.9778814 -0.2001595 -0.06069743 -0.9778801 -0.200163 -0.06070828 -0.9778806 0.2081569 -0.02050024 -0.9778798 0.2081602 -0.02050447 -0.9778808 0.2081563 -0.02049952 -0.9778806 -0.1844643 -0.09860265 -0.9778792 -0.1844722 -0.09860211 -0.9778788 -0.1844749 -0.09860193 -0.9778811 0.2081543 0.02050179 -0.9778807 0.2081559 0.02050715 -0.9778805 0.2081565 0.02050894 -0.9778815 -0.1616796 -0.1326939 -0.9778808 -0.1616797 -0.1326984 -0.9778805 -0.1616798 -0.1327 -0.9778811 0.2001585 0.06070524 -0.9778798 0.2001672 0.06069886 -0.9778814 0.2001569 0.06070643 -0.97788 -0.1326897 -0.1616922 -0.977881 -0.1326803 -0.1616938 -0.9778813 -0.1326772 -0.1616944 -0.9778801 0.1844666 0.09860426 -0.9778796 0.184472 0.09859895 -0.9778795 0.1844738 0.09859722 -0.9778805 -0.098607 -0.1844624 -0.9778802 -0.09861445 -0.1844601 -0.9778805 -0.09860569 -0.1844629 -0.9778807 -0.02050143 0.2081563 -0.9778807 -0.02050131 0.2081565 -0.9778807 -0.02050143 0.2081562 -0.9778814 0.1616794 0.1326947 -0.977881 0.1616787 0.1326978 -0.977881 0.1616785 0.132699 -0.977881 -0.06072103 -0.2001548 -0.9778806 -0.06071484 -0.200158 -0.977881 -0.06072217 -0.2001542 -0.9778808 -0.06072139 0.200155 -0.977881 -0.06071573 0.2001557 -0.9778811 -0.06071382 0.200156 -0.9778805 0.1326962 0.1616832 -0.977881 0.1326828 0.1616911 -0.9778812 0.1326783 0.1616937 -0.9778806 -0.02050149 -0.208157 -0.9778807 -0.02050131 -0.2081567 -0.9778807 -0.02050125 -0.2081566 -0.9778809 -0.09859555 0.184467 -0.9778816 -0.09860777 0.184457 -0.9778817 -0.09861189 0.1844536 -0.9616826 0.1292392 -0.2417931 -0.9616858 0.1292161 -0.2417926 -0.9616805 0.1292538 -0.2417934 -0.9616866 -0.2417749 0.1292433 -0.9616864 -0.2417698 0.1292543 -0.9616868 -0.2417781 0.1292362 -0.9616807 0.1739245 -0.2119452 -0.9616772 0.1739502 -0.2119395 -0.9616827 0.1739081 -0.2119488 -0.9616844 -0.2623595 0.07956552 -0.9616833 -0.2623602 0.07957726 -0.9616822 -0.2623609 0.07958722 -0.9616864 0.2119224 -0.17392 -0.9616879 0.2119195 -0.1739154 -0.9616855 0.2119244 -0.1739228 -0.9616804 -0.2728517 0.02688336 -0.9616785 -0.2728591 0.02688193 -0.9616818 -0.2728471 0.02688431 -0.9616819 0.2417897 -0.1292512 -0.9616835 0.241779 -0.1292592 -0.9616808 0.2417966 -0.129246 -0.9616816 -0.2728486 -0.02687871 -0.9616787 -0.2728585 -0.02687674 -0.9616763 -0.272867 -0.02687513 -0.9616848 0.2623585 -0.07956373 -0.9616807 0.2623689 -0.07957923 -0.9616772 0.2623779 -0.07959234 -0.9616848 -0.2623585 -0.07956373 -0.9616807 -0.2623689 -0.07957923 -0.9616875 -0.2623518 -0.07955384 -0.9616815 0.2728486 -0.02687746 -0.9616786 0.2728585 -0.02687883 -0.9616834 0.2728422 -0.02687662 -0.9616819 -0.2417897 -0.1292512 -0.9616835 -0.241779 -0.1292592 -0.9616848 -0.24177 -0.1292662 -0.9616805 0.2728518 0.02688217 -0.9616784 0.2728591 0.02688395 -0.9616765 0.2728653 0.02688544 -0.9616863 -0.2119224 -0.1739212 -0.9616874 -0.2119194 -0.1739185 -0.9616884 -0.2119168 -0.1739162 -0.9616844 0.2623595 0.07956552 -0.9616833 0.2623602 0.07957726 -0.9616852 0.262359 0.07955807 -0.9616807 -0.1739245 -0.2119452 -0.9616773 -0.1739502 -0.2119395 -0.9616744 -0.173972 -0.2119346 -0.9616866 0.2417749 0.1292433 -0.9616864 0.2417698 0.1292543 -0.9616862 0.2417654 0.1292637 -0.9616829 -0.1292392 -0.241792 -0.9616866 -0.1292162 -0.2417896 -0.9616897 -0.1291967 -0.2417877 -0.9616848 -0.02686887 0.2728381 -0.9616869 -0.02687168 0.27283 -0.9616888 -0.02687406 0.272823 -0.9616882 0.2119158 0.1739185 -0.9616881 0.2119221 0.1739109 -0.9616882 0.2119117 0.1739233 -0.9616868 -0.07958108 -0.262346 -0.9616841 -0.07960605 -0.2623483 -0.9616819 -0.07962727 -0.2623503 -0.9616866 -0.07957565 0.2623486 -0.961685 -0.07959067 0.2623498 -0.9616876 -0.07956612 0.2623479 -0.9616813 0.1739228 0.2119432 -0.961676 0.1739529 0.2119427 -0.9616715 0.1739784 0.2119424 -0.961686 -0.02686291 -0.2728344 -0.961687 -0.02685755 -0.272831 -0.9616853 -0.02686637 -0.2728364 -0.9616815 -0.1292452 0.2417941 -0.9616856 -0.1292113 0.2417958 -0.9616789 -0.1292669 0.241793 -0.9616807 0.1292338 0.2418036 -0.9616823 0.1292099 0.2418099 -0.9616838 0.1291896 0.2418153 -0.9616863 0.02686297 -0.2728332 -0.9616879 0.02685755 -0.2728281 -0.9616892 0.02685302 -0.2728238 -0.9616807 -0.1739245 0.2119452 -0.9616773 -0.1739502 0.2119395 -0.9616827 -0.1739081 0.2119488 -0.9616863 0.07958871 0.2623459 -0.961684 0.07958787 0.262354 -0.9616876 0.07958918 0.2623407 -0.9616868 0.07958108 -0.262346 -0.9616841 0.07960605 -0.2623483 -0.9616885 0.0795651 -0.2623445 -0.9616878 -0.2119157 0.1739209 -0.961688 -0.2119221 0.1739119 -0.9616882 -0.2119275 0.1739044 -0.9616851 0.02686887 0.272837 -0.9616878 0.02687174 0.272827 -0.9616833 0.02686709 0.2728433 -1 -1.88627e-6 0 -1 -4.03216e-6 0 -1 -1.07726e-6 0 1 0 0 1 -2.68493e-7 0 1 -4.65434e-7 0 1 0 0 1 2.32715e-7 0 1 2.72373e-7 0 1 7.38848e-7 0 1 0 0 1 -5.2171e-7 0 1 2.11352e-7 0 1 1.06756e-6 0 1 -6.92109e-7 0 1 3.41753e-7 0 1 2.64188e-7 0 1 -2.32717e-7 0 1 -8.14511e-7 0 1 7.38821e-7 0 1 7.77448e-7 0 1 1.84699e-7 0 1 -3.17027e-7 0 1 0 0 1 3.17025e-7 0 1 -1.04342e-6 0 1 0 0 1 -1.10826e-6 0 1 8.14496e-7 0 1 0 0 1 2.32717e-7 0 1 1.10825e-6 0 1 0 0 1 8.14507e-7 0 1 -2.11353e-7 0 1 -7.77463e-7 0 1 -7.38848e-7 0 1 5.33609e-7 0 1 1.04344e-6 0 1 -2.11351e-7 0 1 -1.20426e-6 0 1 3.72475e-7 0 1 -7.38856e-7 0 1 1.93059e-7 0 1 -7.3884e-7 0 1 5.21715e-7 0 1 0 0 0.9451096 -0.3251807 -0.03202432 0.9451071 -0.3251875 -0.03202503 0.9451101 -0.3251791 -0.0320242 0.9451162 0.2525702 0.2072771 0.9451126 0.2525804 0.2072807 0.9451119 0.2525824 0.2072814 0.9451129 -0.3126735 -0.09485214 0.9451081 -0.3126877 -0.09485274 0.9451072 -0.3126906 -0.09485292 0.9451175 0.2072752 0.2525669 0.9451154 0.2072777 0.2525728 0.945118 0.2072747 0.2525655 0.9451035 -0.2881887 -0.1540349 0.9451139 -0.2881587 -0.1540268 0.9451161 -0.2881526 -0.1540251 0.9451083 0.1540319 0.2881748 0.9451112 0.1540254 0.2881684 0.9451118 0.1540241 0.2881672 0.9451098 0.03202623 -0.3251799 0.9451124 0.03202652 -0.3251721 0.945113 0.03202658 -0.3251706 0.9451056 -0.2525896 -0.2073018 0.9450992 -0.2526107 -0.2073051 0.9450979 -0.2526149 -0.2073058 0.9451075 0.09485149 0.3126904 0.9451102 0.09484934 0.3126823 0.9451068 0.09485191 0.3126922 0.9451139 0.09485405 -0.31267 0.9451102 0.09485077 -0.3126823 0.9451094 0.09485012 -0.3126847 0.9451095 -0.207284 -0.2525894 0.9451059 -0.2072961 -0.2525928 0.9451052 -0.2072985 -0.2525935 0.9451118 0.03202515 0.325174 0.9451104 0.03202426 0.325178 0.9451121 0.03202533 0.325173 0.9451153 0.1540143 -0.2881608 0.945108 0.154035 -0.288174 0.945117 0.1540096 -0.2881578 0.9451144 -0.1540182 -0.2881616 0.9451085 -0.1540372 -0.288171 0.9451074 -0.154041 -0.2881729 0.9451102 -0.03202491 0.3251785 0.9451109 -0.03202348 0.3251769 0.9451109 -0.03202319 0.3251766 0.9451095 0.2072872 -0.252587 0.9451109 0.2072874 -0.2525812 0.9451091 0.2072871 -0.2525883 0.9451144 -0.09485173 -0.312669 0.9451086 -0.09485024 -0.312687 0.9451158 -0.09485208 -0.3126649 0.9451075 -0.09485149 0.3126904 0.9451102 -0.09484934 0.3126823 0.9451109 -0.09484893 0.3126808 0.9451128 0.252578 -0.2072834 0.9451136 0.2525784 -0.207279 0.9451125 0.2525779 -0.2072843 0.9451072 -0.03202694 -0.325187 0.9451119 -0.03202664 -0.3251733 0.9451062 -0.032027 -0.3251902 0.9451068 -0.1540383 0.2881761 0.9451082 -0.1540303 0.2881754 0.9451086 -0.1540287 0.2881752 0.9451088 0.2881732 -0.154031 0.945114 0.2881598 -0.1540246 0.945115 0.2881571 -0.1540233 0.9451068 -0.207296 0.2525902 0.9451085 -0.2072935 0.2525857 0.9451088 -0.207293 0.2525847 0.9451092 0.3126852 -0.09484994 0.9451054 0.3126959 -0.09485304 0.9451046 0.3126981 -0.09485363 0.9451043 -0.252596 0.2073004 0.9451065 -0.2525876 0.2072997 0.9451071 -0.252586 0.2072996 0.9451119 0.3251737 -0.03202515 0.9451069 0.3251882 -0.03202515 0.945106 0.3251911 -0.03202515 0.9451063 -0.2881795 0.1540352 0.9451071 -0.2881776 0.1540333 0.9451073 -0.2881772 0.154033 0.9451079 0.3251854 0.03202497 0.9451121 0.3251731 0.03202635 0.9451129 0.3251706 0.03202664 0.9451047 -0.3126979 0.09485352 0.9451068 -0.3126919 0.09485298 0.9451043 -0.3126993 0.09485363 0.9451047 0.3126979 0.09485346 0.9451068 0.3126919 0.09485369 0.9451071 0.3126906 0.09485369 0.9451085 -0.3251837 0.03202521 0.9451128 -0.3251711 0.03202539 0.9451075 -0.3251866 0.03202515 0.9451075 0.288177 0.1540319 0.9451134 0.2881638 0.1540206 0.9451062 0.28818 0.1540345 0.9970536 0.07633882 0.007517933 0.9970536 0.076339 0.007519006 0.9970536 0.076339 0.007519185 0.997069 0.06747454 0.03606605 0.9970688 0.06747668 0.03606683 0.9970688 0.0674771 0.03606694 0.9971026 0.04825741 0.0588026 0.9971026 0.048258 0.0588023 0.9971026 0.04825812 0.05880224 0.9971485 0.02190756 0.07221519 0.9971485 0.02190703 0.07221442 0.9971485 0.02190691 0.07221424 0.9971992 -0.007328033 0.07443088 0.9971992 -0.007323145 0.07443159 0.9971993 -0.007322132 0.07443171 0.997247 -0.03495401 0.06539624 0.9972468 -0.03495645 0.06539762 0.9972468 -0.03495693 0.06539785 0.9972847 -0.05692684 0.04671853 0.9972849 -0.05692434 0.04671716 0.9972849 -0.0569238 0.04671686 0.9973075 -0.07017493 0.0212875 0.997308 -0.07016938 0.02128994 0.997308 -0.07016825 0.02129042 0.9973126 -0.07291185 -0.007180452 0.9973128 -0.07290959 -0.007181942 0.9973126 -0.07291197 -0.007180392 0.9972991 -0.06477546 -0.03462153 0.997299 -0.06477802 -0.0346204 0.9972991 -0.06477528 -0.03462165 0.9972688 -0.04685574 -0.05709254 0.9972691 -0.0468468 -0.05709367 0.9972688 -0.04685634 -0.05709248 0.9972258 -0.02160865 -0.07123124 0.9972258 -0.021609 -0.07123148 0.9972258 -0.02160859 -0.07123124 0.9971758 0.007359504 -0.07474195 0.9971758 0.007365167 -0.07474154 0.9971758 0.007359147 -0.07474195 0.9971262 0.0357117 -0.06681382 0.9971262 0.03571242 -0.06681299 0.9971262 0.03571164 -0.06681388 0.9970852 0.05897885 -0.04840254 0.9970849 0.05898165 -0.04840558 0.9970852 0.05897867 -0.04840236 0.9970595 0.07333278 -0.02224493 0.9970593 0.07333475 -0.02224391 0.9970595 0.07333266 -0.02224498 -0.9891033 -0.09339135 0.1138109 -0.9891029 -0.09339654 0.1138103 -0.9891033 -0.0933904 0.113811 0.9891034 -0.04273319 -0.1408846 0.9891036 -0.04272872 -0.1408846 0.9891036 -0.04272717 -0.1408847 -0.9891027 0.04273325 -0.1408897 -0.9891031 0.04272097 -0.1408903 -0.9891026 0.04273557 -0.1408897 0.9891021 0.113816 -0.09339702 0.9891024 0.1138175 -0.09339302 0.9891021 0.1138157 -0.09339779 -0.9891031 0.01443243 0.1465157 -0.9891033 0.01443111 0.1465145 -0.9891033 0.01443064 0.1465141 0.9891026 -0.06940728 0.1298413 0.9891032 -0.06940424 0.1298385 0.9891026 -0.06940788 0.1298418 -0.989103 -0.1298446 0.069395 -0.9891027 -0.1298478 0.06939429 -0.9891026 -0.1298488 0.06939405 -0.9891031 0.09340155 -0.113804 -0.9891032 0.09339851 -0.1138058 -0.9891031 0.09339743 -0.1138064 0.9891028 0.1408846 -0.042746 0.9891025 0.1408863 -0.04274976 0.9891024 0.1408868 -0.04275101 0.9891027 -0.1138059 0.09340345 0.9891023 -0.1138088 0.09340357 0.9891022 -0.1138097 0.09340369 -0.9891028 -0.1465182 0.01442998 -0.9891036 -0.1465137 0.01442217 -0.9891038 -0.1465122 0.01441949 -0.9891028 0.1298422 -0.069404 -0.9891037 0.1298342 -0.06940478 -0.9891026 0.1298438 -0.06940388 0.9891027 0.1465182 0.01443111 0.9891031 0.1465169 0.01442426 0.9891031 0.1465165 0.01442193 0.9891026 -0.1408905 0.04273146 0.9891039 -0.1408839 0.04272395 0.9891024 -0.1408917 0.04273289 -0.9891026 -0.1408876 -0.04274284 -0.9891037 -0.1408792 -0.04274475 -0.989104 -0.1408764 -0.04274541 -0.9891024 0.1465205 -0.01443362 -0.9891028 0.1465169 -0.01444268 -0.9891023 0.1465212 -0.01443189 0.9891031 0.1298444 0.06939464 0.989103 0.1298464 0.0693919 0.989103 0.1298471 0.06939095 0.9891025 -0.1465201 -0.01443231 0.9891033 -0.1465134 -0.01444083 0.9891023 -0.1465213 -0.0144307 -0.9891027 -0.1138059 -0.09340232 -0.9891026 -0.1138088 -0.09340184 -0.9891024 -0.1138098 -0.09340167 -0.9891028 0.1408886 0.04273378 -0.9891027 0.1408899 0.0427311 -0.9891028 0.1408883 0.04273432 0.9891031 0.09339153 0.1138111 0.9891026 0.09339767 0.1138117 0.9891033 0.0933904 0.113811 0.989103 -0.1298394 -0.06940442 0.9891032 -0.1298373 -0.06940698 0.9891031 -0.1298398 -0.06940394 -0.9891026 -0.06940776 -0.1298416 -0.989103 -0.06940436 -0.1298401 -0.9891024 -0.06940841 -0.1298418 0.989103 0.01443123 -0.1465167 0.9891031 0.01442915 -0.1465159 0.9891031 0.01442837 -0.1465156 -0.989102 0.113816 0.09339815 -0.9891021 0.1138174 0.09339481 -0.989102 0.1138157 0.0933988 0.9891028 0.0427367 0.1408882 0.989103 0.04272627 0.1408894 0.9891027 0.04273867 0.1408879 -0.9891032 -0.04273688 0.1408843 -0.9891039 -0.0427336 0.140881 -0.9891041 -0.04273247 0.1408798 0.9891027 -0.09340286 -0.1138055 0.989104 -0.09339493 -0.1138014 0.9891044 -0.09339219 -0.1138 -0.9891025 -0.01443302 -0.1465197 -0.9891033 -0.01443856 -0.1465143 -0.9891024 -0.01443195 -0.1465207 0.9891021 0.06940233 -0.1298473 0.9891023 0.06939768 -0.1298487 0.9891024 0.06939607 -0.1298491 -0.9891026 0.06940138 0.1298455 -0.9891024 0.06939744 0.1298482 -0.9891024 0.06939607 0.1298491 0.9891027 -0.01443421 0.1465187 0.9891032 -0.01444053 0.1465144 0.9891026 -0.01443302 0.1465194 0.9497113 0.2996331 -0.09093219 0.9497139 0.2996226 -0.09093916 0.9497157 0.2996151 -0.09094423 0.9497057 -0.2420526 0.1986701 0.9497101 -0.2420331 0.1986721 0.9497135 -0.2420192 0.1986735 -0.9497095 -0.3116281 0.03065776 -0.949713 -0.3116191 0.03064131 -0.9497154 -0.3116128 0.03062957 -0.9497103 0.2761548 -0.1476113 -0.9497082 0.2761682 -0.1475988 -0.9497069 0.2761777 -0.14759 0.9497065 0.3116367 0.03066182 0.9497166 0.3116078 0.03064155 0.9497238 0.3115873 0.03062707 0.9497135 -0.2996457 0.09086751 0.9497116 -0.2996463 0.09088402 0.9497144 -0.2996454 0.09085893 -0.9497133 -0.2996306 -0.09091877 -0.9497131 -0.2996261 -0.09093499 -0.9497131 -0.2996228 -0.09094655 -0.9497099 0.3116213 -0.03071457 -0.9497112 0.3116187 -0.03070229 -0.9497092 0.3116226 -0.030721 0.949715 0.2761562 0.1475782 0.9497098 0.2761686 0.1475877 0.9497063 0.2761775 0.1475944 0.9497088 -0.3116251 -0.03071129 0.9497079 -0.3116285 -0.03070169 0.9497092 -0.3116233 -0.0307163 -0.94971 -0.2420513 -0.1986508 -0.9497081 -0.2420613 -0.1986479 -0.9497067 -0.2420684 -0.1986458 -0.9497166 0.2996321 0.09087902 -0.9497178 0.2996277 0.0908817 -0.949716 0.2996344 0.09087765 0.949714 0.1986104 0.2420688 0.9497136 0.1986022 0.2420769 0.9497142 0.1986147 0.2420646 0.9497123 -0.2761416 -0.1476225 0.9497153 -0.2761299 -0.1476259 0.9497108 -0.2761477 -0.1476207 -0.9497168 -0.1476058 -0.276135 -0.9497141 -0.1476311 -0.2761307 -0.9497182 -0.1475927 -0.2761372 0.9497104 0.0306583 -0.3116253 0.9497124 0.03063219 -0.3116216 0.9497139 0.0306136 -0.3116189 -0.9497109 0.2420705 0.1986232 -0.9497137 0.2420725 0.198607 -0.9497094 0.2420695 0.1986318 0.9497123 0.09088921 0.2996425 0.9497132 0.09087383 0.2996445 0.9497119 0.09089726 0.2996414 -0.949714 -0.09091305 0.2996304 -0.9497121 -0.09094834 0.2996255 -0.9497108 -0.09097355 0.2996221 0.9497138 -0.1986359 -0.2420483 0.9497161 -0.1986289 -0.2420455 0.9497176 -0.1986238 -0.2420436 -0.9497114 -0.03071403 -0.3116168 -0.9497106 -0.03070366 -0.3116199 -0.9497117 -0.03071939 -0.3116151 0.9497155 0.1475735 -0.2761567 0.9497153 0.1475659 -0.2761618 0.949715 0.1475604 -0.2761654 -0.9497153 0.1475735 0.2761577 -0.9497145 0.1475657 0.2761647 -0.9497139 0.1475602 0.2761696 0.9497122 -0.03071719 0.311614 0.94971 -0.03070527 0.311622 0.9497134 -0.03072333 0.3116099 -0.9497123 -0.1986247 0.2420637 -0.9497129 -0.1986082 0.2420748 -0.949712 -0.1986333 0.2420579 0.9497123 -0.09090447 -0.299638 0.9497122 -0.09094482 -0.2996264 0.949712 -0.09097367 -0.299618 -0.9497104 0.09088099 -0.2996513 -0.9497111 0.09087228 -0.2996518 -0.9497101 0.09088551 -0.299651 0.9497095 0.2420738 -0.1986262 0.9497153 0.2420717 -0.1986011 0.9497064 0.2420749 -0.1986393 -0.9497106 0.03066176 0.3116243 -0.9497118 0.03063362 0.3116236 -0.9497126 0.0306136 0.311623 0.9497162 -0.1476058 0.2761371 0.9497139 -0.1476311 0.2761316 0.9497174 -0.1475926 0.27614 -0.9497113 -0.2761658 0.1475834 -0.9497131 -0.2761601 0.1475831 -0.9497143 -0.2761561 0.147583 -0.9497087 0.198657 -0.2420513 -0.9497097 0.1986456 -0.2420565 -0.9497105 0.1986375 -0.2420603 1 9.2762e-7 0 1 -5.08767e-7 0 1 2.18383e-6 0 -0.4947797 -0.766403 -0.4096578 -0.4947918 0.8648265 0.08518439 -0.4947784 -0.6717636 -0.5512967 -0.4947592 0.8316097 0.2522676 -0.4947786 -0.5512964 -0.6717636 -0.4947764 0.7664104 0.4096483 -0.4947853 -0.4096579 -0.7663995 -0.4947891 -0.08517134 0.8648293 -0.4947564 0.6717681 0.551311 -0.4947614 -0.2522602 -0.8316105 -0.4947589 -0.2522729 0.8316082 -0.4947583 0.55131 0.6717677 -0.4947945 -0.08518481 -0.8648248 -0.4947644 -0.409653 0.7664154 -0.4947813 0.4096432 0.7664099 -0.4947651 0.08517169 -0.864843 -0.4947827 -0.5513015 0.6717565 -0.4947767 0.2522673 0.8315993 -0.4947901 0.2522626 -0.8315927 -0.4947866 -0.6717559 0.5512989 -0.4947738 0.08518552 0.8648366 -0.494772 0.4096637 -0.7664048 -0.4947586 -0.7664136 0.4096635 -0.494759 0.5513026 -0.6717731 -0.4947693 -0.8316079 0.2522532 -0.4947834 0.6717603 -0.5512962 -0.4947639 -0.8648421 0.08518713 -0.4947638 0.7664139 -0.4096564 -0.4947619 -0.8648438 -0.0851829 -0.494771 0.8316018 -0.2522699 -0.4947696 -0.8316063 -0.2522583 -0.4947609 0.8648453 -0.08517169 0 -0.8819195 -0.4714004 0 0.9951841 0.09802407 0 -0.7730147 -0.6343881 0 0.9569401 0.2902858 0 -0.63439 -0.7730132 0 0.881922 0.4713954 0 -0.09802359 0.9951842 0 0.7730075 0.6343971 0 -0.2902864 -0.9569398 0 -0.2902906 0.9569386 0 0.6343979 0.7730067 0 -0.09801018 -0.9951855 0 -0.4713892 0.8819253 0 0.4713884 0.8819258 0 0.09800893 -0.9951856 0 -0.6343979 0.7730067 0 0.2902904 0.9569386 0 0.2902864 -0.9569398 0 -0.773014 0.6343889 0 0.09802365 0.9951841 0 0.4714058 -0.8819165 0 0.6343888 -0.7730141 0 -0.9569439 0.2902731 0 0.7730135 -0.6343896 0 -0.9951843 0.09802287 0 0.8819221 -0.4713951 0 -0.9951843 -0.09802258 0 0.9569399 -0.2902862 0 -0.9569429 -0.2902762 0 0.9951843 -0.09802275 0.5028424 0.7623137 -0.4074648 0.5028389 -0.8602175 -0.08472961 0.5028313 0.8271645 -0.2509178 0.5028625 -0.8271488 -0.2509071 0.5028513 0.8602104 -0.08472794 0.5028378 -0.762314 -0.40747 0.5028667 0.8602007 0.08473479 0.5028531 -0.6681716 -0.548348 0.5028344 0.827166 0.2509065 0.5028468 -0.548353 -0.6681723 0.5028606 0.7623003 0.4074672 0.5028637 -0.4074593 -0.7623026 0.5028689 -0.08472973 0.8601999 0.5028544 0.6681673 0.5483521 0.5028599 -0.2509149 -0.8271479 0.5028433 -0.2509191 0.8271569 0.5028614 0.548352 0.6681621 0.5028556 -0.08471781 -0.8602088 0.5028622 -0.4074514 0.7623078 0.5028392 0.4074705 0.7623127 0.5028519 0.08472174 -0.8602106 0.5028536 -0.5483518 0.6681682 0.5028461 0.2509186 0.8271552 0.5028631 0.2509136 -0.8271464 0.5028398 -0.6681736 0.5483578 0.5028511 0.08472335 0.8602108 0.5028355 0.4074623 -0.7623195 0.5028839 -0.7622966 0.4074456 0.5028596 0.5483506 -0.6681646 0.5028308 -0.8271636 0.2509216 0.5028468 0.6681734 -0.5483515 0.5028513 -0.8602103 0.08472889 2.0688e-5 -0.83147 0.5555697 -0.9987463 -0.02359944 -0.0441485 -0.9040563 -0.330399 -0.2711437 -0.893611 0.1302884 0.4295164 -0.9023846 0.1250849 -0.4123781 -0.9042358 -0.2709067 -0.3301017 -0.8940641 0.04390603 0.4457821 -0.9015514 0.203965 -0.3815802 -0.9042474 -0.2012923 -0.3765872 -0.894692 -0.04377871 0.4445331 -0.9005826 0.275764 -0.336014 -0.9040641 -0.1240589 -0.4089957 -0.8954901 -0.129194 0.4259183 -0.8995594 0.3376455 -0.2771074 -0.9036591 -0.04197818 -0.4261904 -0.8964029 -0.2089532 0.390897 -0.8984844 0.3871656 -0.2069507 -0.8974351 -0.27986 0.3410109 -0.8974328 0.4221552 -0.1280609 -0.898503 -0.3393278 0.2784767 -0.8964251 0.441062 -0.04343599 -0.8995589 -0.3852229 0.2059061 -0.8954784 0.4429621 0.04362183 -0.9005901 -0.4159542 0.1261733 -0.8946956 0.4274407 0.1296694 -0.901555 -0.4305816 0.04240506 -0.8940483 0.3950768 0.2111685 -0.9024064 -0.4288113 -0.04223245 -0.8936102 0.3469628 0.2847416 -0.9031245 -0.4108917 -0.1246373 -0.893393 0.2850172 0.3472957 -0.9036694 -0.3776658 -0.2018668 -0.8933856 0.2118016 0.3962351 -0.9031205 0.04209482 -0.4273189 -0.9956055 0.09319597 -0.009179294 -0.9955594 0.08302003 -0.04437655 -0.9955408 0.05984836 -0.07291686 -0.9955533 0.02735185 -0.09014201 -0.9955946 -0.009194672 -0.09331113 -0.995657 -0.04388564 -0.0821045 -0.9957302 -0.07135885 -0.05855971 -0.9958034 -0.08757901 -0.02656328 -0.9958643 -0.09041696 0.008903801 -0.9959053 -0.07972842 0.04261666 -0.9959217 -0.05723416 0.06974458 -0.9959108 -0.02623081 0.08645099 -0.9958741 0.008896529 0.09030967 -0.9958162 0.04308205 0.08058619 -0.995745 0.07123452 0.05846101 -0.995671 0.08894723 0.02697795 -0.9778814 0.0985918 0.184466 -0.9778807 0.02050125 -0.2081566 -0.977881 -0.1326783 0.1616957 -0.9778811 0.0607227 0.2001534 -0.9778811 0.06072217 -0.2001532 -0.977881 -0.1616785 0.132699 -0.9778815 0.02050113 0.2081531 -0.9778805 0.09860569 -0.1844629 -0.9778792 -0.1844737 0.09859919 -0.9778805 0.1326804 -0.1616962 -0.9778814 -0.2001569 0.06070643 -0.9778805 0.1616798 -0.1327 -0.9778805 -0.2081565 0.02050691 -0.9778789 0.1844749 -0.09859997 -0.9778814 -0.2081531 -0.02050018 -0.9778807 0.2001599 -0.06070733 -0.9778819 -0.2001585 -0.06069439 -0.9778795 0.2081614 -0.0205059 -0.9778808 -0.1844629 -0.09860271 -0.9778813 0.208154 0.02050083 -0.9778816 -0.1616796 -0.1326931 -0.9778793 0.2001701 0.06069672 -0.9778798 -0.1326914 -0.1616919 -0.9778801 0.1844656 0.09860521 -0.9778801 -0.09861689 -0.1844593 -0.9778807 -0.02050125 0.2081566 -0.9778814 0.1616795 0.1326941 -0.9778805 -0.06071281 -0.2001591 -0.9778808 -0.06072241 0.200155 -0.9778805 0.1326986 0.1616818 -0.9778806 -0.02050155 -0.2081571 -0.9778808 -0.09859329 0.1844688 -0.9616886 0.1291966 -0.2417923 -0.9616862 -0.2417654 0.1292637 -0.9616744 0.173972 -0.2119346 -0.9616852 -0.262359 0.07955807 -0.9616892 0.211917 -0.1739115 -0.9616767 -0.2728653 0.02688068 -0.9616848 0.24177 -0.1292662 -0.9616833 -0.2728422 -0.0268799 -0.9616875 0.2623518 -0.07955384 -0.9616772 -0.2623779 -0.07959234 -0.9616762 0.272867 -0.02687996 -0.9616808 -0.2417966 -0.129246 -0.9616818 0.2728471 0.02688097 -0.9616855 -0.2119244 -0.1739228 -0.9616822 0.2623609 0.07958722 -0.9616827 -0.1739081 -0.2119488 -0.9616868 0.2417781 0.1292362 -0.9616805 -0.1292538 -0.2417934 -0.9616833 -0.02686709 0.2728433 -0.9616882 0.2119275 0.1739044 -0.9616885 -0.0795651 -0.2623445 -0.9616836 -0.07960337 0.2623508 -0.9616847 0.1739037 0.2119434 -0.9616879 -0.02685296 -0.2728283 -0.9616891 -0.1291826 0.2417973 -0.9616796 0.1292492 0.2417996 -0.9616853 0.02686637 -0.2728364 -0.9616744 -0.173972 0.2119346 -0.9616822 0.07958722 0.2623609 -0.9616819 0.07962727 -0.2623503 -0.9616876 -0.2119116 0.1739265 -0.9616901 0.02687412 0.2728186 -1 -2.94881e-5 0 -1 -9.8284e-7 0 -1 0 0 -1 1.88628e-6 0 -1 4.0324e-6 0 -1 1.17942e-4 0 -1 -1.0597e-5 0 -1 1.17897e-4 0 -1 7.99178e-6 0 -1 3.26005e-5 0 -1 -3.86242e-6 0 -1 -7.89147e-5 0 -1 -5.89206e-5 0 -1 -1.17893e-4 0 -1 1.05956e-5 0 -1 -1.17938e-4 0 -1 -3.9315e-6 0 -1 -5.30942e-6 0 -1 -7.49944e-5 0 -1 5.88928e-5 0 0.9451068 -0.3251889 -0.03202515 0.9451169 0.2525678 0.2072762 0.945114 -0.3126702 -0.09485203 0.945115 0.2072781 0.252574 0.9451012 -0.2881954 -0.1540367 0.9451075 0.1540333 0.2881762 0.9451092 0.03202617 -0.3251816 0.9451071 -0.2525848 -0.2073011 0.9451109 0.09484893 0.3126808 0.9451147 0.09485477 -0.3126672 0.9451103 -0.2072813 -0.2525886 0.9451102 0.03202408 0.3251788 0.9451065 0.1540392 -0.2881767 0.9451159 -0.1540139 -0.2881594 0.9451101 -0.03202527 0.3251789 0.9451113 0.2072874 -0.2525801 0.9451074 -0.09484988 -0.3126907 0.9451068 -0.09485191 0.3126922 0.9451137 0.2525784 -0.2072782 0.945113 -0.03202658 -0.3251706 0.9451064 -0.1540401 0.2881762 0.9451076 0.2881762 -0.1540325 0.9451063 -0.2072966 0.2525913 0.9451101 0.3126828 -0.09484928 0.9451037 -0.2525978 0.2073006 0.945113 0.3251703 -0.03202515 0.945106 -0.2881799 0.1540356 0.9451069 0.3251882 0.03202468 0.9451072 -0.3126906 0.09485292 0.9451043 0.3126993 0.0948534 0.9451137 -0.3251686 0.03202539 0.9451146 0.2881612 0.1540184 0.9970537 0.07633876 0.007517874 0.997069 0.06747436 0.03606599 0.9971026 0.04825741 0.0588026 0.9971485 0.02190762 0.07221525 0.9971992 -0.007328391 0.07443082 0.9972471 -0.03495389 0.06539613 0.9972847 -0.05692702 0.04671859 0.9973075 -0.07017529 0.02128732 0.9973129 -0.07290911 -0.00718224 0.997299 -0.0647785 -0.03462016 0.9972692 -0.04684501 -0.05709391 0.9972258 -0.02160912 -0.07123148 0.9971758 0.007366359 -0.07474142 0.9971262 0.03571259 -0.06681281 0.9970847 0.05898225 -0.04840618 0.9970593 0.07333517 -0.02224373 -0.9891027 -0.09339827 0.11381 0.9891033 -0.04273402 -0.1408846 -0.9891033 0.04271674 -0.1408904 0.9891024 0.1138179 -0.09339165 -0.989103 0.01443266 0.1465159 0.9891034 -0.06940323 0.1298376 -0.9891031 -0.1298441 0.06939518 -0.989103 0.09340214 -0.1138036 0.9891029 0.1408843 -0.04274529 0.9891028 -0.1138054 0.09340339 -0.9891026 -0.146519 0.01443147 -0.989104 0.1298314 -0.06940507 0.9891027 0.1465185 0.01443243 0.9891043 -0.1408816 0.04272139 -0.9891024 -0.1408892 -0.04274255 -0.9891029 0.1465157 -0.01444584 0.9891031 0.1298441 0.06939518 0.9891036 -0.1465111 -0.01444381 -0.9891028 -0.1138054 -0.09340238 -0.9891027 0.1408903 0.04273015 0.9891023 0.09339982 0.1138118 0.9891031 -0.1298366 -0.06940782 -0.9891031 -0.06940317 -0.1298396 0.989103 0.01443165 -0.1465169 -0.9891022 0.1138179 0.09339368 0.9891031 0.0427227 0.1408898 -0.9891031 -0.04273748 0.1408849 0.9891026 -0.09340435 -0.1138063 -0.9891035 -0.01444047 -0.1465125 0.9891021 0.06940323 -0.129847 -0.9891025 0.06940209 0.129845 0.9891034 -0.01444274 0.1465129 0.9497098 0.2996385 -0.09092849 0.9497033 -0.2420627 0.198669 -0.9497078 -0.3116327 0.03066635 -0.9497112 0.2761478 -0.1476177 0.9497013 0.3116517 0.03067243 0.9497104 -0.2996468 0.09089583 -0.9497134 -0.299633 -0.09091025 -0.949712 0.3116169 -0.03069353 0.9497177 0.2761496 0.1475733 0.9497073 -0.311631 -0.0306949 -0.949711 -0.2420461 -0.1986524 -0.9497186 0.2996246 0.09088355 0.9497134 0.1985964 0.2420827 0.9497173 -0.2761216 -0.1476283 -0.9497123 -0.1476491 -0.2761276 0.9497093 0.03067189 -0.3116272 -0.9497159 0.2420739 0.1985953 0.9497138 0.09086287 0.299646 -0.949715 -0.09089463 0.2996328 0.9497127 -0.1986396 -0.2420497 -0.9497101 -0.03069627 -0.3116222 0.9497156 0.1475775 -0.2761541 -0.9497156 0.1475775 0.2761541 0.9497084 -0.0306968 0.3116276 -0.9497134 -0.1985964 0.2420827 0.9497125 -0.09088343 -0.2996441 -0.9497115 0.09086608 -0.2996522 0.9497194 0.2420701 -0.1985832 -0.94971 0.03067642 0.3116247 0.9497123 -0.1476491 0.2761276 -0.9497106 -0.2761687 0.1475835 -0.9497082 0.1986629 -0.2420486 1 9.3038e-6 0 1 -1.24069e-4 0 1 -3.44569e-5 0 1 7.97635e-5 0 1 -1.03404e-6 0 1 -3.10251e-5 0 1 5.61321e-6 0 1 1.37197e-6 0 1 4.30124e-5 0 1 1.24039e-4 0 1 -8.78533e-6 0 1 1.54741e-5 0</float_array>
          <technique_common>
            <accessor source="#Circle_002_Circle_001-mesh-normals-array" count="1429" stride="3">
              <param name="X" type="float"/>
              <param name="Y" type="float"/>
              <param name="Z" type="float"/>
            </accessor>
          </technique_common>
        </source>
        <source id="Circle_002_Circle_001-mesh-map-0">
          <float_array id="Circle_002_Circle_001-mesh-map-0-array" count="4992">0.242952 0.70416 0.23136 0.669524 0.242911 0.67144 0.678527 0.478695 0.666913 0.50793 0.666972 0.483804 0.242911 0.67144 0.2313359 0.63606 0.242886 0.636706 0.566526 0.533184 0.578031 0.507931 0.578077 0.5363 0.242877 0.60129 0.2313359 0.63606 0.231328 0.601942 0.566526 0.533184 0.578109 0.567821 0.566559 0.565903 0.242877 0.60129 0.2313359 0.568478 0.242886 0.566556 0.566478 0.732953 0.577972 0.752885 0.566417 0.757995 0.566576 0.600637 0.578109 0.567821 0.578126 0.601285 0.242886 0.566556 0.23136 0.536956 0.242911 0.533837 0.05600696 0.733977 0.04440599 0.701649 0.05596095 0.704858 0.566576 0.636052 0.578126 0.601285 0.578126 0.635405 0.242911 0.533837 0.2314 0.508587 0.242952 0.504391 0.05596095 0.704858 0.04437398 0.670346 0.05592697 0.672366 0.566559 0.670787 0.578126 0.635405 0.578109 0.668868 0.243007 0.479348 0.2314 0.508587 0.231453 0.484461 0.05592697 0.672366 0.04435294 0.636996 0.05590599 0.63775 0.566526 0.703506 0.578109 0.668868 0.578077 0.70039 0.678418 0.703506 0.666913 0.728759 0.666867 0.70039 0.05590599 0.63775 0.04434698 0.602881 0.05589896 0.60234 0.566478 0.732953 0.578077 0.70039 0.578031 0.728759 0.678385 0.670787 0.666867 0.70039 0.666835 0.668868 0.05589896 0.60234 0.04435294 0.569313 0.05590599 0.567496 0.678368 0.636052 0.666835 0.668868 0.666819 0.635404 0.05592697 0.534559 0.04435294 0.569313 0.04437398 0.53758 0.678368 0.600637 0.666819 0.635404 0.666819 0.601285 0.05596095 0.504793 0.04437398 0.53758 0.04440695 0.508904 0.678385 0.565903 0.666819 0.601285 0.666835 0.567822 0.05596095 0.504793 0.04445099 0.484385 0.05600696 0.479343 0.678385 0.565903 0.666867 0.5363 0.678418 0.533183 0.243007 0.733606 0.2314 0.701047 0.242952 0.70416 0.678418 0.533183 0.666913 0.50793 0.678466 0.503737 0.242911 0.67144 0.317704 0.704142 0.242952 0.70416 0.566478 0.503737 0.491665 0.478695 0.566417 0.478695 0.242886 0.636706 0.317663 0.671422 0.242911 0.67144 0.566526 0.533184 0.491726 0.503737 0.566478 0.503737 0.242877 0.60129 0.317638 0.636688 0.242886 0.636706 0.566559 0.565903 0.491774 0.533184 0.566526 0.533184 0.242886 0.566556 0.31763 0.601273 0.242877 0.60129 0.566417 0.757995 0.491726 0.732953 0.566478 0.732953 0.566576 0.600637 0.491807 0.565903 0.566559 0.565903 0.242911 0.533837 0.317638 0.566538 0.242886 0.566556 0.05596095 0.704858 0.130759 0.733965 0.05600696 0.733977 0.566576 0.636052 0.491824 0.600637 0.566576 0.600637 0.242952 0.504391 0.317663 0.533819 0.242911 0.533837 0.05592697 0.672366 0.130713 0.704846 0.05596095 0.704858 0.566559 0.670787 0.491824 0.636052 0.566576 0.636052 0.243007 0.479348 0.317704 0.504373 0.242952 0.504391 0.05590599 0.63775 0.130679 0.672354 0.05592697 0.672366 0.566526 0.703506 0.491807 0.670787 0.566559 0.670787 0.678418 0.703506 0.753219 0.732953 0.678466 0.732953 0.05589896 0.60234 0.130658 0.637737 0.05590599 0.63775 0.566478 0.732953 0.491774 0.703506 0.566526 0.703506 0.678385 0.670787 0.753171 0.703506 0.678418 0.703506 0.05590599 0.567496 0.1306509 0.602327 0.05589896 0.60234 0.678368 0.636052 0.753138 0.670787 0.678385 0.670787 0.05592697 0.534559 0.130658 0.567484 0.05590599 0.567496 0.678368 0.600637 0.753121 0.636052 0.678368 0.636052 0.05596095 0.504793 0.130679 0.534546 0.05592697 0.534559 0.678385 0.565903 0.753121 0.600637 0.678368 0.600637 0.05600696 0.479343 0.130713 0.504781 0.05596095 0.504793 0.678418 0.533183 0.753138 0.565903 0.678385 0.565903 0.242952 0.70416 0.317759 0.733588 0.243007 0.733606 0.678466 0.503737 0.753171 0.533183 0.678418 0.533183 0.753121 0.600637 0.765019 0.567914 0.765003 0.601317 0.130713 0.504781 0.142635 0.484612 0.1425909 0.509086 0.753138 0.565903 0.765051 0.53645 0.765019 0.567914 0.317759 0.733588 0.329584 0.700872 0.329637 0.729189 0.753171 0.533183 0.765097 0.508133 0.765051 0.53645 0.317704 0.704142 0.329545 0.669408 0.329584 0.700872 0.491726 0.503737 0.479788 0.484052 0.491665 0.478695 0.317663 0.671422 0.329521 0.636006 0.329545 0.669408 0.491774 0.533184 0.479847 0.508133 0.491726 0.503737 0.317638 0.636688 0.329512 0.601949 0.329521 0.636006 0.491807 0.565903 0.479893 0.53645 0.491774 0.533184 0.31763 0.601273 0.329521 0.568547 0.329512 0.601949 0.491726 0.732953 0.479788 0.752638 0.479847 0.728556 0.491824 0.600637 0.479925 0.567914 0.491807 0.565903 0.317638 0.566538 0.329545 0.537083 0.329521 0.568547 0.130759 0.733965 0.1425909 0.701477 0.142635 0.729479 0.491824 0.600637 0.479941 0.635373 0.479941 0.601316 0.317663 0.533819 0.329584 0.508766 0.329545 0.537083 0.130713 0.704846 0.142558 0.670231 0.1425909 0.701477 0.491807 0.670787 0.479941 0.635373 0.491824 0.636052 0.317759 0.47933 0.329584 0.508766 0.317704 0.504373 0.130658 0.637737 0.142558 0.670231 0.130679 0.672354 0.491774 0.703506 0.479925 0.668775 0.491807 0.670787 0.753171 0.703506 0.765097 0.728556 0.753219 0.732953 0.1306509 0.602327 0.142538 0.636943 0.130658 0.637737 0.491726 0.732953 0.479893 0.70024 0.491774 0.703506 0.753138 0.670787 0.765051 0.700239 0.753171 0.703506 0.130658 0.567484 0.142531 0.602891 0.1306509 0.602327 0.753121 0.636052 0.765019 0.668775 0.753138 0.670787 0.130679 0.534546 0.142538 0.569384 0.130658 0.567484 0.753121 0.636052 0.765003 0.601317 0.765003 0.635373 0.130679 0.534546 0.1425909 0.509086 0.142558 0.53771 0.384432 0.268037 0.343556 0.231304 0.391095 0.234573 0.06407797 0.299558 0.09758496 0.255506 0.107037 0.278305 0.391095 0.234573 0.343557 0.206627 0.391095 0.2004539 0.08305197 0.327927 0.107037 0.278305 0.12076 0.298823 0.391095 0.2004539 0.338738 0.182424 0.384433 0.1669909 0.107201 0.352053 0.12076 0.298823 0.138227 0.316272 0.384433 0.1669909 0.329285 0.1596249 0.371363 0.135469 0.135597 0.371008 0.138227 0.316272 0.158764 0.329983 0.371363 0.135469 0.315562 0.139107 0.35239 0.1071 0.1671479 0.384065 0.158764 0.329983 0.181584 0.339426 0.35239 0.1071 0.298096 0.121657 0.328241 0.08297395 0.200644 0.390722 0.181584 0.339426 0.20581 0.34424 0.328241 0.08297395 0.277559 0.107948 0.299845 0.06401801 0.234796 0.390722 0.20581 0.34424 0.230511 0.34424 0.85379 0.486001 0.862447 0.527266 0.8544 0.53255 0.299845 0.06401801 0.254738 0.098504 0.268293 0.05096095 0.268291 0.384066 0.230511 0.34424 0.254737 0.339426 0.268293 0.05096095 0.230512 0.09368997 0.234797 0.04430395 0.268291 0.384066 0.277558 0.329983 0.299844 0.371009 0.06407898 0.1354669 0.120761 0.139106 0.107038 0.159624 0.234797 0.04430395 0.205812 0.09368997 0.200646 0.04430395 0.299844 0.371009 0.298096 0.316273 0.32824 0.352054 0.05100995 0.166989 0.107038 0.159624 0.09758496 0.1824229 0.200646 0.04430395 0.181586 0.098504 0.16715 0.05096095 0.32824 0.352054 0.315562 0.298823 0.352389 0.327928 0.04434698 0.200453 0.09758496 0.1824229 0.09276598 0.2066259 0.135598 0.06401801 0.181586 0.098504 0.158765 0.107947 0.352389 0.327928 0.329285 0.278306 0.371363 0.299559 0.04434698 0.2345719 0.09276598 0.2066259 0.092767 0.231303 0.107202 0.082973 0.158765 0.107947 0.138227 0.121657 0.371363 0.299559 0.338737 0.255507 0.384432 0.268037 0.05100899 0.268035 0.092767 0.231303 0.09758496 0.255506 0.08305299 0.1070989 0.138227 0.121657 0.120761 0.139106 0.230512 0.09368997 0.2063609 0.09894895 0.205812 0.09368997 0.277558 0.329983 0.294883 0.312458 0.298096 0.316273 0.09758496 0.1824229 0.111614 0.162196 0.102547 0.184065 0.205812 0.09368997 0.183123 0.103567 0.181586 0.098504 0.298096 0.316273 0.311637 0.29572 0.315562 0.298823 0.09276598 0.2066259 0.102547 0.184065 0.097925 0.2072809 0.158765 0.107947 0.183123 0.103567 0.161233 0.112625 0.315562 0.298823 0.324801 0.276039 0.329285 0.278306 0.092767 0.231303 0.097925 0.2072809 0.097925 0.230952 0.138227 0.121657 0.161233 0.112625 0.141532 0.1257759 0.329285 0.278306 0.333869 0.254169 0.338737 0.255507 0.09758496 0.255506 0.097925 0.230952 0.102547 0.254169 0.120761 0.139106 0.141532 0.1257759 0.124778 0.142514 0.338737 0.255507 0.338491 0.230953 0.343556 0.231304 0.107037 0.278305 0.102547 0.254169 0.111614 0.276038 0.8544 0.53255 0.864917 0.532268 0.857197 0.537336 0.343556 0.231304 0.338491 0.207282 0.343557 0.206627 0.12076 0.298823 0.111614 0.276038 0.124778 0.295719 0.343557 0.206627 0.333869 0.1840659 0.338738 0.182424 0.138227 0.316272 0.124778 0.295719 0.141531 0.312458 0.338738 0.182424 0.324802 0.162196 0.329285 0.1596249 0.158764 0.329983 0.141531 0.312458 0.1612319 0.325609 0.329285 0.1596249 0.311638 0.142515 0.315562 0.139107 0.181584 0.339426 0.1612319 0.325609 0.183122 0.334668 0.315562 0.139107 0.294884 0.125777 0.298096 0.121657 0.20581 0.34424 0.183122 0.334668 0.20636 0.339286 0.298096 0.121657 0.275184 0.112626 0.277559 0.107948 0.230511 0.34424 0.20636 0.339286 0.230054 0.339285 0.277559 0.107948 0.253294 0.103567 0.254738 0.098504 0.254737 0.339426 0.230054 0.339285 0.253293 0.334668 0.254738 0.098504 0.230055 0.09894895 0.230512 0.09368997 0.254737 0.339426 0.275183 0.325609 0.277558 0.329983 0.107038 0.159624 0.124778 0.142514 0.111614 0.162196 0.124778 0.295719 0.194849 0.245099 0.141531 0.312458 0.102547 0.254169 0.186495 0.23493 0.111614 0.276038 0.097925 0.2072809 0.182672 0.22234 0.097925 0.230952 0.186495 0.203141 0.102547 0.184065 0.111614 0.162196 0.194849 0.192972 0.124778 0.142514 0.141532 0.1257759 0.206462 0.18677 0.161233 0.112625 0.183123 0.103567 0.219568 0.1854799 0.2063609 0.09894895 0.230055 0.09894895 0.232169 0.189299 0.253294 0.103567 0.275184 0.112626 0.242349 0.197646 0.294884 0.125777 0.311638 0.142515 0.248556 0.209248 0.324802 0.162196 0.333869 0.1840659 0.2498469 0.222341 0.338491 0.207282 0.338491 0.230953 0.324801 0.276039 0.248556 0.228823 0.333869 0.254169 0.294883 0.312458 0.242349 0.240426 0.311637 0.29572 0.253293 0.334668 0.232169 0.248772 0.275183 0.325609 0.20636 0.339286 0.219567 0.252591 0.230054 0.339285 0.1612319 0.325609 0.206462 0.251301 0.183122 0.334668 0.20035 0.189299 0.21149 0.203329 0.208514 0.20456 0.242349 0.240426 0.230753 0.226778 0.246024 0.23493 0.182672 0.21573 0.199906 0.220648 0.182672 0.22234 0.20035 0.189299 0.205835 0.206348 0.194849 0.192972 0.248556 0.228823 0.230753 0.226778 0.231986 0.2238039 0.182672 0.22234 0.2005349 0.2238039 0.183963 0.228823 0.194849 0.192972 0.203557 0.208624 0.190171 0.197645 0.2498469 0.222341 0.231986 0.2238039 0.232614 0.220648 0.183963 0.228823 0.201767 0.226778 0.186495 0.23493 0.2498469 0.222341 0.232614 0.2174299 0.2498469 0.215731 0.190171 0.240426 0.201767 0.226778 0.203557 0.229453 0.2498469 0.215731 0.231986 0.214273 0.248556 0.209248 0.190171 0.240426 0.205835 0.231729 0.194849 0.245099 0.248556 0.209248 0.230753 0.2113 0.246025 0.203141 0.20035 0.248772 0.205835 0.231729 0.208514 0.233517 0.242349 0.197646 0.230753 0.2113 0.228963 0.208624 0.20035 0.248772 0.21149 0.234749 0.206462 0.251301 0.242349 0.197646 0.226685 0.206348 0.23767 0.192972 0.212951 0.252591 0.21149 0.234749 0.214649 0.235377 0.232169 0.189299 0.226685 0.206348 0.2240059 0.20456 0.219567 0.252591 0.214649 0.235377 0.217871 0.235377 0.232169 0.189299 0.221031 0.203328 0.2260569 0.18677 0.226056 0.251301 0.217871 0.235377 0.2210299 0.234749 0.219568 0.1854799 0.221031 0.203328 0.217871 0.2027 0.226056 0.251301 0.2240059 0.233518 0.232169 0.248772 0.190171 0.197645 0.201768 0.211299 0.186495 0.203141 0.212952 0.1854799 0.217871 0.2027 0.214649 0.2027 0.232169 0.248772 0.226685 0.231729 0.23767 0.2451 0.183963 0.209248 0.201768 0.211299 0.2005349 0.214273 0.206462 0.18677 0.214649 0.2027 0.21149 0.203329 0.242349 0.240426 0.226685 0.231729 0.228963 0.229454 0.182672 0.21573 0.2005349 0.214273 0.199906 0.217429 0.231986 0.2238039 0.227514 0.220147 0.232614 0.220648 0.2005349 0.2238039 0.206288 0.2243649 0.201767 0.226778 0.232614 0.220648 0.227514 0.2179329 0.232614 0.2174299 0.203557 0.229453 0.206288 0.2243649 0.2075189 0.226207 0.232614 0.2174299 0.227081 0.215761 0.231986 0.214273 0.203557 0.229453 0.209087 0.227773 0.205835 0.231729 0.231986 0.214273 0.226233 0.213715 0.230753 0.2113 0.208514 0.233517 0.209087 0.227773 0.21093 0.229003 0.228963 0.208624 0.226233 0.213715 0.225002 0.2118729 0.208514 0.233517 0.212978 0.229851 0.21149 0.234749 0.228963 0.208624 0.223434 0.210307 0.226685 0.206348 0.214649 0.235377 0.212978 0.229851 0.215152 0.230282 0.2240059 0.20456 0.223434 0.210307 0.2215909 0.209077 0.217871 0.235377 0.215152 0.230282 0.217369 0.230283 0.2240059 0.20456 0.219543 0.208229 0.221031 0.203328 0.2210299 0.234749 0.217369 0.230283 0.219543 0.229851 0.217871 0.2027 0.219543 0.208229 0.217369 0.207798 0.2240059 0.233518 0.219543 0.229851 0.2215909 0.229003 0.201768 0.211299 0.20752 0.2118729 0.206288 0.213715 0.217871 0.2027 0.215152 0.207797 0.214649 0.2027 0.226685 0.231729 0.2215909 0.229003 0.223434 0.227773 0.201768 0.211299 0.20544 0.215761 0.2005349 0.214273 0.21149 0.203329 0.215152 0.207797 0.212978 0.208229 0.226685 0.231729 0.225001 0.226207 0.228963 0.229454 0.2005349 0.214273 0.205007 0.2179329 0.199906 0.217429 0.208514 0.20456 0.212978 0.208229 0.21093 0.209077 0.230753 0.226778 0.225001 0.226207 0.226233 0.2243649 0.199906 0.217429 0.205007 0.220147 0.199906 0.220648 0.208514 0.20456 0.209087 0.210307 0.205835 0.206348 0.230753 0.226778 0.227081 0.222319 0.231986 0.2238039 0.2005349 0.2238039 0.205007 0.220147 0.20544 0.222319 0.205835 0.206348 0.20752 0.2118729 0.203557 0.208624 0.2215909 0.229003 0.212978 0.229851 0.20544 0.215761 0.806204 0.1353009 0.770348 0.181585 0.761136 0.159367 0.518423 0.327407 0.574947 0.312023 0.542527 0.351488 0.81925 0.166765 0.775044 0.205171 0.770348 0.181585 0.518423 0.327407 0.544552 0.275023 0.557925 0.295019 0.8259 0.234224 0.775044 0.205171 0.8259 0.200167 0.486439 0.267626 0.544552 0.275023 0.499484 0.29909 0.81925 0.267626 0.775044 0.229219 0.8259 0.234224 0.542527 0.08290195 0.557926 0.139372 0.518422 0.106983 0.486439 0.267626 0.530645 0.229219 0.535341 0.252805 0.81925 0.267626 0.761136 0.275023 0.770347 0.252806 0.542527 0.08290195 0.594961 0.109007 0.574946 0.122367 0.479788 0.200167 0.530645 0.229219 0.479788 0.234224 0.787266 0.327407 0.761136 0.275023 0.806204 0.29909 0.602366 0.05094796 0.594961 0.109007 0.570871 0.06398099 0.479788 0.200167 0.535341 0.181585 0.530645 0.205171 0.787266 0.327407 0.730741 0.312023 0.747762 0.295018 0.602366 0.05094796 0.640809 0.09511196 0.6172 0.09980398 0.486439 0.166765 0.544553 0.159367 0.535341 0.181585 0.734817 0.370409 0.730741 0.312023 0.763161 0.351489 0.669889 0.04430395 0.640809 0.09511196 0.6358 0.04430395 0.518422 0.106983 0.544553 0.159367 0.499484 0.1353 0.734817 0.370409 0.688488 0.334587 0.710727 0.325384 0.703323 0.05094897 0.66488 0.09511196 0.669889 0.04430395 0.669889 0.390086 0.688488 0.334587 0.703323 0.383443 0.703323 0.05094897 0.710727 0.109007 0.688488 0.09980398 0.6358 0.390086 0.664879 0.339278 0.669889 0.390086 0.763161 0.08290195 0.710727 0.109007 0.734817 0.06398099 0.6358 0.390086 0.6172 0.334587 0.640809 0.339278 0.763161 0.08290195 0.747762 0.139372 0.730742 0.122368 0.602365 0.383442 0.594961 0.325384 0.6172 0.334587 0.806204 0.1353009 0.747762 0.139372 0.787265 0.106984 0.570871 0.370409 0.574947 0.312023 0.594961 0.325384 0.574947 0.312023 0.562067 0.291623 0.578345 0.307886 0.775044 0.205171 0.76522 0.183139 0.770348 0.181585 0.544552 0.275023 0.562067 0.291623 0.557925 0.295019 0.775044 0.205171 0.769711 0.228695 0.769711 0.205696 0.535341 0.252805 0.549277 0.2725 0.544552 0.275023 0.770347 0.252806 0.769711 0.228695 0.775044 0.229219 0.574946 0.122367 0.562067 0.142768 0.557926 0.139372 0.530645 0.229219 0.540467 0.251252 0.535341 0.252805 0.770347 0.252806 0.756411 0.2725 0.76522 0.251252 0.594961 0.109007 0.578345 0.126505 0.574946 0.122367 0.530645 0.205171 0.535976 0.228695 0.530645 0.229219 0.761136 0.275023 0.743621 0.291623 0.756411 0.2725 0.594961 0.109007 0.618755 0.104926 0.597486 0.113728 0.535341 0.181585 0.535976 0.205696 0.530645 0.205171 0.730741 0.312023 0.743621 0.291623 0.747762 0.295018 0.6172 0.09980398 0.641333 0.100439 0.618755 0.104926 0.535341 0.181585 0.549277 0.16189 0.540468 0.183139 0.710727 0.325384 0.727342 0.307886 0.730741 0.312023 0.640809 0.09511196 0.664355 0.10044 0.641333 0.100439 0.544553 0.159367 0.562067 0.142768 0.549277 0.16189 0.688488 0.334587 0.708202 0.320663 0.710727 0.325384 0.688488 0.09980398 0.664355 0.10044 0.66488 0.09511196 0.664879 0.339278 0.686933 0.329465 0.688488 0.334587 0.710727 0.109007 0.686933 0.104926 0.688488 0.09980398 0.640809 0.339278 0.664354 0.333952 0.664879 0.339278 0.730742 0.122368 0.708202 0.113728 0.710727 0.109007 0.6172 0.334587 0.641333 0.333952 0.640809 0.339278 0.747762 0.139372 0.727343 0.126505 0.730742 0.122368 0.6172 0.334587 0.597486 0.320664 0.618755 0.329465 0.761136 0.159367 0.743621 0.142768 0.747762 0.139372 0.594961 0.325384 0.578345 0.307886 0.597486 0.320664 0.761136 0.159367 0.76522 0.183139 0.756411 0.161891 0.727343 0.126505 0.680048 0.194422 0.675392 0.18977 0.756411 0.161891 0.686226 0.20597 0.683706 0.199892 0.769711 0.205696 0.687511 0.2190009 0.687511 0.212422 0.76522 0.251252 0.683706 0.231531 0.686226 0.225453 0.743621 0.291623 0.675392 0.241653 0.680048 0.237001 0.708202 0.320663 0.663833 0.247825 0.669916 0.245307 0.664354 0.333952 0.650789 0.249108 0.657374 0.249109 0.618755 0.329465 0.638247 0.245308 0.644331 0.247825 0.562067 0.291623 0.632772 0.241653 0.578345 0.307886 0.540467 0.251252 0.624458 0.231531 0.549277 0.2725 0.535976 0.205696 0.620653 0.2190009 0.535976 0.228695 0.549277 0.16189 0.621938 0.20597 0.540468 0.183139 0.578345 0.126505 0.628116 0.194422 0.562067 0.142768 0.618755 0.104926 0.638247 0.186115 0.597486 0.113728 0.664355 0.10044 0.650789 0.182314 0.641333 0.100439 0.708202 0.113728 0.663833 0.183598 0.686933 0.104926 0.857375 0.843998 0.862289 0.827032 0.86396 0.843998 0.686226 0.225453 0.668657 0.2234939 0.669897 0.220504 0.949068 0.648379 0.953978 0.631414 0.955653 0.648379 0.650789 0.249108 0.655702 0.232143 0.657374 0.249109 0.237913 0.844654 0.233002 0.827686 0.236241 0.827686 0.644331 0.183598 0.646291 0.20115 0.638247 0.186115 0.921178 0.177784 0.916269 0.1608189 0.919509 0.1608189 0.921178 0.06673997 0.916264 0.049775 0.919504 0.049775 0.644331 0.247825 0.646292 0.2302719 0.649285 0.2315109 0.650789 0.182314 0.655702 0.19928 0.652462 0.19928 0.921179 0.288828 0.916268 0.271863 0.919508 0.271863 0.479788 0.86904 0.484698 0.852074 0.486373 0.86904 0.632772 0.241653 0.641307 0.226185 0.643598 0.228474 0.669917 0.186115 0.65888 0.1999109 0.663833 0.183598 0.673404 0.955043 0.668493 0.938079 0.671733 0.938079 0.85379 0.648383 0.858701 0.631416 0.860375 0.648383 0.624458 0.231531 0.638267 0.220504 0.639507 0.2234939 0.680048 0.194422 0.664566 0.202948 0.675392 0.18977 0.768682 0.955043 0.763771 0.938079 0.76701 0.938079 0.326606 0.844654 0.331516 0.827686 0.33319 0.844654 0.620653 0.212422 0.637635 0.21733 0.620653 0.2190009 0.686226 0.20597 0.668657 0.207928 0.683706 0.199892 0.231328 0.955696 0.23624 0.938732 0.237913 0.955696 0.680048 0.237001 0.664566 0.228474 0.666857 0.226185 0.666819 0.844001 0.671731 0.827034 0.673404 0.844001 0.624458 0.199892 0.638267 0.210918 0.621938 0.20597 0.05093097 0.845025 0.04602199 0.828058 0.04926198 0.828057 0.687511 0.212422 0.670529 0.217329 0.670529 0.214093 0.857375 0.955043 0.862286 0.938079 0.86396 0.955043 0.669916 0.245307 0.65888 0.2315109 0.661873 0.2302719 0.768682 0.844001 0.763771 0.827034 0.767011 0.827033 0.632772 0.18977 0.641307 0.205237 0.628116 0.194422 0.649285 0.2315109 0.648885 0.225424 0.650882 0.2262499 0.652462 0.19928 0.655163 0.20475 0.653002 0.20475 0.919508 0.271863 0.916809 0.266393 0.91897 0.266393 0.484698 0.852074 0.481996 0.846604 0.484157 0.846603 0.643598 0.228474 0.64556 0.222698 0.647089 0.224224 0.661873 0.20115 0.657282 0.205171 0.65888 0.1999109 0.671733 0.938079 0.669034 0.93261 0.671195 0.93261 0.855461 0.631416 0.85816 0.625945 0.858701 0.631416 0.639507 0.2234939 0.643533 0.218908 0.64436 0.220902 0.666857 0.205237 0.661076 0.207197 0.664566 0.202948 0.76701 0.938079 0.76431 0.93261 0.766471 0.93261 0.328277 0.827686 0.330976 0.822214 0.331516 0.827686 0.637635 0.214093 0.643111 0.216791 0.637635 0.21733 0.669897 0.210918 0.663805 0.210519 0.668657 0.207928 0.233 0.938732 0.2357 0.933263 0.23624 0.938732 0.666857 0.226185 0.661076 0.224225 0.662604 0.222698 0.668491 0.827033 0.671191 0.821561 0.671731 0.827034 0.639507 0.207928 0.643533 0.212514 0.638267 0.210918 0.04926198 0.828057 0.04656296 0.822586 0.04872399 0.822586 0.670529 0.214093 0.665053 0.21679 0.665054 0.214632 0.859046 0.938079 0.861746 0.93261 0.862286 0.938079 0.661873 0.2302719 0.657282 0.2262499 0.659279 0.225424 0.767011 0.827033 0.764311 0.821561 0.766472 0.821561 0.643598 0.202948 0.645561 0.208724 0.641307 0.205237 0.859049 0.827032 0.861751 0.821561 0.862289 0.827032 0.669897 0.220504 0.663805 0.220903 0.664632 0.218908 0.950739 0.631414 0.953438 0.625945 0.953978 0.631414 0.652462 0.232142 0.655163 0.2266719 0.655702 0.232143 0.236241 0.827686 0.233542 0.822215 0.235703 0.822214 0.649285 0.1999109 0.648886 0.205998 0.646291 0.20115 0.919509 0.1608189 0.91681 0.155349 0.918971 0.155349 0.919504 0.049775 0.916802 0.04430395 0.918963 0.04430395 0.662604 0.222698 0.647089 0.224224 0.645561 0.208724 0.242952 0.70416 0.2314 0.701047 0.23136 0.669524 0.678527 0.478695 0.678466 0.503737 0.666913 0.50793 0.242911 0.67144 0.23136 0.669524 0.2313359 0.63606 0.566526 0.533184 0.566478 0.503737 0.578031 0.507931 0.242877 0.60129 0.242886 0.636706 0.2313359 0.63606 0.566526 0.533184 0.578077 0.5363 0.578109 0.567821 0.242877 0.60129 0.231328 0.601942 0.2313359 0.568478 0.566478 0.732953 0.578031 0.728759 0.577972 0.752885 0.566576 0.600637 0.566559 0.565903 0.578109 0.567821 0.242886 0.566556 0.2313359 0.568478 0.23136 0.536956 0.05600696 0.733977 0.04445099 0.729703 0.04440599 0.701649 0.566576 0.636052 0.566576 0.600637 0.578126 0.601285 0.242911 0.533837 0.23136 0.536956 0.2314 0.508587 0.05596095 0.704858 0.04440599 0.701649 0.04437398 0.670346 0.566559 0.670787 0.566576 0.636052 0.578126 0.635405 0.243007 0.479348 0.242952 0.504391 0.2314 0.508587 0.05592697 0.672366 0.04437398 0.670346 0.04435294 0.636996 0.566526 0.703506 0.566559 0.670787 0.578109 0.668868 0.678418 0.703506 0.678466 0.732953 0.666913 0.728759 0.05590599 0.63775 0.04435294 0.636996 0.04434698 0.602881 0.566478 0.732953 0.566526 0.703506 0.578077 0.70039 0.678385 0.670787 0.678418 0.703506 0.666867 0.70039 0.05589896 0.60234 0.04434698 0.602881 0.04435294 0.569313 0.678368 0.636052 0.678385 0.670787 0.666835 0.668868 0.05592697 0.534559 0.05590599 0.567496 0.04435294 0.569313 0.678368 0.600637 0.678368 0.636052 0.666819 0.635404 0.05596095 0.504793 0.05592697 0.534559 0.04437398 0.53758 0.678385 0.565903 0.678368 0.600637 0.666819 0.601285 0.05596095 0.504793 0.04440695 0.508904 0.04445099 0.484385 0.678385 0.565903 0.666835 0.567822 0.666867 0.5363 0.243007 0.733606 0.231453 0.729415 0.2314 0.701047 0.678418 0.533183 0.666867 0.5363 0.666913 0.50793 0.242911 0.67144 0.317663 0.671422 0.317704 0.704142 0.566478 0.503737 0.491726 0.503737 0.491665 0.478695 0.242886 0.636706 0.317638 0.636688 0.317663 0.671422 0.566526 0.533184 0.491774 0.533184 0.491726 0.503737 0.242877 0.60129 0.31763 0.601273 0.317638 0.636688 0.566559 0.565903 0.491807 0.565903 0.491774 0.533184 0.242886 0.566556 0.317638 0.566538 0.31763 0.601273 0.566417 0.757995 0.491665 0.757995 0.491726 0.732953 0.566576 0.600637 0.491824 0.600637 0.491807 0.565903 0.242911 0.533837 0.317663 0.533819 0.317638 0.566538 0.05596095 0.704858 0.130713 0.704846 0.130759 0.733965 0.566576 0.636052 0.491824 0.636052 0.491824 0.600637 0.242952 0.504391 0.317704 0.504373 0.317663 0.533819 0.05592697 0.672366 0.130679 0.672354 0.130713 0.704846 0.566559 0.670787 0.491807 0.670787 0.491824 0.636052 0.243007 0.479348 0.317759 0.47933 0.317704 0.504373 0.05590599 0.63775 0.130658 0.637737 0.130679 0.672354 0.566526 0.703506 0.491774 0.703506 0.491807 0.670787 0.678418 0.703506 0.753171 0.703506 0.753219 0.732953 0.05589896 0.60234 0.1306509 0.602327 0.130658 0.637737 0.566478 0.732953 0.491726 0.732953 0.491774 0.703506 0.678385 0.670787 0.753138 0.670787 0.753171 0.703506 0.05590599 0.567496 0.130658 0.567484 0.1306509 0.602327 0.678368 0.636052 0.753121 0.636052 0.753138 0.670787 0.05592697 0.534559 0.130679 0.534546 0.130658 0.567484 0.678368 0.600637 0.753121 0.600637 0.753121 0.636052 0.05596095 0.504793 0.130713 0.504781 0.130679 0.534546 0.678385 0.565903 0.753138 0.565903 0.753121 0.600637 0.05600696 0.479343 0.130759 0.47933 0.130713 0.504781 0.678418 0.533183 0.753171 0.533183 0.753138 0.565903 0.242952 0.70416 0.317704 0.704142 0.317759 0.733588 0.678466 0.503737 0.753219 0.503737 0.753171 0.533183 0.753121 0.600637 0.753138 0.565903 0.765019 0.567914 0.130713 0.504781 0.130759 0.47933 0.142635 0.484612 0.753138 0.565903 0.753171 0.533183 0.765051 0.53645 0.317759 0.733588 0.317704 0.704142 0.329584 0.700872 0.753171 0.533183 0.753219 0.503737 0.765097 0.508133 0.317704 0.704142 0.317663 0.671422 0.329545 0.669408 0.491726 0.503737 0.479847 0.508133 0.479788 0.484052 0.317663 0.671422 0.317638 0.636688 0.329521 0.636006 0.491774 0.533184 0.479893 0.53645 0.479847 0.508133 0.317638 0.636688 0.31763 0.601273 0.329512 0.601949 0.491807 0.565903 0.479925 0.567914 0.479893 0.53645 0.31763 0.601273 0.317638 0.566538 0.329521 0.568547 0.491726 0.732953 0.491665 0.757995 0.479788 0.752638 0.491824 0.600637 0.479941 0.601316 0.479925 0.567914 0.317638 0.566538 0.317663 0.533819 0.329545 0.537083 0.130759 0.733965 0.130713 0.704846 0.1425909 0.701477 0.491824 0.600637 0.491824 0.636052 0.479941 0.635373 0.317663 0.533819 0.317704 0.504373 0.329584 0.508766 0.130713 0.704846 0.130679 0.672354 0.142558 0.670231 0.491807 0.670787 0.479925 0.668775 0.479941 0.635373 0.317759 0.47933 0.329637 0.484684 0.329584 0.508766 0.130658 0.637737 0.142538 0.636943 0.142558 0.670231 0.491774 0.703506 0.479893 0.70024 0.479925 0.668775 0.753171 0.703506 0.765051 0.700239 0.765097 0.728556 0.1306509 0.602327 0.142531 0.602891 0.142538 0.636943 0.491726 0.732953 0.479847 0.728556 0.479893 0.70024 0.753138 0.670787 0.765019 0.668775 0.765051 0.700239 0.130658 0.567484 0.142538 0.569384 0.142531 0.602891 0.753121 0.636052 0.765003 0.635373 0.765019 0.668775 0.130679 0.534546 0.142558 0.53771 0.142538 0.569384 0.753121 0.636052 0.753121 0.600637 0.765003 0.601317 0.130679 0.534546 0.130713 0.504781 0.1425909 0.509086 0.384432 0.268037 0.338737 0.255507 0.343556 0.231304 0.06407797 0.299558 0.05100899 0.268035 0.09758496 0.255506 0.391095 0.234573 0.343556 0.231304 0.343557 0.206627 0.08305197 0.327927 0.06407797 0.299558 0.107037 0.278305 0.391095 0.2004539 0.343557 0.206627 0.338738 0.182424 0.107201 0.352053 0.08305197 0.327927 0.12076 0.298823 0.384433 0.1669909 0.338738 0.182424 0.329285 0.1596249 0.135597 0.371008 0.107201 0.352053 0.138227 0.316272 0.371363 0.135469 0.329285 0.1596249 0.315562 0.139107 0.1671479 0.384065 0.135597 0.371008 0.158764 0.329983 0.35239 0.1071 0.315562 0.139107 0.298096 0.121657 0.200644 0.390722 0.1671479 0.384065 0.181584 0.339426 0.328241 0.08297395 0.298096 0.121657 0.277559 0.107948 0.234796 0.390722 0.200644 0.390722 0.20581 0.34424 0.85379 0.486001 0.864917 0.478695 0.862447 0.527266 0.299845 0.06401801 0.277559 0.107948 0.254738 0.098504 0.268291 0.384066 0.234796 0.390722 0.230511 0.34424 0.268293 0.05096095 0.254738 0.098504 0.230512 0.09368997 0.268291 0.384066 0.254737 0.339426 0.277558 0.329983 0.06407898 0.1354669 0.08305299 0.1070989 0.120761 0.139106 0.234797 0.04430395 0.230512 0.09368997 0.205812 0.09368997 0.299844 0.371009 0.277558 0.329983 0.298096 0.316273 0.05100995 0.166989 0.06407898 0.1354669 0.107038 0.159624 0.200646 0.04430395 0.205812 0.09368997 0.181586 0.098504 0.32824 0.352054 0.298096 0.316273 0.315562 0.298823 0.04434698 0.200453 0.05100995 0.166989 0.09758496 0.1824229 0.135598 0.06401801 0.16715 0.05096095 0.181586 0.098504 0.352389 0.327928 0.315562 0.298823 0.329285 0.278306 0.04434698 0.2345719 0.04434698 0.200453 0.09276598 0.2066259 0.107202 0.082973 0.135598 0.06401801 0.158765 0.107947 0.371363 0.299559 0.329285 0.278306 0.338737 0.255507 0.05100899 0.268035 0.04434698 0.2345719 0.092767 0.231303 0.08305299 0.1070989 0.107202 0.082973 0.138227 0.121657 0.230512 0.09368997 0.230055 0.09894895 0.2063609 0.09894895 0.277558 0.329983 0.275183 0.325609 0.294883 0.312458 0.09758496 0.1824229 0.107038 0.159624 0.111614 0.162196 0.205812 0.09368997 0.2063609 0.09894895 0.183123 0.103567 0.298096 0.316273 0.294883 0.312458 0.311637 0.29572 0.09276598 0.2066259 0.09758496 0.1824229 0.102547 0.184065 0.158765 0.107947 0.181586 0.098504 0.183123 0.103567 0.315562 0.298823 0.311637 0.29572 0.324801 0.276039 0.092767 0.231303 0.09276598 0.2066259 0.097925 0.2072809 0.138227 0.121657 0.158765 0.107947 0.161233 0.112625 0.329285 0.278306 0.324801 0.276039 0.333869 0.254169 0.09758496 0.255506 0.092767 0.231303 0.097925 0.230952 0.120761 0.139106 0.138227 0.121657 0.141532 0.1257759 0.338737 0.255507 0.333869 0.254169 0.338491 0.230953 0.107037 0.278305 0.09758496 0.255506 0.102547 0.254169 0.8544 0.53255 0.862447 0.527266 0.864917 0.532268 0.343556 0.231304 0.338491 0.230953 0.338491 0.207282 0.12076 0.298823 0.107037 0.278305 0.111614 0.276038 0.343557 0.206627 0.338491 0.207282 0.333869 0.1840659 0.138227 0.316272 0.12076 0.298823 0.124778 0.295719 0.338738 0.182424 0.333869 0.1840659 0.324802 0.162196 0.158764 0.329983 0.138227 0.316272 0.141531 0.312458 0.329285 0.1596249 0.324802 0.162196 0.311638 0.142515 0.181584 0.339426 0.158764 0.329983 0.1612319 0.325609 0.315562 0.139107 0.311638 0.142515 0.294884 0.125777 0.20581 0.34424 0.181584 0.339426 0.183122 0.334668 0.298096 0.121657 0.294884 0.125777 0.275184 0.112626 0.230511 0.34424 0.20581 0.34424 0.20636 0.339286 0.277559 0.107948 0.275184 0.112626 0.253294 0.103567 0.254737 0.339426 0.230511 0.34424 0.230054 0.339285 0.254738 0.098504 0.253294 0.103567 0.230055 0.09894895 0.254737 0.339426 0.253293 0.334668 0.275183 0.325609 0.107038 0.159624 0.120761 0.139106 0.124778 0.142514 0.124778 0.295719 0.190171 0.240426 0.194849 0.245099 0.102547 0.254169 0.183963 0.228823 0.186495 0.23493 0.097925 0.2072809 0.182672 0.21573 0.182672 0.22234 0.186495 0.203141 0.183963 0.209248 0.102547 0.184065 0.194849 0.192972 0.190171 0.197645 0.124778 0.142514 0.206462 0.18677 0.20035 0.189299 0.161233 0.112625 0.219568 0.1854799 0.212952 0.1854799 0.2063609 0.09894895 0.232169 0.189299 0.2260569 0.18677 0.253294 0.103567 0.242349 0.197646 0.23767 0.192972 0.294884 0.125777 0.248556 0.209248 0.246025 0.203141 0.324802 0.162196 0.2498469 0.222341 0.2498469 0.215731 0.338491 0.207282 0.324801 0.276039 0.246024 0.23493 0.248556 0.228823 0.294883 0.312458 0.23767 0.2451 0.242349 0.240426 0.253293 0.334668 0.226056 0.251301 0.232169 0.248772 0.20636 0.339286 0.212951 0.252591 0.219567 0.252591 0.1612319 0.325609 0.20035 0.248772 0.206462 0.251301 0.20035 0.189299 0.206462 0.18677 0.21149 0.203329 0.242349 0.240426 0.228963 0.229454 0.230753 0.226778 0.182672 0.21573 0.199906 0.217429 0.199906 0.220648 0.20035 0.189299 0.208514 0.20456 0.205835 0.206348 0.248556 0.228823 0.246024 0.23493 0.230753 0.226778 0.182672 0.22234 0.199906 0.220648 0.2005349 0.2238039 0.194849 0.192972 0.205835 0.206348 0.203557 0.208624 0.2498469 0.222341 0.248556 0.228823 0.231986 0.2238039 0.183963 0.228823 0.2005349 0.2238039 0.201767 0.226778 0.2498469 0.222341 0.232614 0.220648 0.232614 0.2174299 0.190171 0.240426 0.186495 0.23493 0.201767 0.226778 0.2498469 0.215731 0.232614 0.2174299 0.231986 0.214273 0.190171 0.240426 0.203557 0.229453 0.205835 0.231729 0.248556 0.209248 0.231986 0.214273 0.230753 0.2113 0.20035 0.248772 0.194849 0.245099 0.205835 0.231729 0.242349 0.197646 0.246025 0.203141 0.230753 0.2113 0.20035 0.248772 0.208514 0.233517 0.21149 0.234749 0.242349 0.197646 0.228963 0.208624 0.226685 0.206348 0.212951 0.252591 0.206462 0.251301 0.21149 0.234749 0.232169 0.189299 0.23767 0.192972 0.226685 0.206348 0.219567 0.252591 0.212951 0.252591 0.214649 0.235377 0.232169 0.189299 0.2240059 0.20456 0.221031 0.203328 0.226056 0.251301 0.219567 0.252591 0.217871 0.235377 0.219568 0.1854799 0.2260569 0.18677 0.221031 0.203328 0.226056 0.251301 0.2210299 0.234749 0.2240059 0.233518 0.190171 0.197645 0.203557 0.208624 0.201768 0.211299 0.212952 0.1854799 0.219568 0.1854799 0.217871 0.2027 0.232169 0.248772 0.2240059 0.233518 0.226685 0.231729 0.183963 0.209248 0.186495 0.203141 0.201768 0.211299 0.206462 0.18677 0.212952 0.1854799 0.214649 0.2027 0.242349 0.240426 0.23767 0.2451 0.226685 0.231729 0.182672 0.21573 0.183963 0.209248 0.2005349 0.214273 0.231986 0.2238039 0.227081 0.222319 0.227514 0.220147 0.2005349 0.2238039 0.20544 0.222319 0.206288 0.2243649 0.232614 0.220648 0.227514 0.220147 0.227514 0.2179329 0.203557 0.229453 0.201767 0.226778 0.206288 0.2243649 0.232614 0.2174299 0.227514 0.2179329 0.227081 0.215761 0.203557 0.229453 0.2075189 0.226207 0.209087 0.227773 0.231986 0.214273 0.227081 0.215761 0.226233 0.213715 0.208514 0.233517 0.205835 0.231729 0.209087 0.227773 0.228963 0.208624 0.230753 0.2113 0.226233 0.213715 0.208514 0.233517 0.21093 0.229003 0.212978 0.229851 0.228963 0.208624 0.225002 0.2118729 0.223434 0.210307 0.214649 0.235377 0.21149 0.234749 0.212978 0.229851 0.2240059 0.20456 0.226685 0.206348 0.223434 0.210307 0.217871 0.235377 0.214649 0.235377 0.215152 0.230282 0.2240059 0.20456 0.2215909 0.209077 0.219543 0.208229 0.2210299 0.234749 0.217871 0.235377 0.217369 0.230283 0.217871 0.2027 0.221031 0.203328 0.219543 0.208229 0.2240059 0.233518 0.2210299 0.234749 0.219543 0.229851 0.201768 0.211299 0.203557 0.208624 0.20752 0.2118729 0.217871 0.2027 0.217369 0.207798 0.215152 0.207797 0.226685 0.231729 0.2240059 0.233518 0.2215909 0.229003 0.201768 0.211299 0.206288 0.213715 0.20544 0.215761 0.21149 0.203329 0.214649 0.2027 0.215152 0.207797 0.226685 0.231729 0.223434 0.227773 0.225001 0.226207 0.2005349 0.214273 0.20544 0.215761 0.205007 0.2179329 0.208514 0.20456 0.21149 0.203329 0.212978 0.208229 0.230753 0.226778 0.228963 0.229454 0.225001 0.226207 0.199906 0.217429 0.205007 0.2179329 0.205007 0.220147 0.208514 0.20456 0.21093 0.209077 0.209087 0.210307 0.230753 0.226778 0.226233 0.2243649 0.227081 0.222319 0.2005349 0.2238039 0.199906 0.220648 0.205007 0.220147 0.205835 0.206348 0.209087 0.210307 0.20752 0.2118729 0.20544 0.215761 0.206288 0.213715 0.20752 0.2118729 0.20752 0.2118729 0.209087 0.210307 0.20544 0.215761 0.209087 0.210307 0.21093 0.209077 0.20544 0.215761 0.21093 0.209077 0.212978 0.208229 0.215152 0.207797 0.215152 0.207797 0.217369 0.207798 0.21093 0.209077 0.217369 0.207798 0.219543 0.208229 0.21093 0.209077 0.219543 0.208229 0.2215909 0.209077 0.223434 0.210307 0.223434 0.210307 0.225002 0.2118729 0.226233 0.213715 0.226233 0.213715 0.227081 0.215761 0.227081 0.222319 0.227081 0.215761 0.227514 0.2179329 0.227081 0.222319 0.227514 0.2179329 0.227514 0.220147 0.227081 0.222319 0.227081 0.222319 0.226233 0.2243649 0.225001 0.226207 0.225001 0.226207 0.223434 0.227773 0.2215909 0.229003 0.2215909 0.229003 0.219543 0.229851 0.217369 0.230283 0.217369 0.230283 0.215152 0.230282 0.2215909 0.229003 0.215152 0.230282 0.212978 0.229851 0.2215909 0.229003 0.212978 0.229851 0.21093 0.229003 0.209087 0.227773 0.209087 0.227773 0.2075189 0.226207 0.206288 0.2243649 0.206288 0.2243649 0.20544 0.222319 0.20544 0.215761 0.20544 0.222319 0.205007 0.220147 0.20544 0.215761 0.205007 0.220147 0.205007 0.2179329 0.20544 0.215761 0.219543 0.208229 0.223434 0.210307 0.227081 0.222319 0.223434 0.210307 0.226233 0.213715 0.227081 0.222319 0.227081 0.222319 0.225001 0.226207 0.2215909 0.229003 0.212978 0.229851 0.209087 0.227773 0.20544 0.215761 0.209087 0.227773 0.206288 0.2243649 0.20544 0.215761 0.20544 0.215761 0.21093 0.209077 0.227081 0.222319 0.21093 0.209077 0.219543 0.208229 0.227081 0.222319 0.227081 0.222319 0.2215909 0.229003 0.20544 0.215761 0.806204 0.1353009 0.81925 0.166765 0.770348 0.181585 0.518423 0.327407 0.557925 0.295019 0.574947 0.312023 0.81925 0.166765 0.8259 0.200167 0.775044 0.205171 0.518423 0.327407 0.499484 0.29909 0.544552 0.275023 0.8259 0.234224 0.775044 0.229219 0.775044 0.205171 0.486439 0.267626 0.535341 0.252805 0.544552 0.275023 0.81925 0.267626 0.770347 0.252806 0.775044 0.229219 0.542527 0.08290195 0.574946 0.122367 0.557926 0.139372 0.486439 0.267626 0.479788 0.234224 0.530645 0.229219 0.81925 0.267626 0.806204 0.29909 0.761136 0.275023 0.542527 0.08290195 0.570871 0.06398099 0.594961 0.109007 0.479788 0.200167 0.530645 0.205171 0.530645 0.229219 0.787266 0.327407 0.747762 0.295018 0.761136 0.275023 0.602366 0.05094796 0.6172 0.09980398 0.594961 0.109007 0.479788 0.200167 0.486439 0.166765 0.535341 0.181585 0.787266 0.327407 0.763161 0.351489 0.730741 0.312023 0.602366 0.05094796 0.6358 0.04430395 0.640809 0.09511196 0.486439 0.166765 0.499484 0.1353 0.544553 0.159367 0.734817 0.370409 0.710727 0.325384 0.730741 0.312023 0.669889 0.04430395 0.66488 0.09511196 0.640809 0.09511196 0.518422 0.106983 0.557926 0.139372 0.544553 0.159367 0.734817 0.370409 0.703323 0.383443 0.688488 0.334587 0.703323 0.05094897 0.688488 0.09980398 0.66488 0.09511196 0.669889 0.390086 0.664879 0.339278 0.688488 0.334587 0.703323 0.05094897 0.734817 0.06398099 0.710727 0.109007 0.6358 0.390086 0.640809 0.339278 0.664879 0.339278 0.763161 0.08290195 0.730742 0.122368 0.710727 0.109007 0.6358 0.390086 0.602365 0.383442 0.6172 0.334587 0.763161 0.08290195 0.787265 0.106984 0.747762 0.139372 0.602365 0.383442 0.570871 0.370409 0.594961 0.325384 0.806204 0.1353009 0.761136 0.159367 0.747762 0.139372 0.570871 0.370409 0.542527 0.351488 0.574947 0.312023 0.574947 0.312023 0.557925 0.295019 0.562067 0.291623 0.775044 0.205171 0.769711 0.205696 0.76522 0.183139 0.544552 0.275023 0.549277 0.2725 0.562067 0.291623 0.775044 0.205171 0.775044 0.229219 0.769711 0.228695 0.535341 0.252805 0.540467 0.251252 0.549277 0.2725 0.770347 0.252806 0.76522 0.251252 0.769711 0.228695 0.574946 0.122367 0.578345 0.126505 0.562067 0.142768 0.530645 0.229219 0.535976 0.228695 0.540467 0.251252 0.770347 0.252806 0.761136 0.275023 0.756411 0.2725 0.594961 0.109007 0.597486 0.113728 0.578345 0.126505 0.530645 0.205171 0.535976 0.205696 0.535976 0.228695 0.761136 0.275023 0.747762 0.295018 0.743621 0.291623 0.594961 0.109007 0.6172 0.09980398 0.618755 0.104926 0.535341 0.181585 0.540468 0.183139 0.535976 0.205696 0.730741 0.312023 0.727342 0.307886 0.743621 0.291623 0.6172 0.09980398 0.640809 0.09511196 0.641333 0.100439 0.535341 0.181585 0.544553 0.159367 0.549277 0.16189 0.710727 0.325384 0.708202 0.320663 0.727342 0.307886 0.640809 0.09511196 0.66488 0.09511196 0.664355 0.10044 0.544553 0.159367 0.557926 0.139372 0.562067 0.142768 0.688488 0.334587 0.686933 0.329465 0.708202 0.320663 0.688488 0.09980398 0.686933 0.104926 0.664355 0.10044 0.664879 0.339278 0.664354 0.333952 0.686933 0.329465 0.710727 0.109007 0.708202 0.113728 0.686933 0.104926 0.640809 0.339278 0.641333 0.333952 0.664354 0.333952 0.730742 0.122368 0.727343 0.126505 0.708202 0.113728 0.6172 0.334587 0.618755 0.329465 0.641333 0.333952 0.747762 0.139372 0.743621 0.142768 0.727343 0.126505 0.6172 0.334587 0.594961 0.325384 0.597486 0.320664 0.761136 0.159367 0.756411 0.161891 0.743621 0.142768 0.594961 0.325384 0.574947 0.312023 0.578345 0.307886 0.761136 0.159367 0.770348 0.181585 0.76522 0.183139 0.727343 0.126505 0.743621 0.142768 0.680048 0.194422 0.756411 0.161891 0.76522 0.183139 0.686226 0.20597 0.769711 0.205696 0.769711 0.228695 0.687511 0.2190009 0.76522 0.251252 0.756411 0.2725 0.683706 0.231531 0.743621 0.291623 0.727342 0.307886 0.675392 0.241653 0.708202 0.320663 0.686933 0.329465 0.663833 0.247825 0.664354 0.333952 0.641333 0.333952 0.650789 0.249108 0.618755 0.329465 0.597486 0.320664 0.638247 0.245308 0.562067 0.291623 0.628116 0.237001 0.632772 0.241653 0.540467 0.251252 0.621937 0.225453 0.624458 0.231531 0.535976 0.205696 0.620653 0.212422 0.620653 0.2190009 0.549277 0.16189 0.624458 0.199892 0.621938 0.20597 0.578345 0.126505 0.632772 0.18977 0.628116 0.194422 0.618755 0.104926 0.644331 0.183598 0.638247 0.186115 0.664355 0.10044 0.657374 0.182314 0.650789 0.182314 0.708202 0.113728 0.669917 0.186115 0.663833 0.183598 0.857375 0.843998 0.859049 0.827032 0.862289 0.827032 0.686226 0.225453 0.683706 0.231531 0.668657 0.2234939 0.949068 0.648379 0.950739 0.631414 0.953978 0.631414 0.650789 0.249108 0.652462 0.232142 0.655702 0.232143 0.237913 0.844654 0.231328 0.844654 0.233002 0.827686 0.644331 0.183598 0.649285 0.1999109 0.646291 0.20115 0.921178 0.177784 0.914594 0.177784 0.916269 0.1608189 0.921178 0.06673997 0.914594 0.06673997 0.916264 0.049775 0.644331 0.247825 0.638247 0.245308 0.646292 0.2302719 0.650789 0.182314 0.657374 0.182314 0.655702 0.19928 0.921179 0.288828 0.914594 0.288828 0.916268 0.271863 0.479788 0.86904 0.481458 0.852074 0.484698 0.852074 0.632772 0.241653 0.628116 0.237001 0.641307 0.226185 0.669917 0.186115 0.661873 0.20115 0.65888 0.1999109 0.673404 0.955043 0.666819 0.955043 0.668493 0.938079 0.85379 0.648383 0.855461 0.631416 0.858701 0.631416 0.624458 0.231531 0.621937 0.225453 0.638267 0.220504 0.680048 0.194422 0.666857 0.205237 0.664566 0.202948 0.768682 0.955043 0.762097 0.955043 0.763771 0.938079 0.326606 0.844654 0.328277 0.827686 0.331516 0.827686 0.620653 0.212422 0.637635 0.214093 0.637635 0.21733 0.686226 0.20597 0.669897 0.210918 0.668657 0.207928 0.231328 0.955696 0.233 0.938732 0.23624 0.938732 0.680048 0.237001 0.675392 0.241653 0.664566 0.228474 0.666819 0.844001 0.668491 0.827033 0.671731 0.827034 0.624458 0.199892 0.639507 0.207928 0.638267 0.210918 0.05093097 0.845025 0.04434698 0.845025 0.04602199 0.828058 0.687511 0.212422 0.687511 0.2190009 0.670529 0.217329 0.857375 0.955043 0.859046 0.938079 0.862286 0.938079 0.669916 0.245307 0.663833 0.247825 0.65888 0.2315109 0.768682 0.844001 0.762097 0.844001 0.763771 0.827034 0.632772 0.18977 0.643598 0.202948 0.641307 0.205237 0.649285 0.2315109 0.646292 0.2302719 0.648885 0.225424 0.652462 0.19928 0.655702 0.19928 0.655163 0.20475 0.919508 0.271863 0.916268 0.271863 0.916809 0.266393 0.484698 0.852074 0.481458 0.852074 0.481996 0.846604 0.643598 0.228474 0.641307 0.226185 0.64556 0.222698 0.661873 0.20115 0.659279 0.205998 0.657282 0.205171 0.671733 0.938079 0.668493 0.938079 0.669034 0.93261 0.855461 0.631416 0.855999 0.625945 0.85816 0.625945 0.639507 0.2234939 0.638267 0.220504 0.643533 0.218908 0.666857 0.205237 0.662604 0.208724 0.661076 0.207197 0.76701 0.938079 0.763771 0.938079 0.76431 0.93261 0.328277 0.827686 0.328815 0.822214 0.330976 0.822214 0.637635 0.214093 0.643111 0.214631 0.643111 0.216791 0.669897 0.210918 0.664632 0.212514 0.663805 0.210519 0.233 0.938732 0.233539 0.933263 0.2357 0.933263 0.666857 0.226185 0.664566 0.228474 0.661076 0.224225 0.668491 0.827033 0.66903 0.821561 0.671191 0.821561 0.639507 0.207928 0.64436 0.210519 0.643533 0.212514 0.04926198 0.828057 0.04602199 0.828058 0.04656296 0.822586 0.670529 0.214093 0.670529 0.217329 0.665053 0.21679 0.859046 0.938079 0.859585 0.93261 0.861746 0.93261 0.661873 0.2302719 0.65888 0.2315109 0.657282 0.2262499 0.767011 0.827033 0.763771 0.827034 0.764311 0.821561 0.643598 0.202948 0.647089 0.207197 0.645561 0.208724 0.859049 0.827032 0.85959 0.821561 0.861751 0.821561 0.669897 0.220504 0.668657 0.2234939 0.663805 0.220903 0.950739 0.631414 0.951277 0.625945 0.953438 0.625945 0.652462 0.232142 0.653002 0.2266719 0.655163 0.2266719 0.236241 0.827686 0.233002 0.827686 0.233542 0.822215 0.649285 0.1999109 0.650882 0.205172 0.648886 0.205998 0.919509 0.1608189 0.916269 0.1608189 0.91681 0.155349 0.919504 0.049775 0.916264 0.049775 0.916802 0.04430395 0.662604 0.222698 0.661076 0.224225 0.659279 0.225424 0.659279 0.225424 0.657282 0.2262499 0.655163 0.2266719 0.655163 0.2266719 0.653002 0.2266719 0.647089 0.224224 0.653002 0.2266719 0.650882 0.2262499 0.647089 0.224224 0.650882 0.2262499 0.648885 0.225424 0.647089 0.224224 0.647089 0.224224 0.64556 0.222698 0.64436 0.220902 0.64436 0.220902 0.643533 0.218908 0.643111 0.216791 0.643111 0.216791 0.643111 0.214631 0.645561 0.208724 0.643111 0.214631 0.643533 0.212514 0.645561 0.208724 0.643533 0.212514 0.64436 0.210519 0.645561 0.208724 0.645561 0.208724 0.647089 0.207197 0.648886 0.205998 0.648886 0.205998 0.650882 0.205172 0.645561 0.208724 0.650882 0.205172 0.653002 0.20475 0.645561 0.208724 0.653002 0.20475 0.655163 0.20475 0.657282 0.205171 0.657282 0.205171 0.659279 0.205998 0.653002 0.20475 0.659279 0.205998 0.661076 0.207197 0.653002 0.20475 0.661076 0.207197 0.662604 0.208724 0.663805 0.210519 0.663805 0.210519 0.664632 0.212514 0.661076 0.207197 0.664632 0.212514 0.665054 0.214632 0.661076 0.207197 0.665054 0.214632 0.665053 0.21679 0.664632 0.218908 0.664632 0.218908 0.663805 0.220903 0.662604 0.222698 0.662604 0.222698 0.659279 0.225424 0.647089 0.224224 0.659279 0.225424 0.655163 0.2266719 0.647089 0.224224 0.647089 0.224224 0.64436 0.220902 0.645561 0.208724 0.64436 0.220902 0.643111 0.216791 0.645561 0.208724 0.665054 0.214632 0.664632 0.218908 0.661076 0.207197 0.664632 0.218908 0.662604 0.222698 0.661076 0.207197 0.645561 0.208724 0.653002 0.20475 0.662604 0.222698 0.653002 0.20475 0.661076 0.207197 0.662604 0.222698</float_array>
          <technique_common>
            <accessor source="#Circle_002_Circle_001-mesh-map-0-array" count="2496" stride="2">
              <param name="S" type="float"/>
              <param name="T" type="float"/>
            </accessor>
          </technique_common>
        </source>
        <vertices id="Circle_002_Circle_001-mesh-vertices">
          <input semantic="POSITION" source="#Circle_002_Circle_001-mesh-positions"/>
        </vertices>
        <triangles material="Ruote-material" count="832">
          <input semantic="VERTEX" source="#Circle_002_Circle_001-mesh-vertices" offset="0"/>
          <input semantic="NORMAL" source="#Circle_002_Circle_001-mesh-normals" offset="1"/>
          <input semantic="TEXCOORD" source="#Circle_002_Circle_001-mesh-map-0" offset="2" set="0"/>
          <p>1 0 0 3 1 1 0 2 2 4 3 3 6 4 4 7 5 5 0 6 6 9 7 7 8 8 8 10 9 9 7 10 10 11 11 11 12 12 12 9 13 13 13 14 14 10 15 15 15 16 16 14 17 17 12 18 18 17 19 19 16 20 20 19 21 21 21 22 22 18 23 23 22 24 24 15 25 25 23 26 26 16 27 27 25 28 28 24 29 29 18 30 30 27 31 31 26 32 32 28 33 33 23 34 34 29 35 35 24 36 36 31 37 37 30 38 38 26 39 39 33 40 40 32 41 41 34 42 42 29 43 43 35 44 44 36 45 45 31 46 46 37 47 47 32 48 48 39 49 49 38 50 50 40 51 51 35 52 52 41 53 53 42 54 54 37 55 55 43 56 56 38 57 57 45 58 58 44 59 59 19 60 60 41 61 61 20 62 62 46 63 63 43 64 64 47 65 65 44 66 66 49 67 67 48 68 68 50 69 69 47 70 70 51 71 71 52 72 72 49 73 73 53 74 74 54 75 75 51 76 76 55 77 77 56 78 78 53 79 79 57 80 80 58 81 81 55 82 82 59 83 83 56 84 84 61 85 85 60 86 86 58 87 87 63 88 88 62 89 89 60 90 90 2 91 91 1 92 92 62 93 93 6 94 94 5 95 95 0 96 96 65 97 97 1 98 98 4 99 99 67 100 100 5 101 101 8 102 102 64 103 103 0 104 104 10 105 105 66 106 106 4 107 107 12 108 108 68 109 109 8 110 110 14 111 111 69 112 112 10 113 113 16 114 114 70 114 115 12 115 116 18 116 117 74 117 118 19 118 119 22 119 120 71 120 121 14 121 122 24 122 123 72 123 124 16 122 125 26 124 126 73 125 127 18 126 128 28 127 129 75 128 130 22 129 131 30 130 132 76 131 133 24 132 134 32 133 135 77 134 136 26 135 137 34 136 138 78 137 139 28 138 140 36 139 141 79 140 142 30 141 143 38 142 144 80 143 145 32 144 146 40 145 147 81 146 148 34 147 149 42 148 150 82 149 151 36 150 152 44 151 153 83 152 154 38 153 155 19 154 156 84 155 157 40 156 158 46 157 159 85 158 160 42 159 161 48 160 162 86 160 163 44 161 164 50 162 165 87 163 166 46 164 167 52 165 168 88 166 169 48 167 170 54 168 171 89 169 172 50 170 173 56 171 174 90 172 175 52 173 176 58 174 177 91 175 178 54 176 179 60 177 180 92 178 181 56 179 182 62 180 183 93 181 184 58 182 185 1 183 186 94 184 187 60 185 188 5 186 189 95 187 190 62 188 191 91 189 192 96 190 193 97 191 194 92 192 195 98 193 196 99 194 197 93 195 198 100 196 199 96 197 200 94 198 201 101 199 202 98 200 203 95 201 204 102 202 205 100 203 206 65 204 207 103 205 208 101 206 209 66 207 210 102 208 211 67 209 212 64 210 213 105 211 214 103 212 215 69 213 216 104 214 217 66 215 218 68 216 219 107 217 220 105 218 221 71 219 222 106 220 223 69 221 224 70 222 225 109 223 226 107 224 227 74 225 228 110 226 229 111 227 230 75 228 231 108 229 232 71 230 233 72 231 234 113 232 235 109 233 236 73 234 237 114 235 238 110 236 239 75 237 240 115 238 241 112 239 242 76 240 243 116 241 244 113 242 245 77 243 246 117 244 247 114 245 248 81 246 249 115 247 250 78 248 251 82 249 252 116 250 253 79 251 254 83 252 255 117 253 256 80 254 257 84 255 258 118 256 259 81 257 260 85 258 261 119 259 262 82 260 263 86 261 264 120 262 265 83 263 266 74 264 267 121 265 268 84 266 269 87 267 270 122 268 271 85 269 272 88 270 273 123 271 274 86 272 275 89 273 276 124 274 277 87 275 278 90 276 279 125 277 280 88 278 281 89 279 282 97 280 283 126 281 284 90 282 285 99 283 286 127 284 287 43 285 288 129 286 289 47 287 290 49 288 291 130 289 292 131 290 293 47 287 294 132 291 295 51 292 296 53 293 297 131 290 298 133 294 299 51 292 300 134 295 301 55 296 302 57 297 303 133 294 304 135 298 305 55 296 306 136 299 307 59 300 308 61 301 309 135 298 310 137 302 311 59 300 312 138 303 313 63 304 314 2 305 315 137 302 316 139 306 317 63 304 318 140 307 319 6 308 320 3 309 321 139 306 322 141 310 323 6 308 324 142 311 325 7 312 326 9 313 327 141 310 328 143 314 329 13 315 330 144 316 331 145 317 332 7 312 333 146 318 334 11 319 335 13 320 336 143 314 337 145 321 338 11 319 339 147 322 340 15 323 341 13 324 342 148 325 343 17 326 344 21 327 345 149 328 346 150 329 347 15 323 348 151 330 349 23 331 350 17 326 351 152 332 352 25 333 353 27 334 354 150 329 355 153 335 356 23 331 357 154 336 358 29 337 359 25 333 360 155 338 361 31 339 362 33 340 363 153 335 364 156 341 365 35 342 366 154 336 367 157 343 368 31 339 369 158 344 370 37 345 371 39 346 372 156 341 373 159 347 374 41 348 375 157 343 376 160 349 377 37 345 378 128 350 379 43 285 380 45 351 381 159 347 382 130 289 383 20 352 384 160 349 385 149 328 386 147 353 387 162 354 388 151 355 389 148 356 390 164 357 391 152 358 392 153 359 393 165 360 394 166 361 395 151 362 396 167 363 397 154 364 398 152 365 399 168 366 400 155 367 401 156 368 402 166 369 403 169 370 404 157 371 405 167 372 406 170 373 407 155 374 408 171 375 409 158 376 410 159 377 411 169 378 412 172 379 413 160 380 414 170 381 415 173 382 416 158 383 417 174 384 418 128 385 419 130 386 420 172 387 421 175 388 422 149 389 423 173 390 424 176 391 425 128 392 426 177 393 427 129 394 428 131 395 429 175 396 430 178 397 431 145 317 432 179 398 433 180 399 434 129 400 435 181 401 436 132 402 437 133 403 438 178 404 439 182 405 440 132 406 441 183 407 442 134 408 443 135 409 444 182 410 445 184 411 446 134 412 447 185 413 448 136 414 449 137 415 450 184 416 451 186 417 452 136 418 453 187 419 454 138 420 455 139 421 456 186 422 457 188 423 458 138 424 459 189 425 460 140 426 461 141 427 462 188 428 463 190 429 464 140 430 465 191 431 466 142 432 467 143 433 468 190 434 469 192 435 470 142 436 471 193 437 472 146 438 473 145 439 474 192 440 475 180 441 476 146 442 477 161 443 478 147 444 479 145 445 480 163 446 481 148 447 482 150 448 483 176 449 484 165 450 485 182 451 486 195 452 487 184 453 488 175 454 489 197 455 490 178 456 491 169 457 492 199 458 493 172 459 494 200 460 495 166 461 496 165 462 497 202 463 498 176 464 499 173 465 500 204 466 501 170 467 502 167 468 503 206 469 504 162 470 505 161 471 506 208 472 507 193 473 508 191 474 509 210 475 510 189 476 511 187 477 512 212 478 513 185 479 514 183 480 515 214 481 516 181 482 517 177 483 518 171 484 519 217 485 520 174 486 521 164 487 522 219 488 523 168 489 524 180 490 525 221 491 526 163 492 527 190 493 528 223 494 529 192 495 530 186 496 531 225 497 532 188 498 533 205 499 534 226 500 535 227 501 536 219 502 537 229 503 538 216 504 539 198 505 540 231 506 541 199 507 542 205 508 543 232 509 544 202 510 545 217 511 546 229 512 547 233 513 548 199 514 549 234 515 550 196 516 551 202 517 552 235 518 553 203 519 554 214 520 555 233 521 556 236 522 557 196 523 558 237 524 559 197 525 560 214 526 561 238 527 562 215 528 563 194 529 564 237 530 565 239 531 566 215 532 567 240 533 568 212 534 569 194 535 570 241 536 571 195 537 572 212 538 573 242 539 574 213 540 575 224 541 576 241 542 577 243 543 578 210 544 579 242 545 580 244 546 581 224 547 582 245 548 583 225 549 584 210 550 585 246 551 586 211 552 587 222 553 588 245 554 589 247 555 590 208 556 591 246 557 592 248 558 593 223 559 594 247 560 595 249 561 596 208 562 597 250 563 598 209 564 599 220 565 600 249 566 601 251 567 602 206 568 603 250 569 604 252 570 605 220 571 606 253 572 607 221 573 608 203 574 609 254 575 610 200 576 611 207 577 612 252 578 613 255 579 614 221 580 615 256 581 616 218 582 617 201 583 618 254 584 619 257 585 620 204 586 621 255 587 622 226 588 623 219 589 624 256 590 625 228 591 626 198 592 627 257 593 628 230 594 629 233 595 630 259 596 631 236 597 632 234 598 633 261 599 634 237 600 635 236 601 636 262 602 637 238 603 638 239 604 639 261 605 640 263 606 641 238 607 642 264 608 643 240 609 644 239 610 645 265 611 646 241 612 647 240 613 648 266 614 649 242 615 650 243 616 651 265 617 652 267 618 653 244 619 654 266 620 655 268 621 656 243 622 657 269 623 658 245 624 659 244 625 660 270 626 661 246 627 662 247 628 663 269 629 664 271 630 665 248 631 666 270 632 667 272 633 668 249 634 669 271 635 670 273 636 671 248 637 672 274 638 673 250 639 674 251 640 675 273 641 676 275 642 677 252 643 678 274 644 679 276 645 680 253 646 681 275 647 682 277 648 683 254 649 684 278 650 685 279 651 686 252 652 687 280 653 688 255 654 689 256 655 690 277 656 691 281 657 692 254 658 693 282 659 694 257 660 695 226 661 696 280 662 697 283 663 698 256 664 699 284 665 700 228 666 701 257 667 702 285 668 703 230 669 704 227 670 705 283 671 706 286 672 707 229 673 708 284 674 709 287 675 710 230 676 711 288 677 712 231 678 713 227 679 714 289 680 715 232 681 716 229 682 717 258 683 718 233 684 719 234 685 720 288 686 721 260 687 722 232 688 723 278 689 724 235 690 725 277 691 726 269 692 727 282 693 728 101 694 729 290 694 730 291 694 731 104 695 732 293 696 733 102 697 734 103 694 735 294 698 736 290 694 737 104 695 738 295 699 739 292 700 740 107 701 741 294 698 742 105 694 743 108 694 744 295 699 745 106 702 746 109 703 747 296 704 748 107 701 749 110 705 750 300 706 751 111 707 752 108 694 753 301 708 754 297 694 755 109 703 756 302 709 757 298 710 758 110 705 759 303 711 760 299 712 761 115 713 762 301 708 763 112 694 764 116 714 765 302 709 766 113 694 767 117 715 768 303 711 769 114 716 770 115 713 771 307 717 772 304 718 773 116 714 774 308 719 775 305 720 776 117 715 777 309 721 778 306 722 779 118 723 780 310 724 781 307 717 782 122 725 783 308 719 784 119 694 785 123 694 786 309 721 787 120 694 788 111 707 789 310 724 790 121 694 791 122 725 792 313 726 793 311 727 794 125 694 795 312 694 796 123 694 797 126 728 798 313 726 799 124 729 800 125 694 801 316 694 802 314 694 803 97 730 804 315 731 805 126 728 806 99 732 807 316 694 808 127 694 809 97 730 810 319 694 811 317 733 812 99 732 813 320 734 814 318 694 815 96 694 816 321 735 817 319 694 818 101 694 819 320 734 820 98 736 821 100 737 822 293 696 823 321 735 824 293 738 825 322 739 826 323 740 827 294 741 828 325 742 829 290 743 830 295 744 831 322 745 832 292 746 833 294 747 834 327 748 835 324 749 836 297 750 837 326 751 838 295 752 839 298 753 840 327 754 841 296 755 842 299 756 843 331 757 844 300 758 845 301 759 846 328 760 847 297 761 848 298 762 849 333 763 850 329 764 851 303 765 852 330 766 853 299 767 854 304 768 855 332 769 856 301 770 857 302 771 858 336 772 859 333 773 860 303 774 861 337 775 862 334 776 863 307 777 864 335 778 865 304 779 866 308 780 867 336 781 868 305 782 869 306 783 870 340 784 871 337 785 872 307 786 873 341 787 874 338 788 875 311 789 876 339 790 877 308 791 878 309 792 879 343 793 880 340 794 881 310 795 882 331 796 883 341 797 884 313 798 885 342 799 886 311 800 887 314 801 888 343 802 889 312 803 890 315 804 891 344 805 892 313 806 893 316 807 894 345 808 895 314 809 896 317 810 897 346 811 898 315 812 899 318 813 900 347 814 901 316 815 902 319 816 903 348 817 904 317 818 905 320 819 906 349 820 907 318 821 908 319 822 909 352 823 910 350 824 911 291 825 912 351 826 913 320 827 914 321 828 915 323 829 916 352 830 917 291 831 918 325 832 919 353 833 920 349 834 921 354 835 922 355 836 923 353 837 924 356 838 925 357 839 926 324 840 927 358 841 928 359 842 929 329 843 930 360 844 931 361 845 932 336 846 933 362 847 934 363 848 935 342 849 936 364 850 937 365 851 938 346 852 939 366 853 940 367 854 941 350 855 942 368 856 943 369 857 944 322 858 945 371 859 946 323 860 947 328 861 948 373 862 949 326 863 950 335 864 951 375 865 952 332 866 953 341 867 954 377 868 955 338 869 956 330 870 957 379 871 958 331 872 959 337 873 960 381 874 961 334 875 962 343 876 963 383 877 964 340 878 965 347 879 966 385 880 967 345 881 968 364 882 969 387 883 970 367 884 971 361 885 972 388 886 973 389 887 974 378 888 975 391 889 976 381 890 977 366 891 978 387 892 979 367 893 980 363 894 981 388 895 982 393 896 983 380 897 984 391 898 985 381 899 986 369 900 987 392 901 988 395 902 989 383 903 990 394 904 991 396 905 992 369 906 993 397 907 994 395 908 995 383 909 996 398 910 997 396 911 998 371 912 999 397 913 1000 399 914 1001 382 915 1002 400 916 1003 385 917 1004 371 918 1005 401 919 1006 399 920 1007 384 921 1008 400 922 1009 385 923 1010 373 924 1011 401 925 1012 403 926 1013 384 927 1014 404 928 1015 355 929 1016 373 930 1017 405 931 1018 403 932 1019 354 933 1020 404 934 1021 355 935 1022 375 936 1023 405 937 1024 407 938 1025 354 939 1026 408 940 1027 357 941 1028 374 942 1029 407 943 1030 375 944 1031 356 945 1032 408 946 1033 357 947 1034 374 948 1035 411 949 1036 377 950 1037 363 951 1038 412 952 1039 393 953 1040 356 954 1041 413 955 1042 359 956 1043 376 957 1044 411 958 1045 377 959 1046 365 960 1047 412 961 1048 415 962 1049 359 963 1050 416 964 1051 413 965 1052 376 966 1053 417 967 1054 379 968 1055 365 969 1056 386 970 1057 415 971 1058 361 972 1059 416 973 1060 389 974 1061 378 975 1062 417 976 1063 379 977 1064 395 978 1065 418 979 1066 419 980 1067 396 981 1068 420 982 1069 421 983 1070 399 984 1071 418 985 1072 422 986 1073 400 987 1074 420 988 1075 423 989 1076 399 990 1077 424 991 1078 422 992 1079 402 993 1080 423 994 1081 400 995 1082 403 996 1083 424 997 1084 426 998 1085 402 999 1086 427 1000 1087 404 1001 1088 403 1002 1089 428 1003 1090 426 1004 1091 406 1005 1092 427 1006 1093 404 1007 1094 407 1008 1095 428 1009 1096 430 1010 1097 406 1011 1098 431 1012 1099 408 1013 1100 409 1014 1101 430 1015 1102 407 1016 1103 410 1017 1104 431 1018 1105 408 1019 1106 409 1020 1107 434 1021 1108 411 1022 1109 393 1023 1110 435 1024 1111 436 1025 1112 410 1026 1113 437 1027 1114 413 1028 1115 414 1029 1116 434 1030 1117 411 1031 1118 415 1032 1119 435 1033 1120 439 1034 1121 413 1035 1122 440 1036 1123 437 1037 1124 414 1038 1125 441 1039 1126 417 1040 1127 415 1041 1128 442 1042 1129 439 1043 1130 389 1044 1131 440 1045 1132 443 1046 1133 390 1047 1134 441 1048 1135 417 1049 1136 386 1050 1137 445 1051 1138 387 1052 1139 389 1053 1140 446 1054 1141 443 1055 1142 390 1056 1143 447 1057 1144 391 1058 1145 392 1059 1146 445 1060 1147 387 1061 1148 393 1062 1149 446 1063 1150 436 1064 1151 394 1065 1152 447 1066 1153 391 1067 1154 395 1068 1155 448 1069 1156 419 1070 1157 396 1071 1158 449 1072 1159 421 1073 1160 436 1074 1161 422 1075 1162 441 1076 1163 1 0 1164 2 1077 1165 3 1 1166 4 3 1167 5 1078 1168 6 4 1169 0 6 1170 3 1079 1171 9 7 1172 10 9 1173 4 1080 1174 7 10 1175 12 12 1176 8 1081 1177 9 13 1178 10 15 1179 11 1082 1180 15 16 1181 12 18 1182 13 1083 1183 17 19 1184 19 21 1185 20 1084 1186 21 22 1187 22 24 1188 14 1085 1189 15 25 1190 16 27 1191 17 1086 1192 25 28 1193 18 30 1194 21 1087 1195 27 31 1196 28 33 1197 22 1088 1198 23 34 1199 24 36 1200 25 1089 1201 31 37 1202 26 39 1203 27 1090 1204 33 40 1205 34 42 1206 28 1091 1207 29 43 1208 36 45 1209 30 1092 1210 31 46 1211 32 48 1212 33 1093 1213 39 49 1214 40 51 1215 34 1094 1216 35 52 1217 42 54 1218 36 1095 1219 37 55 1220 38 57 1221 39 1096 1222 45 58 1223 19 60 1224 40 1097 1225 41 61 1226 46 63 1227 42 1098 1228 43 64 1229 44 66 1230 45 1099 1231 49 67 1232 50 69 1233 46 1100 1234 47 70 1235 52 72 1236 48 1101 1237 49 73 1238 54 75 1239 50 1102 1240 51 76 1241 56 78 1242 52 1103 1243 53 79 1244 58 81 1245 54 1104 1246 55 82 1247 56 84 1248 57 1105 1249 61 85 1250 58 87 1251 59 1106 1252 63 88 1253 60 90 1254 61 1107 1255 2 91 1256 62 93 1257 63 1108 1258 6 94 1259 0 96 1260 64 1109 1261 65 97 1262 4 99 1263 66 1110 1264 67 100 1265 8 102 1266 68 1111 1267 64 103 1268 10 105 1269 69 1112 1270 66 106 1271 12 108 1272 70 1113 1273 68 109 1274 14 111 1275 71 1114 1276 69 112 1277 16 114 1278 72 115 1279 70 114 1280 18 116 1281 73 1115 1282 74 117 1283 22 119 1284 75 1116 1285 71 120 1286 24 122 1287 76 1117 1288 72 123 1289 26 124 1290 77 1118 1291 73 125 1292 28 127 1293 78 1119 1294 75 128 1295 30 130 1296 79 1120 1297 76 131 1298 32 133 1299 80 1121 1300 77 134 1301 34 136 1302 81 1122 1303 78 137 1304 36 139 1305 82 1123 1306 79 140 1307 38 142 1308 83 1124 1309 80 143 1310 40 145 1311 84 1125 1312 81 146 1313 42 148 1314 85 1126 1315 82 149 1316 44 151 1317 86 1127 1318 83 152 1319 19 154 1320 74 1128 1321 84 155 1322 46 157 1323 87 1129 1324 85 158 1325 48 160 1326 88 161 1327 86 160 1328 50 162 1329 89 1130 1330 87 163 1331 52 165 1332 90 1131 1333 88 166 1334 54 168 1335 91 1132 1336 89 169 1337 56 171 1338 92 1133 1339 90 172 1340 58 174 1341 93 1134 1342 91 175 1343 60 177 1344 94 1135 1345 92 178 1346 62 180 1347 95 1136 1348 93 181 1349 1 183 1350 65 1137 1351 94 184 1352 5 186 1353 67 1138 1354 95 187 1355 91 189 1356 93 1139 1357 96 190 1358 92 192 1359 94 1140 1360 98 193 1361 93 195 1362 95 1141 1363 100 196 1364 94 198 1365 65 1142 1366 101 199 1367 95 201 1368 67 1143 1369 102 202 1370 65 204 1371 64 1144 1372 103 205 1373 66 207 1374 104 1145 1375 102 208 1376 64 210 1377 68 1146 1378 105 211 1379 69 213 1380 106 1147 1381 104 214 1382 68 216 1383 70 1148 1384 107 217 1385 71 219 1386 108 1149 1387 106 220 1388 70 222 1389 72 1150 1390 109 223 1391 74 225 1392 73 1151 1393 110 226 1394 75 228 1395 112 1152 1396 108 229 1397 72 231 1398 76 1153 1399 113 232 1400 73 234 1401 77 1154 1402 114 235 1403 75 237 1404 78 1155 1405 115 238 1406 76 240 1407 79 1156 1408 116 241 1409 77 243 1410 80 1157 1411 117 244 1412 81 246 1413 118 1158 1414 115 247 1415 82 249 1416 119 1159 1417 116 250 1418 83 252 1419 120 1160 1420 117 253 1421 84 255 1422 121 1161 1423 118 256 1424 85 258 1425 122 1162 1426 119 259 1427 86 261 1428 123 1163 1429 120 262 1430 74 264 1431 111 1164 1432 121 265 1433 87 267 1434 124 1165 1435 122 268 1436 88 270 1437 125 1166 1438 123 271 1439 89 273 1440 126 1167 1441 124 274 1442 90 276 1443 127 1168 1444 125 277 1445 89 279 1446 91 1169 1447 97 280 1448 90 282 1449 92 1170 1450 99 283 1451 43 285 1452 128 350 1453 129 286 1454 49 288 1455 45 351 1456 130 289 1457 47 287 1458 129 286 1459 132 291 1460 53 293 1461 49 288 1462 131 290 1463 51 292 1464 132 291 1465 134 295 1466 57 297 1467 53 293 1468 133 294 1469 55 296 1470 134 295 1471 136 299 1472 61 301 1473 57 297 1474 135 298 1475 59 300 1476 136 299 1477 138 303 1478 2 305 1479 61 301 1480 137 302 1481 63 304 1482 138 303 1483 140 307 1484 3 309 1485 2 305 1486 139 306 1487 6 308 1488 140 307 1489 142 311 1490 9 313 1491 3 309 1492 141 310 1493 13 315 1494 12 1171 1495 144 316 1496 7 312 1497 142 311 1498 146 318 1499 13 320 1500 9 313 1501 143 314 1502 11 319 1503 146 318 1504 147 322 1505 13 324 1506 145 1172 1507 148 325 1508 21 327 1509 20 352 1510 149 328 1511 15 323 1512 147 322 1513 151 330 1514 17 326 1515 148 325 1516 152 332 1517 27 334 1518 21 327 1519 150 329 1520 23 331 1521 151 330 1522 154 336 1523 25 333 1524 152 332 1525 155 338 1526 33 340 1527 27 334 1528 153 335 1529 35 342 1530 29 337 1531 154 336 1532 31 339 1533 155 338 1534 158 344 1535 39 346 1536 33 340 1537 156 341 1538 41 348 1539 35 342 1540 157 343 1541 37 345 1542 158 344 1543 128 350 1544 45 351 1545 39 346 1546 159 347 1547 20 352 1548 41 348 1549 160 349 1550 147 353 1551 161 1173 1552 162 354 1553 148 356 1554 163 1174 1555 164 357 1556 153 359 1557 150 1175 1558 165 360 1559 151 362 1560 162 1176 1561 167 363 1562 152 365 1563 164 1177 1564 168 366 1565 156 368 1566 153 1178 1567 166 369 1568 157 371 1569 154 1179 1570 167 372 1571 155 374 1572 168 1180 1573 171 375 1574 159 377 1575 156 1181 1576 169 378 1577 160 380 1578 157 1182 1579 170 381 1580 158 383 1581 171 1183 1582 174 384 1583 130 386 1584 159 1184 1585 172 387 1586 149 389 1587 160 1185 1588 173 390 1589 128 392 1590 174 1186 1591 177 393 1592 131 395 1593 130 1187 1594 175 396 1595 145 317 1596 144 316 1597 179 398 1598 129 400 1599 177 1188 1600 181 401 1601 133 403 1602 131 1189 1603 178 404 1604 132 406 1605 181 1190 1606 183 407 1607 135 409 1608 133 1191 1609 182 410 1610 134 412 1611 183 1192 1612 185 413 1613 137 415 1614 135 1193 1615 184 416 1616 136 418 1617 185 1194 1618 187 419 1619 139 421 1620 137 1195 1621 186 422 1622 138 424 1623 187 1196 1624 189 425 1625 141 427 1626 139 1197 1627 188 428 1628 140 430 1629 189 1198 1630 191 431 1631 143 433 1632 141 1199 1633 190 434 1634 142 436 1635 191 1200 1636 193 437 1637 145 439 1638 143 1201 1639 192 440 1640 146 442 1641 193 1202 1642 161 443 1643 145 445 1644 180 1203 1645 163 446 1646 150 448 1647 149 1204 1648 176 449 1649 182 451 1650 194 1205 1651 195 452 1652 175 454 1653 196 1206 1654 197 455 1655 169 457 1656 198 1207 1657 199 458 1658 200 460 1659 201 1208 1660 166 461 1661 202 463 1662 203 1209 1663 176 464 1664 204 466 1665 205 1210 1666 170 467 1667 206 469 1668 207 1211 1669 162 470 1670 208 472 1671 209 1212 1672 193 473 1673 210 475 1674 211 1213 1675 189 476 1676 212 478 1677 213 1214 1678 185 479 1679 214 481 1680 215 1215 1681 181 482 1682 171 484 1683 216 1216 1684 217 485 1685 164 487 1686 218 1217 1687 219 488 1688 180 490 1689 220 1218 1690 221 491 1691 190 493 1692 222 1219 1693 223 494 1694 186 496 1695 224 1220 1696 225 497 1697 205 499 1698 204 1221 1699 226 500 1700 219 502 1701 228 1222 1702 229 503 1703 198 505 1704 230 1223 1705 231 506 1706 205 508 1707 227 1224 1708 232 509 1709 217 511 1710 216 1225 1711 229 512 1712 199 514 1713 231 1226 1714 234 515 1715 202 517 1716 232 1227 1717 235 518 1718 214 520 1719 217 1228 1720 233 521 1721 196 523 1722 234 1229 1723 237 524 1724 214 526 1725 236 1230 1726 238 527 1727 194 529 1728 197 1231 1729 237 530 1730 215 532 1731 238 1232 1732 240 533 1733 194 535 1734 239 1233 1735 241 536 1736 212 538 1737 240 1234 1738 242 539 1739 224 541 1740 195 1235 1741 241 542 1742 210 544 1743 213 1236 1744 242 545 1745 224 547 1746 243 1237 1747 245 548 1748 210 550 1749 244 1238 1750 246 551 1751 222 553 1752 225 1239 1753 245 554 1754 208 556 1755 211 1240 1756 246 557 1757 223 559 1758 222 1241 1759 247 560 1760 208 562 1761 248 1242 1762 250 563 1763 220 565 1764 223 1243 1765 249 566 1766 206 568 1767 209 1244 1768 250 569 1769 220 571 1770 251 1245 1771 253 572 1772 203 574 1773 235 1246 1774 254 575 1775 207 577 1776 206 1247 1777 252 578 1778 221 580 1779 253 1248 1780 256 581 1781 201 583 1782 200 1249 1783 254 584 1784 204 586 1785 207 1250 1786 255 587 1787 219 589 1788 218 1251 1789 256 590 1790 198 592 1791 201 1252 1792 257 593 1793 233 595 1794 258 1253 1795 259 596 1796 234 598 1797 260 1254 1798 261 599 1799 236 601 1800 259 1255 1801 262 602 1802 239 604 1803 237 1256 1804 261 605 1805 238 607 1806 262 1257 1807 264 608 1808 239 610 1809 263 1258 1810 265 611 1811 240 613 1812 264 1259 1813 266 614 1814 243 616 1815 241 1260 1816 265 617 1817 244 619 1818 242 1261 1819 266 620 1820 243 622 1821 267 1262 1822 269 623 1823 244 625 1824 268 1263 1825 270 626 1826 247 628 1827 245 1264 1828 269 629 1829 248 631 1830 246 1265 1831 270 632 1832 249 634 1833 247 1266 1834 271 635 1835 248 637 1836 272 1267 1837 274 638 1838 251 640 1839 249 1268 1840 273 641 1841 252 643 1842 250 1269 1843 274 644 1844 253 646 1845 251 1270 1846 275 647 1847 254 649 1848 235 1271 1849 278 650 1850 252 652 1851 276 1272 1852 280 653 1853 256 655 1854 253 1273 1855 277 656 1856 254 658 1857 279 1274 1858 282 659 1859 226 661 1860 255 1275 1861 280 662 1862 256 664 1863 281 1276 1864 284 665 1865 257 667 1866 282 1277 1867 285 668 1868 227 670 1869 226 1278 1870 283 671 1871 229 673 1872 228 1279 1873 284 674 1874 230 676 1875 285 1280 1876 288 677 1877 227 679 1878 286 1281 1879 289 680 1880 229 682 1881 287 1282 1882 258 683 1883 234 685 1884 231 1283 1885 288 686 1886 232 688 1887 289 1284 1888 278 689 1889 282 693 1890 279 1285 1891 278 1286 1892 278 1286 1893 289 1287 1894 282 693 1895 289 1287 1896 286 1288 1897 282 693 1898 286 1288 1899 283 1287 1900 280 1287 1901 280 1287 1902 276 1287 1903 286 1288 1904 276 1287 1905 274 1289 1906 286 1288 1907 274 1289 1908 272 1290 1909 270 1291 1910 270 1291 1911 268 1292 1912 266 1293 1913 266 1293 1914 264 1294 1915 258 1295 1916 264 1294 1917 262 1296 1918 258 1295 1919 262 1296 1920 259 1297 1921 258 1295 1922 258 1295 1923 287 1287 1924 284 1287 1925 284 1287 1926 281 1287 1927 277 691 1928 277 691 1929 275 1287 1930 273 1287 1931 273 1287 1932 271 1287 1933 277 691 1934 271 1287 1935 269 692 1936 277 691 1937 269 692 1938 267 1298 1939 265 1299 1940 265 1299 1941 263 1300 1942 261 1301 1943 261 1301 1944 260 1302 1945 282 693 1946 260 1302 1947 288 1303 1948 282 693 1949 288 1303 1950 285 1304 1951 282 693 1952 274 1289 1953 270 1291 1954 258 1295 1955 270 1291 1956 266 1293 1957 258 1295 1958 258 1295 1959 284 1287 1960 277 691 1961 269 692 1962 265 1299 1963 282 693 1964 265 1299 1965 261 1301 1966 282 693 1967 282 693 1968 286 1288 1969 258 1295 1970 286 1288 1971 274 1289 1972 258 1295 1973 258 1295 1974 277 691 1975 282 693 1976 101 694 1977 103 694 1978 290 694 1979 104 695 1980 292 700 1981 293 696 1982 103 694 1983 105 694 1984 294 698 1985 104 695 1986 106 702 1987 295 699 1988 107 701 1989 296 704 1990 294 698 1991 108 694 1992 297 694 1993 295 699 1994 109 703 1995 298 710 1996 296 704 1997 110 705 1998 299 712 1999 300 706 2000 108 694 2001 112 694 2002 301 708 2003 109 703 2004 113 694 2005 302 709 2006 110 705 2007 114 716 2008 303 711 2009 115 713 2010 304 718 2011 301 708 2012 116 714 2013 305 720 2014 302 709 2015 117 715 2016 306 722 2017 303 711 2018 115 713 2019 118 723 2020 307 717 2021 116 714 2022 119 694 2023 308 719 2024 117 715 2025 120 694 2026 309 721 2027 118 723 2028 121 694 2029 310 724 2030 122 725 2031 311 727 2032 308 719 2033 123 694 2034 312 694 2035 309 721 2036 111 707 2037 300 706 2038 310 724 2039 122 725 2040 124 729 2041 313 726 2042 125 694 2043 314 694 2044 312 694 2045 126 728 2046 315 731 2047 313 726 2048 125 694 2049 127 694 2050 316 694 2051 97 730 2052 317 733 2053 315 731 2054 99 732 2055 318 694 2056 316 694 2057 97 730 2058 96 694 2059 319 694 2060 99 732 2061 98 736 2062 320 734 2063 96 694 2064 100 737 2065 321 735 2066 101 694 2067 291 694 2068 320 734 2069 100 737 2070 102 697 2071 293 696 2072 293 738 2073 292 1305 2074 322 739 2075 294 741 2076 324 1306 2077 325 742 2078 295 744 2079 326 1307 2080 322 745 2081 294 747 2082 296 1308 2083 327 748 2084 297 750 2085 328 1309 2086 326 751 2087 298 753 2088 329 1310 2089 327 754 2090 299 756 2091 330 1311 2092 331 757 2093 301 759 2094 332 1312 2095 328 760 2096 298 762 2097 302 1313 2098 333 763 2099 303 765 2100 334 1314 2101 330 766 2102 304 768 2103 335 1315 2104 332 769 2105 302 771 2106 305 1316 2107 336 772 2108 303 774 2109 306 1317 2110 337 775 2111 307 777 2112 338 1318 2113 335 778 2114 308 780 2115 339 1319 2116 336 781 2117 306 783 2118 309 1320 2119 340 784 2120 307 786 2121 310 1321 2122 341 787 2123 311 789 2124 342 1322 2125 339 790 2126 309 792 2127 312 1323 2128 343 793 2129 310 795 2130 300 1324 2131 331 796 2132 313 798 2133 344 1325 2134 342 799 2135 314 801 2136 345 1326 2137 343 802 2138 315 804 2139 346 1327 2140 344 805 2141 316 807 2142 347 1328 2143 345 808 2144 317 810 2145 348 1329 2146 346 811 2147 318 813 2148 349 1330 2149 347 814 2150 319 816 2151 350 1331 2152 348 817 2153 320 819 2154 351 1332 2155 349 820 2156 319 822 2157 321 1333 2158 352 823 2159 291 825 2160 353 1334 2161 351 826 2162 321 828 2163 293 1335 2164 323 829 2165 291 831 2166 290 1336 2167 325 832 2168 349 834 2169 351 1337 2170 354 835 2171 353 837 2172 325 1338 2173 356 838 2174 324 840 2175 327 1339 2176 358 841 2177 329 843 2178 333 1340 2179 360 844 2180 336 846 2181 339 1341 2182 362 847 2183 342 849 2184 344 1342 2185 364 850 2186 346 852 2187 348 1343 2188 366 853 2189 350 855 2190 352 1344 2191 368 856 2192 322 858 2193 370 1345 2194 371 859 2195 328 861 2196 372 1346 2197 373 862 2198 335 864 2199 374 1347 2200 375 865 2201 341 867 2202 376 1348 2203 377 868 2204 330 870 2205 378 1349 2206 379 871 2207 337 873 2208 380 1350 2209 381 874 2210 343 876 2211 382 1351 2212 383 877 2213 347 879 2214 384 1352 2215 385 880 2216 364 882 2217 386 1353 2218 387 883 2219 361 885 2220 360 1354 2221 388 886 2222 378 888 2223 390 1355 2224 391 889 2225 366 891 2226 392 1356 2227 387 892 2228 363 894 2229 360 1357 2230 388 895 2231 380 897 2232 394 1358 2233 391 898 2234 369 900 2235 366 1359 2236 392 901 2237 383 903 2238 380 1360 2239 394 904 2240 369 906 2241 368 1361 2242 397 907 2243 383 909 2244 382 1362 2245 398 910 2246 371 912 2247 368 1363 2248 397 913 2249 382 915 2250 398 1364 2251 400 916 2252 371 918 2253 370 1365 2254 401 919 2255 384 921 2256 402 1366 2257 400 922 2258 373 924 2259 370 1367 2260 401 925 2261 384 927 2262 402 1368 2263 404 928 2264 373 930 2265 372 1369 2266 405 931 2267 354 933 2268 406 1370 2269 404 934 2270 375 936 2271 372 1371 2272 405 937 2273 354 939 2274 406 1372 2275 408 940 2276 374 942 2277 409 1373 2278 407 943 2279 356 945 2280 410 1374 2281 408 946 2282 374 948 2283 409 1375 2284 411 949 2285 363 951 2286 362 1376 2287 412 952 2288 356 954 2289 410 1377 2290 413 955 2291 376 957 2292 414 1378 2293 411 958 2294 365 960 2295 362 1379 2296 412 961 2297 359 963 2298 358 1380 2299 416 964 2300 376 966 2301 414 1381 2302 417 967 2303 365 969 2304 364 1382 2305 386 970 2306 361 972 2307 358 1383 2308 416 973 2309 378 975 2310 390 1384 2311 417 976 2312 395 978 2313 397 1385 2314 418 979 2315 396 981 2316 398 1386 2317 420 982 2318 399 984 2319 397 1387 2320 418 985 2321 400 987 2322 398 1388 2323 420 988 2324 399 990 2325 401 1389 2326 424 991 2327 402 993 2328 425 1390 2329 423 994 2330 403 996 2331 401 1391 2332 424 997 2333 402 999 2334 425 1392 2335 427 1000 2336 403 1002 2337 405 1393 2338 428 1003 2339 406 1005 2340 429 1394 2341 427 1006 2342 407 1008 2343 405 1395 2344 428 1009 2345 406 1011 2346 429 1396 2347 431 1012 2348 409 1014 2349 432 1397 2350 430 1015 2351 410 1017 2352 433 1398 2353 431 1018 2354 409 1020 2355 432 1399 2356 434 1021 2357 393 1023 2358 412 1400 2359 435 1024 2360 410 1026 2361 433 1401 2362 437 1027 2363 414 1029 2364 438 1402 2365 434 1030 2366 415 1032 2367 412 1403 2368 435 1033 2369 413 1035 2370 416 1404 2371 440 1036 2372 414 1038 2373 438 1405 2374 441 1039 2375 415 1041 2376 386 1406 2377 442 1042 2378 389 1044 2379 416 1407 2380 440 1045 2381 390 1047 2382 444 1408 2383 441 1048 2384 386 1050 2385 442 1409 2386 445 1051 2387 389 1053 2388 388 1410 2389 446 1054 2390 390 1056 2391 444 1411 2392 447 1057 2393 392 1059 2394 448 1412 2395 445 1060 2396 393 1062 2397 388 1413 2398 446 1063 2399 394 1065 2400 449 1414 2401 447 1066 2402 395 1068 2403 392 1415 2404 448 1069 2405 396 1071 2406 394 1416 2407 449 1072 2408 436 1074 2409 435 694 2410 439 1417 2411 439 1417 2412 442 1418 2413 445 1419 2414 445 1419 2415 448 1420 2416 422 1075 2417 448 1420 2418 419 694 2419 422 1075 2420 419 694 2421 418 694 2422 422 1075 2423 422 1075 2424 424 694 2425 426 694 2426 426 694 2427 428 694 2428 430 694 2429 430 694 2430 432 694 2431 441 1076 2432 432 694 2433 434 1421 2434 441 1076 2435 434 1421 2436 438 1422 2437 441 1076 2438 441 1076 2439 444 694 2440 447 694 2441 447 694 2442 449 694 2443 441 1076 2444 449 694 2445 421 1423 2446 441 1076 2447 421 1423 2448 420 694 2449 423 694 2450 423 694 2451 425 694 2452 421 1423 2453 425 694 2454 427 1424 2455 421 1423 2456 427 1424 2457 429 694 2458 431 694 2459 431 694 2460 433 694 2461 427 1424 2462 433 694 2463 437 1425 2464 427 1424 2465 437 1425 2466 440 1426 2467 443 1427 2468 443 1427 2469 446 1428 2470 436 1074 2471 436 1074 2472 439 1417 2473 422 1075 2474 439 1417 2475 445 1419 2476 422 1075 2477 422 1075 2478 426 694 2479 441 1076 2480 426 694 2481 430 694 2482 441 1076 2483 437 1425 2484 443 1427 2485 427 1424 2486 443 1427 2487 436 1074 2488 427 1424 2489 441 1076 2490 421 1423 2491 436 1074 2492 421 1423 2493 427 1424 2494 436 1074 2495</p>
        </triangles>
      </mesh>
    </geometry>
    <geometry id="Circle_001_Circle_000-mesh" name="Circle.001_Circle.000">
      <mesh>
        <source id="Circle_001_Circle_000-mesh-positions">
          <float_array id="Circle_001_Circle_000-mesh-positions-array" count="1350">0.986926 0.689147 -1.347998 0.986926 0.72306 -1.411445 1.010399 0.710654 -1.416584 1.010399 0.677981 -1.355458 0.986926 0.02406996 -1.623482 0.986926 0.01701897 -1.551886 1.010399 0.030447 -1.551886 1.010399 0.03723996 -1.620862 0.986926 0.643507 -1.292385 1.010399 0.634012 -1.301881 0.986926 0.044954 -1.692326 1.010399 0.05735999 -1.687187 0.986926 0.587895 -1.246746 1.010399 0.580434 -1.257911 0.986926 0.07886695 -1.755774 1.010399 0.09003299 -1.748313 0.986926 0.524447 -1.212832 1.010399 0.519308 -1.225238 0.986926 0.455603 -1.911822 0.986926 0.384007 -1.918874 1.010399 0.384007 -1.905445 1.010399 0.452983 -1.898652 0.986926 0.124507 -1.811386 1.010399 0.134002 -1.80189 0.986926 0.455603 -1.191949 1.010399 0.452983 -1.205119 0.986926 0.524447 -1.890938 1.010399 0.519309 -1.878532 0.986926 0.18012 -1.857025 1.010399 0.18758 -1.84586 0.986926 0.384007 -1.184897 1.010399 0.384007 -1.198325 0.986926 0.587895 -1.857025 1.010399 0.580434 -1.84586 0.986926 0.243567 -1.890939 1.010399 0.248706 -1.878533 0.986926 0.312411 -1.191949 1.010399 0.315031 -1.205119 0.986926 0.643507 -1.811385 1.010399 0.634012 -1.80189 0.986926 0.312412 -1.911822 1.010399 0.315031 -1.898652 0.986926 0.243566 -1.212832 1.010399 0.248705 -1.225238 0.986926 0.689147 -1.755773 1.010399 0.677981 -1.748313 0.986926 0.180119 -1.246746 1.010399 0.187579 -1.257911 0.986926 0.72306 -1.692326 1.010399 0.710654 -1.687187 0.986926 0.124507 -1.292386 1.010399 0.134002 -1.301881 0.986926 0.743944 -1.623481 1.010399 0.730773 -1.620862 0.986926 0.07886695 -1.347998 1.010399 0.09003198 -1.355458 0.986926 0.750995 -1.551885 1.010399 0.737567 -1.551885 0.986926 0.044954 -1.411445 1.010399 0.05735999 -1.416584 0.986926 0.743944 -1.48029 1.010399 0.730774 -1.482909 0.986926 0.02406996 -1.48029 1.010399 0.03723996 -1.48291 0.835219 0.689147 -1.347998 0.835219 0.72306 -1.411445 0.835219 0.02406996 -1.623482 0.835219 0.01701897 -1.551886 0.835219 0.643507 -1.292385 0.835219 0.044954 -1.692326 0.835219 0.587895 -1.246746 0.835219 0.07886797 -1.755774 0.835219 0.524447 -1.212832 0.835219 0.455603 -1.911822 0.835219 0.384007 -1.918874 0.835219 0.124507 -1.811386 0.835219 0.455603 -1.191949 0.835219 0.524447 -1.890938 0.835219 0.18012 -1.857025 0.835219 0.384007 -1.184897 0.835219 0.587895 -1.857025 0.835219 0.243567 -1.890939 0.835219 0.312411 -1.191949 0.835219 0.643507 -1.811385 0.835219 0.312412 -1.911822 0.835219 0.243566 -1.212832 0.835219 0.689147 -1.755773 0.835219 0.180119 -1.246746 0.835219 0.72306 -1.692326 0.835219 0.124507 -1.292386 0.835219 0.743944 -1.623481 0.835219 0.07886695 -1.347998 0.835219 0.750995 -1.551885 0.835219 0.044954 -1.411445 0.835219 0.743944 -1.48029 0.835219 0.02406996 -1.48029 0.811138 0.05795896 -1.416832 0.811138 0.09057199 -1.355819 0.811138 0.730137 -1.483036 0.811138 0.736918 -1.551885 0.811138 0.03787696 -1.483036 0.811138 0.710055 -1.416832 0.811138 0.03109598 -1.551886 0.811138 0.677442 -1.355818 0.811138 0.03787696 -1.620735 0.811138 0.633553 -1.302339 0.811138 0.05795997 -1.686939 0.811138 0.580074 -1.25845 0.811138 0.09057199 -1.747953 0.811138 0.51906 -1.225838 0.811138 0.452857 -1.898016 0.811138 0.384007 -1.904797 0.811138 0.134461 -1.801432 0.811138 0.452856 -1.205755 0.811138 0.51906 -1.877933 0.811138 0.18794 -1.845321 0.811138 0.384007 -1.198974 0.811138 0.580074 -1.84532 0.811138 0.2489539 -1.877933 0.811138 0.315157 -1.205755 0.811138 0.633553 -1.801431 0.811138 0.315158 -1.898016 0.811138 0.248953 -1.225838 0.811138 0.677442 -1.747952 0.811138 0.18794 -1.258451 0.811138 0.710055 -1.686939 0.811138 0.134461 -1.30234 0.811138 0.730137 -1.620735 1.015126 0.287858 -1.313075 1.015126 0.2436479 -1.336706 1.015126 0.598337 -1.691395 1.015126 0.621968 -1.647185 1.015126 0.2048979 -1.368508 1.015126 0.63652 -1.599214 1.015126 0.173096 -1.407258 1.015126 0.641433 -1.549327 1.015126 0.149465 -1.451468 1.015126 0.63652 -1.499439 1.015126 0.134914 -1.499439 1.015126 0.621968 -1.451468 1.015126 0.1299999 -1.549327 1.015126 0.598337 -1.407258 1.015126 0.134914 -1.599215 1.015126 0.566536 -1.368508 0.99815 0.533181 -1.328631 1.015126 0.527785 -1.336706 1.015126 0.149466 -1.647185 1.015126 0.173096 -1.691395 1.015126 0.483575 -1.313075 1.015126 0.385717 -1.805043 1.015126 0.435605 -1.80013 1.015126 0.2048979 -1.730146 1.015126 0.435605 -1.298523 1.015126 0.483575 -1.785578 1.015126 0.2436479 -1.761947 1.015126 0.385717 -1.29361 1.015126 0.527785 -1.761947 1.015126 0.287859 -1.785578 1.015126 0.335829 -1.298523 1.015126 0.566536 -1.730145 1.015126 0.335829 -1.80013 1.010072 0.181946 -1.685331 1.010072 0.212451 -1.722502 1.010072 0.479768 -1.322433 1.010072 0.433753 -1.308475 1.010072 0.433753 -1.789633 1.010072 0.479768 -1.775674 1.010072 0.249622 -1.753007 1.010072 0.385899 -1.303762 1.010072 0.522176 -1.753007 1.010072 0.29203 -1.775674 1.010072 0.338045 -1.308475 1.010072 0.559347 -1.722502 1.010072 0.338045 -1.789633 1.010072 0.29203 -1.322434 1.010072 0.589852 -1.685331 1.010072 0.385899 -1.794346 1.010072 0.249622 -1.345101 1.010072 0.612519 -1.642923 0.993788 0.527352 -1.337355 1.010072 0.522176 -1.345101 1.010072 0.212451 -1.375606 1.010072 0.626478 -1.596908 1.010072 0.181946 -1.412777 1.010072 0.631191 -1.549054 1.010072 0.159278 -1.455185 1.010072 0.626478 -1.5012 1.010072 0.1453199 -1.5012 1.010072 0.612519 -1.455185 1.010072 0.1406069 -1.549054 1.010072 0.589852 -1.412777 1.010072 0.1453199 -1.596908 1.010072 0.559347 -1.375606 1.010072 0.159279 -1.642923 0.993776 0.455467 -1.565567 0.993776 0.456783 -1.552205 0.993776 0.445239 -1.590258 0.993776 0.451569 -1.578416 0.993776 0.426342 -1.609156 0.993776 0.436721 -1.600638 0.993776 0.401651 -1.619383 0.993776 0.4145 -1.615485 0.993776 0.374926 -1.619383 0.993776 0.388288 -1.620699 0.993776 0.350235 -1.609156 0.993776 0.362077 -1.615485 0.993776 0.331337 -1.590258 0.993776 0.339855 -1.600638 0.993776 0.32111 -1.565567 0.993776 0.325008 -1.578417 0.993776 0.32111 -1.538842 0.993776 0.319794 -1.552205 0.993776 0.331337 -1.514151 0.993776 0.325008 -1.525993 0.993776 0.350235 -1.495254 0.993776 0.339855 -1.503772 0.993776 0.374926 -1.485026 0.993776 0.362077 -1.488924 0.993776 0.401651 -1.485026 0.993776 0.388288 -1.48371 0.993776 0.426342 -1.495254 0.993776 0.4145 -1.488924 0.993776 0.445239 -1.514151 0.993776 0.436721 -1.503772 0.993776 0.455467 -1.538842 0.993776 0.451569 -1.525993 1.001257 0.36976 -1.579934 1.001257 0.375526 -1.583016 1.001257 0.388288 -1.518855 1.001257 0.381782 -1.519495 1.001257 0.406817 -1.579934 1.001257 0.41187 -1.575787 1.001257 0.381782 -1.584914 1.001257 0.375526 -1.521393 1.001257 0.416018 -1.570733 1.001257 0.388288 -1.585555 1.001257 0.36976 -1.524475 1.001257 0.4191 -1.564967 1.001257 0.364706 -1.528623 1.001257 0.420998 -1.558711 1.001257 0.360559 -1.533677 1.001257 0.421638 -1.552205 1.001257 0.357477 -1.539442 1.001257 0.420998 -1.545699 1.001257 0.355579 -1.545699 1.001257 0.4191 -1.539442 1.001257 0.354938 -1.552205 1.001257 0.416018 -1.533676 1.001257 0.355579 -1.558711 1.001257 0.41187 -1.528623 1.001257 0.357477 -1.564967 1.001257 0.406817 -1.524475 1.001257 0.360559 -1.570733 1.001257 0.401051 -1.521393 1.001257 0.394795 -1.584914 1.001257 0.364706 -1.575787 1.001257 0.394795 -1.519495 1.001257 0.401051 -1.583016 1.004208 0.379506 -1.531003 1.004208 0.375539 -1.533124 1.004208 0.407369 -1.564955 1.004208 0.40949 -1.560987 1.004208 0.372061 -1.535978 1.004208 0.410796 -1.556682 1.004208 0.369207 -1.539455 1.004208 0.411237 -1.552205 1.004208 0.367086 -1.543423 1.004208 0.410796 -1.547728 1.004208 0.36578 -1.547728 1.004208 0.40949 -1.543423 1.004208 0.365339 -1.552205 1.004208 0.407369 -1.539455 1.004208 0.36578 -1.556682 1.004208 0.404516 -1.535978 1.004208 0.367086 -1.560987 1.004208 0.401038 -1.533124 1.004208 0.369207 -1.564955 1.004208 0.39707 -1.531003 1.004208 0.388288 -1.575154 1.004208 0.392765 -1.574713 1.004208 0.372061 -1.568432 1.004208 0.392765 -1.529697 1.004208 0.39707 -1.573407 1.004208 0.375539 -1.571286 1.004208 0.388288 -1.529256 1.004208 0.401038 -1.571286 1.004208 0.379506 -1.573407 1.004208 0.383811 -1.529697 1.004208 0.404516 -1.568432 1.004208 0.383811 -1.574713 0.811138 0.591209 -1.413437 0.811138 0.614237 -1.456521 0.811138 0.139596 -1.600502 0.811138 0.134807 -1.551886 0.811138 0.560218 -1.375675 0.811138 0.153776 -1.64725 0.811138 0.522455 -1.344683 0.811138 0.176805 -1.690334 0.811138 0.479371 -1.321655 0.811138 0.432623 -1.796297 0.811138 0.384007 -1.801085 0.811138 0.207796 -1.728096 0.811138 0.432623 -1.307474 0.811138 0.479372 -1.782116 0.811138 0.245559 -1.759088 0.811138 0.384007 -1.302686 0.811138 0.522455 -1.759087 0.811138 0.288643 -1.782116 0.811138 0.33539 -1.307474 0.811138 0.560218 -1.728096 0.811138 0.335391 -1.796297 0.811138 0.288642 -1.321655 0.811138 0.591209 -1.690333 0.811138 0.245559 -1.344683 0.811138 0.614237 -1.64725 0.811138 0.207796 -1.375675 0.811138 0.628418 -1.600502 0.811138 0.176805 -1.413438 0.811138 0.633207 -1.551885 0.811138 0.153776 -1.456521 0.811138 0.628418 -1.503269 0.811138 0.139595 -1.503269 0.814879 0.15026 -1.598381 0.814879 0.14568 -1.551886 0.814879 0.552529 -1.383363 0.814879 0.582168 -1.419478 0.814879 0.1638219 -1.643089 0.814879 0.516414 -1.353724 0.814879 0.185846 -1.684293 0.814879 0.475211 -1.3317 0.814879 0.430502 -1.785633 0.814879 0.384007 -1.790212 0.814879 0.215485 -1.720408 0.814879 0.430502 -1.318138 0.814879 0.475211 -1.772071 0.814879 0.2516 -1.750047 0.814879 0.384007 -1.313559 0.814879 0.516414 -1.750047 0.814879 0.292804 -1.772071 0.814879 0.337512 -1.318138 0.814879 0.552529 -1.720408 0.814879 0.337512 -1.785633 0.814879 0.292803 -1.3317 0.814879 0.582168 -1.684293 0.814879 0.2516 -1.353724 0.814879 0.604192 -1.643089 0.814879 0.215484 -1.383363 0.814879 0.617754 -1.598381 0.814879 0.185845 -1.419478 0.814879 0.622334 -1.551885 0.814879 0.1638219 -1.460682 0.814879 0.617754 -1.50539 0.814879 0.15026 -1.50539 0.814879 0.604192 -1.460682 0.827606 0.454794 -1.538556 0.827606 0.456104 -1.551856 0.827606 0.444615 -1.513982 0.827606 0.450915 -1.525768 0.827606 0.425807 -1.495174 0.827606 0.436137 -1.503651 0.827606 0.401233 -1.484995 0.827606 0.414021 -1.488874 0.827606 0.374633 -1.484995 0.827606 0.387933 -1.483685 0.827606 0.350059 -1.495174 0.827606 0.361845 -1.488874 0.827606 0.331251 -1.513982 0.827606 0.339729 -1.503652 0.827606 0.321072 -1.538556 0.827606 0.324951 -1.525768 0.827606 0.321072 -1.565156 0.827606 0.319762 -1.551856 0.827606 0.331251 -1.58973 0.827606 0.324951 -1.577944 0.827606 0.350059 -1.608538 0.827606 0.339729 -1.60006 0.827606 0.374633 -1.618717 0.827606 0.361845 -1.614838 0.827606 0.401233 -1.618717 0.827606 0.387933 -1.620027 0.827606 0.425807 -1.608538 0.827606 0.414021 -1.614838 0.827606 0.444615 -1.58973 0.827606 0.436137 -1.60006 0.827606 0.454794 -1.565156 0.827606 0.450915 -1.577944 0.822476 0.369299 -1.523968 0.822476 0.364217 -1.52814 0.822476 0.394476 -1.51896 0.822476 0.400768 -1.520869 0.822476 0.394476 -1.584752 0.822476 0.400768 -1.582843 0.822476 0.360045 -1.533222 0.822476 0.387933 -1.518316 0.822476 0.406567 -1.579744 0.822476 0.356946 -1.539021 0.822476 0.411649 -1.575572 0.822476 0.355037 -1.545313 0.822476 0.415821 -1.57049 0.822476 0.354393 -1.551856 0.822476 0.41892 -1.564691 0.822476 0.355037 -1.558399 0.822476 0.420829 -1.558399 0.822476 0.356946 -1.564691 0.822476 0.421473 -1.551856 0.822476 0.360045 -1.57049 0.822476 0.420829 -1.545313 0.822476 0.364217 -1.575572 0.822476 0.41892 -1.539021 0.822476 0.369299 -1.579744 0.822476 0.415821 -1.533222 0.822476 0.375098 -1.582843 0.822476 0.38139 -1.51896 0.822476 0.411649 -1.528139 0.822476 0.38139 -1.584752 0.822476 0.375098 -1.520869 0.822476 0.406567 -1.523968 0.822476 0.387933 -1.585396 0.818812 0.36599 -1.547491 0.818812 0.367263 -1.543294 0.818812 0.406536 -1.564286 0.818812 0.403753 -1.567676 0.818812 0.36556 -1.551856 0.818812 0.408603 -1.560418 0.818812 0.36599 -1.556221 0.818812 0.409876 -1.556221 0.818812 0.367263 -1.560418 0.818812 0.410306 -1.551856 0.818812 0.36933 -1.564286 0.818812 0.409876 -1.547491 0.818812 0.372113 -1.567676 0.818812 0.408603 -1.543294 0.818812 0.375503 -1.570459 0.818812 0.406536 -1.539426 0.818812 0.379371 -1.572526 0.818812 0.383568 -1.529913 0.818812 0.387933 -1.529483 0.818812 0.403753 -1.536036 0.818812 0.383568 -1.573799 0.818812 0.379371 -1.531186 0.818812 0.400363 -1.533253 0.818812 0.387933 -1.574229 0.818812 0.375503 -1.533253 0.818812 0.396495 -1.531186 0.818812 0.392298 -1.573799 0.818812 0.372113 -1.536036 0.818812 0.392298 -1.529913 0.818812 0.396495 -1.572526 0.818812 0.36933 -1.539426 0.818812 0.400363 -1.570459</float_array>
          <technique_common>
            <accessor source="#Circle_001_Circle_000-mesh-positions-array" count="450" stride="3">
              <param name="X" type="float"/>
              <param name="Y" type="float"/>
              <param name="Z" type="float"/>
            </accessor>
          </technique_common>
        </source>
        <source id="Circle_001_Circle_000-mesh-normals">
          <float_array id="Circle_001_Circle_000-mesh-normals-array" count="4314">-0.4947656 -0.7664122 -0.4096575 -0.4947619 -0.7664139 -0.4096589 -0.4947674 -0.7664115 -0.409657 -0.4947477 0.8648528 0.08517313 -0.4947485 0.8648524 0.08517354 -0.4947488 0.8648521 0.08517372 -0.4947704 -0.6717673 -0.5512994 -0.4947649 -0.6717687 -0.5513024 -0.4947627 -0.6717694 -0.5513037 -0.4947495 0.8316136 0.2522733 -0.4947539 0.8316117 0.2522712 -0.4947557 0.8316109 0.2522703 -0.4947693 -0.5513005 -0.6717672 -0.4947695 -0.551298 -0.6717692 -0.4947693 -0.5513016 -0.6717664 -0.494764 0.7664133 0.4096576 -0.4947797 0.7664074 0.4096496 -0.4947864 0.7664049 0.4096462 -0.494758 -0.4096629 -0.7664144 -0.4947565 -0.4096627 -0.7664154 -0.4947587 -0.409663 -0.7664139 -0.494775 -0.08517557 0.8648369 -0.4947637 -0.08518272 0.8648427 -0.494759 -0.08518576 0.864845 -0.4947833 0.6717608 0.5512958 -0.4947724 0.6717619 0.5513042 -0.4947679 0.6717624 0.5513076 -0.4947536 -0.2522606 -0.831615 -0.4947566 -0.2522588 -0.8316138 -0.4947523 -0.2522614 -0.8316156 -0.4947457 -0.2522717 0.8316163 -0.49476 -0.2522693 0.8316085 -0.4947392 -0.2522727 0.8316199 -0.4947664 0.5513014 0.6717686 -0.4947499 0.5513008 0.6717813 -0.4947429 0.5513005 0.6717866 -0.4947507 -0.08518594 -0.8648498 -0.4947535 -0.085186 -0.8648481 -0.4947495 -0.08518588 -0.8648505 -0.4947447 -0.4096627 0.7664231 -0.4947531 -0.409654 0.7664221 -0.4947567 -0.4096504 0.7664217 -0.4947528 0.4096655 0.7664162 -0.4947528 0.4096673 0.7664154 -0.4947527 0.409668 0.7664149 -0.494751 0.08518588 -0.8648497 -0.4947541 0.08518588 -0.8648478 -0.4947555 0.08518582 -0.864847 -0.4947639 -0.5513038 0.6717684 -0.4947517 -0.5513088 0.6717734 -0.4947466 -0.5513109 0.6717754 -0.4947459 0.2522612 0.8316194 -0.4947452 0.2522584 0.8316206 -0.4947449 0.2522572 0.8316212 -0.4947547 0.2522569 -0.8316156 -0.494759 0.2522553 -0.8316134 -0.4947609 0.2522546 -0.8316126 -0.4947544 -0.6717745 0.551305 -0.4947629 -0.6717665 0.5513071 -0.4947665 -0.6717631 0.551308 -0.4947518 0.0851767 0.8648501 -0.49477 0.08518314 0.8648391 -0.4947777 0.08518582 0.8648344 -0.4947522 0.4096656 -0.7664166 -0.4947512 0.4096679 -0.7664161 -0.4947527 0.4096646 -0.7664168 -0.4947656 -0.7664122 0.4096575 -0.4947619 -0.7664139 0.4096589 -0.4947604 -0.7664147 0.4096595 -0.4947481 0.5513145 -0.6717714 -0.4947459 0.5513149 -0.6717725 -0.494749 0.5513144 -0.6717708 -0.4947597 -0.831611 0.2522618 -0.4947696 -0.8316044 0.252264 -0.4947738 -0.8316017 0.2522649 -0.494746 0.6717732 -0.5513141 -0.4947435 0.6717725 -0.5513172 -0.4947424 0.6717721 -0.5513185 -0.4947673 -0.8648408 0.08518105 -0.4947535 -0.8648492 0.08517551 -0.4947477 -0.8648528 0.08517318 -0.4947566 0.7664203 -0.4096536 -0.4947502 0.7664211 -0.4096596 -0.4947595 0.7664198 -0.4096508 -0.494745 -0.8648544 -0.08517277 -0.4947494 -0.8648517 -0.08517396 -0.4947429 -0.8648556 -0.08517217 -0.494754 0.8316122 -0.2522687 -0.494753 0.831613 -0.2522687 -0.4947546 0.8316119 -0.2522687 -0.4947518 -0.8316125 -0.2522723 -0.4947447 -0.8316177 -0.2522693 -0.494755 -0.8316102 -0.2522737 -0.4947469 0.8648532 -0.08517318 -0.4947492 0.8648518 -0.08517348 -0.4947459 0.8648539 -0.08517301 0 -0.8819221 -0.4713951 0 -0.8819218 -0.4713957 0 -0.8819224 -0.4713948 0 0.9951856 0.09800893 0 0.9951856 0.09800899 0 0.9951856 0.09800887 0 -0.7730138 -0.6343894 0 -0.7730134 -0.6343897 0 -0.7730139 -0.6343891 0 0.9569388 0.29029 0 0.9569388 0.2902899 0 0.9569387 0.2902901 0 -0.6343886 -0.7730144 0 -0.6343886 -0.7730143 0 -0.6343885 -0.7730145 1.73197e-6 0.8819239 0.4713921 4.41185e-6 0.8819212 0.4713971 0 0.8819255 0.4713889 0 -0.4714004 -0.8819193 0 -0.4714004 -0.8819193 0 -0.4714006 -0.8819193 0 -0.09802365 0.9951841 0 -0.09802359 0.9951841 0 -0.09802365 0.9951842 3.65335e-6 0.7730095 0.6343945 1.43418e-6 0.7730122 0.6343911 5.08752e-6 0.7730077 0.6343967 0 -0.2902767 -0.9569428 0 -0.2902766 -0.9569429 0 -0.2902768 -0.9569428 0 -0.2902887 0.9569392 0 0.634382 0.7730197 0 0.6343818 0.7730199 0 0.6343821 0.7730197 0 -0.09802359 -0.9951841 0 -0.09802365 -0.9951841 0 -0.09802359 -0.9951841 0 -0.4713904 0.8819247 0 -0.4713903 0.8819248 0 -0.4713904 0.8819246 0 0.4714057 0.8819164 0 0.4714056 0.8819165 0 0.4714058 0.8819165 0 0.09802371 -0.9951841 0 0.09802365 -0.9951841 0 0.09802371 -0.9951842 0 -0.6343969 0.7730076 0 -0.6343962 0.7730081 0 -0.6343973 0.7730072 0 0.290273 0.9569439 0 0.2902729 0.9569439 0 0.290273 0.9569439 0 0.2902728 -0.9569439 0 0.2902728 -0.956944 0 -0.7730082 0.6343962 0 -0.7730083 0.6343959 0 -0.7730081 0.6343963 0 0.09802496 0.995184 0 0.09802502 0.995184 0 0.4714058 -0.8819165 0 0.4714056 -0.8819166 0 0.4714059 -0.8819164 0 -0.8819219 0.4713956 0 -0.8819221 0.4713953 0 -0.8819218 0.4713959 0 0.6343978 -0.7730068 0 0.6343978 -0.7730069 0 0.6343978 -0.7730068 0 -0.9569399 0.2902863 0 -0.95694 0.290286 0 -0.9569399 0.2902864 0 0.7730076 -0.6343969 0 0.7730075 -0.6343971 0 0.7730077 -0.6343967 0 -0.9951856 0.09800875 0 -0.9951856 0.0980094 0 -0.9951856 0.09800839 0 0.8819221 -0.4713953 0 0.881922 -0.4713953 0 0.8819221 -0.4713951 0 -0.9951854 -0.09801083 0 -0.9951855 -0.09801024 0 -0.9951853 -0.09801119 0 0.95694 -0.2902858 0 0.9569401 -0.2902859 0 -0.9569401 -0.2902855 0 -0.9569399 -0.2902861 0 -0.9569403 -0.2902852 0 0.9951856 -0.0980091 0 0.9951855 -0.09800916 0 0.9951856 -0.0980091 0.5028594 0.7623012 -0.4074672 0.5028477 0.7623096 -0.4074655 0.5028648 0.7622971 -0.407468 0.50286 -0.8602062 -0.08471977 0.502856 -0.8602085 -0.08471828 0.5028543 -0.8602096 -0.08471763 0.5028433 0.8271598 -0.2509095 0.5028552 0.8271515 -0.2509123 0.5028377 0.8271635 -0.2509081 0.5028446 -0.8271587 -0.25091 0.5028567 -0.8271509 -0.2509117 0.502862 -0.8271474 -0.2509124 0.5028605 0.8602058 -0.08471977 0.5028547 0.8602095 -0.08471751 0.5028632 0.8602041 -0.08472079 0.5028507 -0.7623084 -0.4074642 0.5028453 -0.7623122 -0.4074639 0.5028429 -0.7623139 -0.4074638 0.5028533 0.8602099 0.08472096 0.5028631 0.8602045 0.08471733 0.5028488 0.8602123 0.08472269 0.5028499 -0.6681716 -0.5483509 0.5028469 -0.6681728 -0.5483524 0.5028455 -0.6681733 -0.5483529 0.5028695 0.8271422 0.2509146 0.5028637 0.8271451 0.2509167 0.5028722 0.8271409 0.2509136 0.5028496 -0.5483503 -0.6681724 0.5028511 -0.5483484 -0.6681728 0.5028517 -0.5483476 -0.6681729 0.5028573 0.7623088 0.4074552 0.5028458 0.7623114 0.4074649 0.5028629 0.7623077 0.4074507 0.5028583 -0.4074583 -0.7623067 0.502844 -0.4074654 -0.7623122 0.5028377 -0.4074686 -0.7623147 0.5028451 -0.08472377 0.8602145 0.5028566 -0.08472698 0.8602073 0.5028618 -0.08472847 0.8602042 0.5028486 0.6681722 0.5483514 0.5028513 0.6681725 0.5483486 0.5028473 0.6681721 0.5483527 0.5028479 -0.2509151 -0.8271552 0.5028648 -0.250906 -0.8271476 0.5028723 -0.250902 -0.8271443 0.5028362 -0.2509208 0.8271605 0.5028429 -0.2509189 0.8271571 0.5028459 -0.250918 0.8271556 0.5028304 0.5483593 0.6681794 0.502845 0.5483475 0.6681782 0.5028515 0.5483422 0.6681776 0.502845 -0.08472484 -0.8602144 0.502845 -0.08472734 -0.8602141 0.5028449 -0.08472847 -0.8602139 0.502845 -0.4074664 0.7623111 0.5028564 -0.4074568 0.7623085 0.5028395 -0.4074708 0.7623123 0.5028365 0.407464 0.7623179 0.50285 0.4074677 0.7623071 0.5028302 0.4074623 0.7623231 0.5028394 0.08472412 -0.8602177 0.5028508 0.08472728 -0.8602107 0.5028558 0.08472871 -0.8602076 0.5028547 -0.5483536 0.6681659 0.5028592 -0.5483517 0.6681641 0.5028612 -0.5483508 0.6681632 0.5028595 0.2509112 0.8271493 0.5028395 0.250908 0.8271623 0.5028691 0.2509127 0.8271431 0.5028576 0.2509117 -0.8271503 0.5028448 0.2509073 -0.8271595 0.502839 0.2509052 -0.8271635 0.5028544 -0.6681684 0.5483508 0.5028607 -0.6681628 0.5483518 0.5028514 -0.6681711 0.5483503 0.502839 0.08472532 0.8602178 0.5028504 0.08472847 0.8602108 0.5028336 0.08472383 0.8602211 0.5028634 0.4074684 -0.7622979 0.5028561 0.4074693 -0.7623021 0.5028529 0.4074699 -0.7623041 0.5028588 -0.7623018 0.4074668 0.5028459 -0.7623112 0.4074652 0.5028649 -0.7622972 0.4074676 0.5028543 0.5483534 -0.6681662 0.5028589 0.5483522 -0.6681638 0.502861 0.5483516 -0.6681628 0.5028446 -0.8271586 0.2509102 0.5028567 -0.8271506 0.2509124 0.5028389 -0.8271625 0.2509092 0.5028525 0.668169 -0.5483517 0.5028571 0.6681651 -0.5483523 0.5028503 0.6681709 -0.5483515 0.5028592 -0.8602067 0.08471828 0.5028542 -0.8602097 0.08471691 0.5028616 -0.8602052 0.084719 -0.9987934 0.01886343 -0.04534298 -0.9988064 0.02705544 -0.04066753 -0.9988513 0.02270579 -0.04219585 -0.9988372 -0.04610288 0.01409828 -0.9988349 -0.04018229 0.02672463 -0.9988206 -0.04489761 0.0184862 -0.9988206 0.03426009 -0.03440731 -0.9988207 0.03439158 -0.03426921 -0.9988117 -0.04849892 0.004814982 -0.9988064 -0.04792553 0.009432494 -0.9988349 0.04006707 -0.02689796 -0.9988107 0.037808 -0.03078711 -0.9988024 -0.0487011 -0.004692494 -0.9987932 -0.04911416 -8.96489e-5 -0.998849 0.04427546 -0.01844829 -0.9988493 0.04434102 -0.01827549 -0.9987816 -0.04841285 -0.009564578 -0.9987815 -0.04838848 -0.009703397 -0.9988625 0.04675006 -0.009395122 -0.9988627 0.0467801 -0.009225308 -0.9987719 -0.04579478 -0.01891428 -0.9987718 -0.04575419 -0.01901829 -0.9988746 0.04742926 -8.34936e-5 -0.9988747 0.04742771 6.97273e-5 -0.9987645 -0.04134076 -0.02758038 -0.9987645 -0.04129743 -0.02764523 -0.9988852 0.04631459 0.009141266 -0.9988852 0.04628849 0.009267032 -0.9987598 -0.03521877 -0.03519254 -0.9987599 -0.03518921 -0.03522068 -2.79967e-5 -0.8314727 0.5555658 -2.91493e-5 -0.8314719 0.555567 -2.48008e-5 -0.8314789 0.5555564 -0.9988936 0.04346835 0.01794642 -0.9988936 0.04343026 0.0180391 -0.9987462 -0.03175836 -0.03869646 -0.9987463 -0.03175765 -0.0386964 -0.9988999 0.03901284 0.02602279 -0.9988998 0.03897619 0.02608001 -0.9987463 -0.02359801 -0.04414832 -0.9987599 -0.01907271 -0.04598951 -0.9987598 -0.01903736 -0.04600489 -0.9988852 -0.009152054 0.04631137 -0.9988935 -5.41548e-5 0.04702973 -0.998885 -0.009278357 0.04628896 -0.9989036 0.03311532 0.03308963 -0.9989036 0.03309375 0.03311419 -0.9987643 -0.009736359 -0.04873371 -0.9987644 -0.009661138 -0.04874813 -0.9988747 -0.01808553 0.0438435 -0.9988746 -0.01822787 0.04378843 -0.998905 0.02599269 0.03890228 -0.9989048 0.02599483 0.0389024 -0.9987717 -6.12899e-5 -0.0495494 -0.9987719 5.05676e-5 -0.04954749 -0.9988626 -0.02642685 0.03968858 -0.9988625 -0.02657043 0.03959691 -0.9989037 0.01792889 0.04324489 -0.9989036 0.01789677 0.04325842 -0.9987815 0.009552001 -0.04841923 -0.9987816 0.009690761 -0.04838865 -0.9988493 -0.03385448 0.03397172 -0.998849 -0.03398758 0.03384482 -0.9988998 0.009179234 0.0459885 -0.9988998 0.009112596 0.0460028 -0.9987932 0.01871246 -0.04540985 -0.9988352 -0.04007297 0.02687996 -0.9988936 4.49326e-5 0.04702794 -0.9040266 -0.3304437 -0.2711879 -0.9040207 -0.3304553 -0.2711932 -0.9040195 -0.3304576 -0.2711943 -0.8935797 0.130305 0.4295765 -0.8935883 0.1303084 0.4295574 -0.89359 0.1303091 0.4295539 -0.9023759 0.1251004 -0.4123924 -0.9023766 0.1250995 -0.4123913 -0.9023758 0.1251006 -0.4123927 -0.9042145 -0.2709355 -0.330137 -0.9042159 -0.2709295 -0.3301377 -0.9042163 -0.2709283 -0.3301378 -0.8940291 0.0439099 0.4458521 -0.8940213 0.04390782 0.4458678 -0.8940199 0.0439074 0.4458708 -0.9015123 0.2039967 -0.3816555 -0.9015193 0.2039931 -0.3816411 -0.9015109 0.2039975 -0.3816587 -0.9042217 -0.2013176 -0.3766357 -0.9042139 -0.2013186 -0.3766539 -0.9042235 -0.2013175 -0.3766316 -0.8946551 -0.04378587 0.4446069 -0.8946602 -0.04378241 0.4445966 -0.8946613 -0.04378175 0.4445947 -0.9005414 0.275816 -0.3360815 -0.9005514 0.2758042 -0.3360644 -0.9005393 0.2758187 -0.3360852 -0.9040293 -0.1240909 -0.4090629 -0.9040304 -0.1240919 -0.4090602 -0.9040291 -0.1240907 -0.4090636 -0.895461 -0.129222 0.4259712 -0.8954631 -0.1292164 0.4259683 -0.8954635 -0.1292153 0.4259678 -0.8995192 0.3377133 -0.2771552 -0.8995193 0.3377135 -0.2771545 -0.8995193 0.3377132 -0.2771553 -0.9036415 -0.04197716 -0.4262278 -0.9036458 -0.04197287 -0.4262188 -0.9036405 -0.04197818 -0.4262297 -0.8963874 -0.2089591 0.3909292 -0.8963815 -0.208962 0.3909413 -0.8963804 -0.2089626 0.3909437 -0.8984615 0.3872088 -0.2069697 -0.8984534 0.3872236 -0.2069768 -0.8984633 0.3872056 -0.2069682 -2.281e-5 -0.8314762 0.5555605 -1.76144e-5 -0.8314889 0.5555413 -0.897396 -0.2799082 0.3410745 -0.8973858 -0.2799265 0.3410866 -0.8973837 -0.2799299 0.341089 -0.8973912 0.4222356 -0.1280873 -0.897399 0.4222205 -0.1280822 -0.8973895 0.4222388 -0.1280884 -0.8984516 -0.3394073 0.2785453 -0.898457 -0.3393989 0.2785384 -0.898458 -0.3393971 0.278537 -0.8963748 0.4411624 -0.0434491 -0.8963772 0.4411581 -0.04344564 -0.8963744 0.4411634 -0.04344987 -0.8995285 -0.3852769 0.2059376 -0.8995285 -0.3852769 0.2059375 -0.8995285 -0.385277 0.2059375 -0.8954507 0.4430176 0.04363107 -0.8954465 0.4430261 0.04362952 -0.8954516 0.4430156 0.04363143 -0.9005619 -0.4160094 0.1261922 -0.900554 -0.4160264 0.1261932 -0.9005524 -0.4160297 0.1261934 -0.8946604 0.4275086 0.1296895 -0.8946532 0.4275234 0.1296899 -0.8946619 0.4275054 0.1296893 -0.9015142 -0.4306658 0.04241603 -0.9015222 -0.4306491 0.0424183 -0.9015237 -0.4306457 0.04241877 -0.8940149 0.3951358 0.2111995 -0.8940239 0.3951168 0.2111964 -0.8940129 0.3951398 0.2112001 -0.9023748 -0.4288773 -0.0422399 -0.9023702 -0.4288864 -0.04224497 -0.9023693 -0.4288882 -0.04224598 -0.8935776 0.3470113 0.2847847 -0.893576 0.3470171 0.2847827 -0.8935779 0.3470101 0.2847851 -0.9030801 -0.4109784 -0.1246721 -0.9030838 -0.4109709 -0.1246697 -0.9030846 -0.4109694 -0.1246692 -0.8933514 0.2850672 0.3473614 -0.8933489 0.2850721 0.3473642 -0.893352 0.2850661 0.3473609 -0.9036462 -0.3777092 -0.2018897 -0.9036463 -0.3777112 -0.2018853 -0.9036464 -0.3777117 -0.2018845 -0.8933469 0.2118376 0.3963032 -0.8933538 0.2118269 0.3962934 -0.8933551 0.2118248 0.3962915 -0.9030886 0.04209131 -0.4273867 -0.9030863 0.04208832 -0.4273916 -0.9030891 0.04209196 -0.4273856 -0.995606 0.09319132 -0.009178102 -0.9956061 0.09318929 -0.00917834 -0.995606 0.09319144 -0.009178102 -0.99556 0.0830146 -0.04437184 -0.99556 0.08301389 -0.04437345 -0.99556 0.0830146 -0.04437172 -0.9955416 0.05983769 -0.07291412 -0.9955415 0.05984073 -0.07291316 -0.9955416 0.05983752 -0.07291418 -0.9955538 0.02735012 -0.0901364 -0.9955541 0.02734184 -0.09013628 -0.9955541 0.02734124 -0.09013622 -0.9955951 -0.009194135 -0.09330505 -0.9955952 -0.009191274 -0.09330552 -0.9955951 -0.009191095 -0.09330552 -0.995658 -0.0438717 -0.08210033 -0.9956578 -0.04388022 -0.08209961 -0.9956578 -0.04388076 -0.08209955 -0.9957312 -0.07134979 -0.05855375 -0.9957309 -0.07135367 -0.05855596 -0.9957309 -0.07135391 -0.05855607 -0.9958038 -0.08757311 -0.02656674 -0.9958035 -0.08757603 -0.02656668 -0.9958036 -0.08757621 -0.02656668 -0.9958649 -0.09040975 0.008903741 -0.9958647 -0.0904116 0.008904278 -0.9958648 -0.09041172 0.008904337 -0.9959064 -0.07971858 0.04260808 -0.9959061 -0.07972002 0.04261189 -0.9959061 -0.07972007 0.04261213 -0.9959221 -0.05723351 0.06973958 -0.9959225 -0.05723023 0.06973749 -0.9959225 -0.05722999 0.06973737 -0.9959114 -0.02622193 0.08644622 -0.9959113 -0.02623176 0.08644592 -0.9959114 -0.02622133 0.08644622 -0.9958745 0.008893489 0.09030383 -0.9958745 0.008893847 0.09030407 -0.9958745 0.00889343 0.09030383 -0.9958167 0.04307442 0.08058339 -0.9958164 0.04308187 0.08058369 -0.9958168 0.04307395 0.08058339 -0.9957457 0.07122868 0.05845546 -0.9957457 0.07122725 0.05845701 -0.9957457 0.0712288 0.05845534 -0.9956714 0.08894163 0.02698075 -0.9956715 0.0889402 0.02698171 -0.9956714 0.08894175 0.02698069 -0.9778811 0.0985912 0.1844678 -0.9778832 0.09857994 0.184463 -0.9778839 0.09857612 0.1844614 -0.9778808 0.02050423 -0.2081556 -0.9778823 0.02046746 -0.2081527 -0.9778805 0.02051091 -0.2081561 -0.9778807 -0.1326954 0.1616824 -0.9778822 -0.1326881 0.1616795 -0.9778828 -0.1326857 0.1616786 -0.9778809 0.06072354 0.2001544 -0.97788 0.06072843 0.2001571 -0.977881 0.06072264 0.2001538 -0.9778811 0.06072336 -0.2001537 -0.9778801 0.06072843 -0.2001569 -0.9778797 0.06073009 -0.200158 -0.9778805 -0.1616907 0.1326869 -0.9778811 -0.1616816 0.1326944 -0.9778811 -0.1616785 0.1326969 -0.9778809 0.02050924 0.2081551 -0.9778814 0.02050054 0.2081536 -0.9778808 0.02051085 0.2081553 -0.9778818 0.09859293 -0.1844633 -0.9778811 0.09860336 -0.1844618 -0.9778808 0.09860688 -0.1844613 -0.9778809 -0.1844633 0.09860217 -0.9778807 -0.1844657 0.09859883 -0.9778808 -0.1844629 0.09860271 -0.9778815 0.1326798 -0.1616911 -0.9778798 0.1326996 -0.1616844 -0.9778818 0.1326761 -0.1616923 -0.9778801 -0.2001584 0.06072193 -0.9778802 -0.2001575 0.06072252 -0.9778801 -0.2001586 0.06072187 -0.9778829 0.1616763 -0.1326865 -0.9778827 0.1616851 -0.1326778 -0.9778826 0.161688 -0.1326749 -0.9778808 -0.2081562 0.02049875 -0.9778824 -0.2081504 0.02048015 -0.977883 -0.2081485 0.02047389 -0.9778817 0.1844655 -0.09858977 -0.9778813 0.1844579 -0.09860873 -0.9778811 0.1844553 -0.09861505 -0.9778816 -0.2081527 -0.02049714 -0.9778825 -0.2081505 -0.02048039 -0.9778814 -0.2081531 -0.02050018 -0.9778805 0.200157 -0.06072014 -0.9778813 0.2001545 -0.06071579 -0.9778803 0.2001574 -0.06072092 -0.9778805 -0.200157 -0.06072014 -0.9778813 -0.2001545 -0.06071579 -0.9778815 -0.2001537 -0.06071436 -0.9778813 0.2081535 -0.02050101 -0.9778807 0.2081558 -0.02050572 -0.9778806 0.2081565 -0.02050733 -0.9778809 -0.1844634 -0.09860217 -0.9778806 -0.1844663 -0.09859913 -0.9778805 -0.1844673 -0.09859812 -0.977881 0.2081547 0.02050238 -0.9778802 0.208158 0.02050566 -0.97788 0.2081591 0.02050679 -0.9778801 -0.1616853 -0.1326971 -0.9778831 -0.1616616 -0.1327038 -0.9778841 -0.1616537 -0.132706 -0.97788 0.2001599 0.06071853 -0.9778814 0.2001522 0.06072169 -0.9778819 0.2001496 0.06072276 -0.9778805 -0.1326942 -0.1616852 -0.9778823 -0.1326998 -0.1616694 -0.9778801 -0.1326932 -0.161688 -0.9778813 0.1844655 0.09859478 -0.9778812 0.1844634 0.09859853 -0.9778812 0.1844659 0.09859412 -0.9778817 -0.09859299 -0.1844638 -0.9778813 -0.09860402 -0.1844601 -0.9778818 -0.09859102 -0.1844645 -0.9778806 -0.02050757 0.2081561 -0.9778817 -0.02049779 0.2081522 -0.977882 -0.02049446 0.2081509 -0.9778804 0.161694 0.1326842 -0.9778822 0.161689 0.1326768 -0.97788 0.1616949 0.1326856 -0.9778808 -0.06072324 -0.2001543 -0.9778802 -0.06072801 -0.2001559 -0.977881 -0.06072241 -0.200154 -0.9778807 -0.06072354 0.2001551 -0.97788 -0.06072843 0.2001574 -0.9778797 -0.06073009 0.200158 -0.9778828 0.1326739 0.161688 -0.9778808 0.1326838 0.1616916 -0.9778801 0.1326872 0.1616929 -0.9778811 -0.02050244 -0.2081547 -0.9778824 -0.02046465 -0.2081522 -0.9778828 -0.02045202 -0.2081513 -0.9778813 -0.0985912 0.184467 -0.9778832 -0.09857994 0.1844628 -0.977881 -0.09859329 0.1844677 -0.9616851 0.1292495 -0.2417775 -0.9616844 0.1292655 -0.241772 -0.9616837 0.1292791 -0.2417672 -0.9616816 -0.2417957 0.1292414 -0.961684 -0.2417845 0.1292451 -0.9616802 -0.241803 0.129239 -0.961686 0.1739251 -0.2119201 -0.9616842 0.1739202 -0.2119323 -0.9616827 0.173916 -0.2119427 -0.961686 -0.2623451 0.07959437 -0.9616861 -0.2623457 0.07959067 -0.9616859 -0.2623447 0.07959675 -0.9616801 0.2119478 -0.1739238 -0.961681 0.2119318 -0.173939 -0.9616817 0.2119181 -0.1739519 -0.9616835 -0.2728443 0.02684897 -0.9616811 -0.2728516 0.02686309 -0.9616789 -0.2728578 0.02687507 -0.9616777 0.2418011 -0.1292598 -0.9616791 0.2417992 -0.1292545 -0.961677 0.2418024 -0.1292633 -0.9616807 -0.2728543 -0.02684944 -0.9616827 -0.2728459 -0.02686232 -0.9616794 -0.2728596 -0.02684122 -0.9616794 0.2623704 -0.07959038 -0.9616835 0.2623551 -0.07959187 -0.9616869 0.262342 -0.07959318 -0.9616877 -0.2623426 -0.07958173 -0.9616891 -0.2623362 -0.07958549 -0.9616904 -0.2623308 -0.07958871 -0.9616786 0.2728583 -0.02688056 -0.9616792 0.2728567 -0.02688008 -0.9616784 0.2728593 -0.02688091 -0.9616867 -0.2417809 -0.1292309 -0.9616878 -0.2417753 -0.1292334 -0.9616861 -0.2417845 -0.1292292 -0.9616796 0.272855 0.02688074 -0.9616816 0.2728483 0.0268805 -0.9616832 0.2728425 0.02688032 -0.9616843 -0.2119154 -0.1739402 -0.9616789 -0.2119471 -0.1739315 -0.9616744 -0.2119739 -0.1739242 -0.961681 0.2623626 0.07959723 -0.9616791 0.2623695 0.07959675 -0.9616775 0.2623754 0.0795964 -0.9616854 -0.1739428 -0.2119085 -0.9616802 -0.1739352 -0.2119379 -0.9616887 -0.1739478 -0.2118896 -0.9616754 0.241814 0.1292536 -0.961678 0.2418025 0.1292558 -0.9616801 0.2417927 0.1292577 -0.9616845 -0.1292542 -0.2417773 -0.9616862 -0.1292422 -0.2417774 -0.9616875 -0.1292319 -0.2417775 -0.9616795 -0.02688378 0.2728549 -0.9616799 -0.02687329 0.2728544 -0.9616793 -0.02689045 0.2728552 -0.9616803 0.2119478 0.1739226 -0.9616838 0.2119232 0.1739341 -0.9616866 0.2119022 0.1739437 -0.961686 -0.07960873 -0.2623406 -0.9616869 -0.07959651 -0.262341 -0.9616876 -0.07958608 -0.2623414 -0.9616811 -0.07960015 0.2623608 -0.9616807 -0.07960605 0.2623606 -0.9616815 -0.07959634 0.262361 -0.9616831 0.1739115 0.2119442 -0.9616842 0.1739038 0.2119463 -0.9616849 0.1738972 0.211948 -0.9616839 -0.0268433 -0.2728435 -0.961682 -0.02685469 -0.2728492 -0.9616804 -0.0268644 -0.272854 -0.9616819 -0.1292471 0.2417915 -0.9616805 -0.1292543 0.2417933 -0.9616828 -0.1292425 0.2417904 -0.9616792 0.1292593 0.2417958 -0.9616816 0.12927 0.2417804 -0.9616777 0.1292524 0.2418057 -0.9616834 0.02684646 -0.2728447 -0.961681 0.02685612 -0.2728522 -0.961685 0.02684026 -0.27284 -0.9616804 -0.1739333 0.2119387 -0.961682 -0.1739155 0.2119459 -0.9616794 -0.1739447 0.2119343 -0.9616783 0.07961213 0.2623681 -0.9616795 0.07959252 0.2623696 -0.9616775 0.07962471 0.2623671 -0.9616853 0.07959145 -0.2623485 -0.961685 0.07959014 -0.2623499 -0.9616847 0.07958906 -0.2623511 -0.9616802 -0.2119403 0.1739324 -0.9616792 -0.2119485 0.1739283 -0.961681 -0.2119351 0.1739349 -0.9616788 0.02688705 0.2728574 -0.9616789 0.02687478 0.272858 -0.9616786 0.02689486 0.272857 -1 1.00664e-6 0 -1 -4.3832e-6 0 -1 1.27621e-5 0 1 -1.49233e-7 0 1 -1.76363e-7 0 1 -1.93059e-7 0 1 5.83826e-7 0 1 4.65437e-7 0 1 -1.86236e-7 0 1 4.1604e-7 0 1 -2.32719e-7 0 1 1.93063e-7 0 1 7.38839e-7 0 1 0 0 1 2.32715e-7 0 1 1.49243e-7 0 1 1.76367e-7 0 1 0 0 1 3.20001e-7 0 1 -4.16034e-7 0 1 2.32721e-7 0 1 3.19991e-7 0 1 -1.84717e-7 0 1 -1.58513e-7 0 1 -7.44947e-7 0 1 -6.18833e-7 0 1 0 0 1 1.61122e-7 0 1 -5.54116e-7 0 1 0 0 1 -1.04343e-6 0 1 -3.19975e-7 0 1 0 0 1 -5.05085e-7 0 1 -7.38843e-7 0 1 -3.19992e-7 0 1 1.84718e-7 0 1 1.58513e-7 0 1 0 0 1 5.21713e-7 0 1 0 0 1 3.21411e-7 0 1 -1.93059e-7 0 1 -3.69416e-7 0 1 -3.69427e-7 0 1 -1.61123e-7 0 1 -5.2171e-7 0 1 0 0 1 2.32715e-7 0 1 0 0 1 7.38825e-7 0 1 1.9306e-7 0 1 3.69418e-7 0 1 -5.83821e-7 0 1 0 0 1 5.21708e-7 0 1 -7.38832e-7 0 1 0 0 0.9451078 -0.3251848 -0.03203219 0.9451079 -0.3251846 -0.03203231 0.945108 -0.3251845 -0.03203231 0.9451119 0.2525794 0.2072855 0.9451147 0.2525715 0.2072822 0.9451152 0.2525699 0.2072815 0.9451127 -0.3126763 -0.09484612 0.94511 -0.3126838 -0.09484714 0.9451095 -0.3126853 -0.09484732 0.9451155 0.2072765 0.2525732 0.9451113 0.2072898 0.2525779 0.9451105 0.2072925 0.2525789 0.9451149 -0.2881574 -0.1540235 0.9451144 -0.2881584 -0.1540242 0.9451144 -0.2881586 -0.1540243 0.9451113 0.1540303 0.2881656 0.9451059 0.1540333 0.288182 0.9451125 0.1540296 0.2881618 0.9451068 0.03202801 -0.3251883 0.9451098 0.03202474 -0.3251801 0.9451103 0.03202408 -0.3251785 0.9451115 -0.25258 -0.2072863 0.9451133 -0.2525749 -0.2072846 0.9451135 -0.2525739 -0.2072842 0.9451064 0.09485346 0.3126928 0.9451082 0.09485131 0.3126881 0.945106 0.09485393 0.312694 0.9451098 0.09485018 -0.3126834 0.9451077 0.09485024 -0.31269 0.9451104 0.09485018 -0.312682 0.945113 -0.2072812 -0.2525787 0.9451107 -0.2072911 -0.252579 0.9451102 -0.2072932 -0.2525791 0.9451086 0.03202658 0.3251835 0.9451124 0.03202658 0.3251725 0.9451076 0.03202658 0.3251859 0.9451093 0.1540302 -0.2881721 0.9451042 0.154045 -0.288181 0.9451104 0.1540268 -0.2881701 0.9451091 -0.1540262 -0.2881749 0.945112 -0.1540246 -0.2881661 0.9451126 -0.1540243 -0.2881643 0.9451117 -0.03202408 0.3251744 0.9451102 -0.03202635 0.3251785 0.9451121 -0.0320236 0.3251734 0.9451078 0.2072908 -0.2525906 0.9451085 0.2072949 -0.2525842 0.9451075 0.2072898 -0.252592 0.9451093 -0.09485256 -0.3126841 0.9451086 -0.09485131 -0.3126868 0.9451095 -0.09485286 -0.3126835 0.9451113 -0.09484934 0.3126793 0.9451084 -0.09485107 0.3126875 0.945112 -0.09484893 0.3126775 0.9451104 0.2525833 -0.2072874 0.9451069 0.2525925 -0.2072924 0.9451113 0.2525812 -0.2072863 0.9451067 -0.03202801 -0.3251886 0.9451096 -0.03202474 -0.3251805 0.9451059 -0.03202873 -0.3251905 0.9451075 -0.1540316 0.2881776 0.9451141 -0.1540259 0.2881588 0.9451059 -0.1540329 0.2881819 0.945113 0.2881604 -0.1540303 0.9451066 0.2881802 -0.1540317 0.9451143 0.2881558 -0.1540299 0.9451064 -0.2072932 0.2525937 0.9451146 -0.20728 0.2525738 0.9451162 -0.2072774 0.2525698 0.9451046 0.3126981 -0.09485369 0.9451094 0.312684 -0.09485203 0.9451035 0.3127014 -0.09485405 0.9451033 -0.2525991 0.2073009 0.9451014 -0.2526045 0.2073029 0.9451037 -0.2525978 0.2073003 0.9451062 0.3251895 -0.03203165 0.94511 0.3251785 -0.03203243 0.9451054 0.325192 -0.03203147 0.9451043 -0.2881867 0.1540333 0.9451121 -0.2881648 0.1540266 0.9451026 -0.2881916 0.1540349 0.9451082 0.3251836 0.03203225 0.9451085 0.3251826 0.03203302 0.9451087 0.3251824 0.03203314 0.9451146 -0.3126704 0.09484547 0.9451177 -0.312661 0.09484624 0.9451139 -0.3126725 0.09484529 0.9451094 0.3126839 0.09485262 0.9451074 0.3126901 0.09485298 0.9451099 0.3126826 0.09485256 0.9451144 -0.3251661 0.03202807 0.9451116 -0.3251747 0.03202521 0.9451151 -0.3251642 0.03202873 0.9451087 0.2881728 0.1540324 0.9451152 0.2881584 0.1540204 0.9451074 0.2881761 0.154035 0.9970536 0.07633835 0.007519781 0.9970536 0.07633888 0.007519543 0.9970536 0.076339 0.007519483 0.997069 0.06747424 0.03606605 0.9970691 0.06747192 0.03606688 0.9970692 0.06747144 0.03606706 0.9971026 0.04825693 0.05880242 0.9971025 0.04825586 0.05880445 0.9971025 0.04825562 0.05880486 0.9971486 0.02190715 0.07221496 0.9971485 0.02190846 0.07221561 0.9971485 0.0219087 0.07221573 0.9971992 -0.007328629 0.07443064 0.9971993 -0.00733143 0.07443064 0.9971993 -0.007332026 0.07443064 0.997247 -0.03495621 0.06539577 0.9972471 -0.03495407 0.06539559 0.997247 -0.03495365 0.06539553 0.9972849 -0.0569247 0.04671812 0.9972847 -0.05692678 0.04671865 0.9972847 -0.0569272 0.04671877 0.9973075 -0.07017463 0.02128732 0.9973073 -0.07017832 0.0212869 0.9973073 -0.07017904 0.02128684 0.9973126 -0.07291197 -0.007182121 0.9973126 -0.0729112 -0.007181644 0.9973126 -0.07291203 -0.007182121 0.9972991 -0.06477528 -0.03462296 0.9972993 -0.06477224 -0.03462356 0.9972991 -0.06477552 -0.0346229 0.9972689 -0.04685527 -0.05709171 0.9972688 -0.04685646 -0.05709129 0.9972689 -0.04685515 -0.05709171 0.9972259 -0.02160561 -0.07123124 0.9972258 -0.02160936 -0.07123136 0.9972259 -0.02160537 -0.07123124 0.9971758 0.007362902 -0.07474184 0.9971758 0.007362663 -0.07474219 0.9971758 0.007362902 -0.07474178 0.9971262 0.03571522 -0.06681245 0.9971264 0.03571027 -0.06681269 0.9971262 0.03571557 -0.06681245 0.9970852 0.05897802 -0.04840338 0.997085 0.05897963 -0.04840475 0.9970851 0.0589779 -0.04840326 0.9970593 0.07333433 -0.02224546 0.9970594 0.07333463 -0.02224445 0.9970594 0.07333433 -0.02224552 -0.9891021 -0.09340864 0.1138065 -0.9891023 -0.09341955 0.1137956 -0.9891024 -0.0934233 0.1137919 0.989103 -0.04273182 -0.1408877 0.9891028 -0.04273945 -0.1408871 0.9891031 -0.04273033 -0.1408878 -0.989103 0.04273182 -0.1408879 -0.9891026 0.04273968 -0.140888 -0.9891031 0.04273033 -0.1408878 0.9891027 0.1138042 -0.09340494 0.9891027 0.113798 -0.09341317 0.9891027 0.1137959 -0.09341597 -0.9891024 0.01443094 0.1465206 -0.9891026 0.01442569 0.1465199 -0.9891026 0.0144239 0.1465197 0.9891029 -0.06940126 0.1298426 0.989102 -0.06940537 0.1298467 0.9891018 -0.0694068 0.1298481 -0.9891027 -0.1298434 0.06940335 -0.9891021 -0.1298514 0.06939458 -0.989102 -0.1298542 0.06939154 -0.9891024 0.09340715 -0.1138055 -0.989102 0.09342169 -0.1137962 -0.9891019 0.0934267 -0.113793 0.9891033 0.1408842 -0.0427367 0.989102 0.1408917 -0.04274296 0.9891036 0.1408827 -0.04273551 0.9891023 -0.1138071 0.09340667 0.9891028 -0.1137971 0.09341371 0.9891029 -0.1137936 0.09341609 -0.9891021 -0.1465227 0.01443099 -0.9891033 -0.1465156 0.01442217 -0.9891037 -0.1465131 0.01441913 -0.9891029 0.1298416 -0.06940364 -0.9891039 0.1298403 -0.06939131 -0.9891042 0.1298398 -0.06938701 0.9891021 0.1465221 0.01443111 0.9891024 0.1465221 0.01442289 0.9891023 0.1465221 0.01442003 0.9891024 -0.1408904 0.04273647 0.9891027 -0.1408867 0.04274243 0.9891024 -0.1408911 0.04273533 -0.9891024 -0.1408904 -0.04273754 -0.9891028 -0.1408867 -0.04274117 -0.9891023 -0.1408911 -0.04273682 -0.9891021 0.1465221 -0.01443094 -0.9891023 0.1465221 -0.01442438 -0.9891023 0.1465221 -0.01442205 0.9891026 0.1298437 0.06940376 0.9891037 0.1298419 0.06939119 0.989104 0.1298413 0.06938683 0.9891021 -0.1465227 -0.01443082 0.9891033 -0.1465156 -0.01442366 0.9891037 -0.1465131 -0.01442122 -0.9891021 -0.1138069 -0.09340715 -0.9891031 -0.113796 -0.0934115 -0.9891033 -0.1137923 -0.09341299 -0.9891034 0.1408842 0.04273563 -0.9891019 0.1408916 0.04274415 -0.9891036 0.1408827 0.04273402 0.9891025 0.09340715 0.1138046 0.9891018 0.09342169 0.1137982 0.9891017 0.0934267 0.113796 0.9891026 -0.1298433 -0.0694043 0.9891023 -0.1298506 -0.06939518 0.9891021 -0.1298531 -0.06939202 -0.9891027 -0.06940168 -0.129844 -0.989102 -0.06940501 -0.129847 -0.9891017 -0.06940621 -0.129848 0.9891026 0.01443094 -0.1465191 0.9891029 0.01442569 -0.1465181 0.989103 0.0144239 -0.1465177 -0.9891029 0.1138079 0.09339976 -0.9891024 0.113808 0.09340435 -0.9891029 0.1138079 0.09339886 0.9891029 0.04273182 0.140888 0.9891024 0.04273968 0.1408895 0.9891031 0.04273033 0.1408878 -0.989103 -0.04273182 0.1408879 -0.9891026 -0.04273945 0.1408886 -0.9891031 -0.04273033 0.1408878 0.9891028 -0.09339654 -0.1138106 0.9891012 -0.09341543 -0.1138091 0.989103 -0.09339296 -0.1138109 -0.9891025 -0.01443183 -0.1465203 -0.9891026 -0.01443052 -0.1465193 -0.9891027 -0.0144301 -0.1465189 0.9891029 0.06940108 -0.1298429 0.9891022 0.06940448 -0.1298459 0.9891019 0.06940567 -0.129847 -0.9891029 0.06940108 0.1298424 -0.9891023 0.06940448 0.129845 -0.9891021 0.06940567 0.129846 0.9891023 -0.01443177 0.1465215 0.9891026 -0.01443034 0.1465193 0.9891028 -0.01442986 0.1465185 0.9497187 0.2996193 -0.09089976 0.9497165 0.2996301 -0.09088736 0.949715 0.2996377 -0.09087848 0.9497091 -0.242029 0.1986826 0.9497156 -0.242011 0.1986733 0.9497203 -0.2419982 0.1986666 -0.9497151 -0.3116089 0.030676 -0.9497146 -0.3116092 0.03069108 -0.9497141 -0.3116094 0.03070181 -0.9497165 0.2761508 -0.1475782 -0.9497128 0.2761625 -0.1475803 -0.9497101 0.2761707 -0.1475817 0.9497159 0.3116066 0.03067821 0.949719 0.311596 0.03068864 0.9497143 0.3116121 0.03067272 0.9497181 -0.2996211 0.09090012 0.9497142 -0.2996352 0.0908941 0.9497114 -0.2996453 0.09088981 -0.9497181 -0.2996211 -0.0909003 -0.9497147 -0.2996354 -0.09088897 -0.9497123 -0.2996455 -0.09088087 -0.9497159 0.3116066 -0.03067588 -0.949719 0.311596 -0.03068768 -0.9497143 0.3116121 -0.03066968 0.9497145 0.2761557 0.1475819 0.9497117 0.2761644 0.1475844 0.9497096 0.2761706 0.1475862 0.9497151 -0.3116089 -0.03067624 0.9497148 -0.3116092 -0.0306859 0.9497144 -0.3116095 -0.03069275 -0.9497093 -0.242029 -0.1986812 -0.9497142 -0.2420107 -0.1986803 -0.9497177 -0.2419975 -0.1986797 -0.9497187 0.2996193 0.09089958 -0.949716 0.2996299 0.09089249 -0.9497141 0.2996375 0.09088748 0.9497118 0.1986852 0.2420161 0.9497089 0.1986913 0.2420225 0.9497068 0.1986956 0.2420271 0.9497134 -0.2761594 -0.1475828 0.9497172 -0.2761507 -0.147574 0.94972 -0.2761446 -0.1475678 -0.9497136 -0.1475729 -0.2761639 -0.9497155 -0.1475579 -0.2761651 -0.9497169 -0.1475471 -0.276166 0.949716 0.03067934 -0.3116061 0.9497144 0.03068828 -0.31161 0.9497134 0.03069466 -0.3116128 -0.9497139 0.2420268 0.1986621 -0.9497131 0.2420249 0.1986682 -0.9497125 0.2420236 0.1986725 0.949716 0.09090012 0.2996277 0.9497126 0.09090036 0.2996384 0.9497102 0.09090054 0.299646 -0.9497164 -0.09089976 0.2996265 -0.9497138 -0.09089928 0.2996349 -0.949712 -0.09089899 0.2996409 0.9497143 -0.1986583 -0.2420284 0.9497201 -0.1986578 -0.2420058 0.9497243 -0.1986575 -0.2419897 -0.9497163 -0.03067922 -0.311605 -0.9497177 -0.03068733 -0.3116002 -0.9497157 -0.03067499 -0.3116077 0.9497136 0.1475729 -0.2761639 0.9497155 0.1475579 -0.2761651 0.9497169 0.1475471 -0.276166 -0.9497136 0.1475729 0.2761639 -0.9497155 0.1475579 0.2761651 -0.9497169 0.1475471 0.276166 0.9497147 -0.03067928 0.3116104 0.9497143 -0.03068763 0.3116102 0.9497147 -0.03067499 0.3116104 -0.9497092 -0.1986901 0.2420222 -0.949715 -0.1986793 0.2420079 -0.9497193 -0.1986716 0.2419978 0.9497172 -0.09089982 -0.2996244 0.9497141 -0.09089934 -0.299634 0.949712 -0.09089899 -0.2996409 -0.9497166 0.09090018 -0.2996256 -0.9497129 0.09090042 -0.2996375 -0.9497102 0.09090054 -0.299646 0.9497094 0.2420287 -0.1986809 0.9497101 0.2420203 -0.1986882 0.9497106 0.2420142 -0.1986934 -0.9497162 0.03067874 0.3116058 -0.9497137 0.03068798 0.3116122 -0.9497119 0.03069466 0.3116168 0.9497136 -0.1475729 0.2761639 0.9497155 -0.1475579 0.2761651 0.9497169 -0.1475471 0.276166 -0.9497131 -0.2761593 0.1475838 -0.9497168 -0.2761507 0.147577 -0.9497194 -0.2761444 0.1475722 -0.9497118 0.1986852 -0.242016 -0.9497077 0.198691 -0.2420274 -0.9497047 0.1986952 -0.2420356 1 -9.74163e-6 0 1 -2.3258e-6 0 1 -1.19784e-6 0 -0.4947604 -0.7664147 -0.4096595 -0.4947474 0.864853 0.08517295 -0.4947729 -0.6717666 -0.551298 -0.4947476 0.8316144 0.2522743 -0.4947695 -0.5512969 -0.67177 -0.4947569 0.766416 0.4096612 -0.4947558 -0.4096626 -0.7664158 -0.49478 -0.08517235 0.8648343 -0.4947881 0.6717603 0.5512921 -0.4947579 -0.252258 -0.8316132 -0.4947662 -0.2522683 0.8316051 -0.4947738 0.5513017 0.6717628 -0.4947547 -0.085186 -0.8648475 -0.4947408 -0.4096665 0.7664234 -0.4947529 0.4096648 0.7664166 -0.4947495 0.08518588 -0.8648505 -0.4947693 -0.5513016 0.6717664 -0.4947462 0.2522624 0.8316188 -0.4947527 0.2522576 -0.8316164 -0.4947505 -0.671778 0.5513041 -0.4947436 0.08517384 0.8648551 -0.4947507 0.4096688 -0.7664158 -0.4947674 -0.7664115 0.409657 -0.494745 0.5513151 -0.6717731 -0.4947553 -0.831614 0.2522609 -0.4947472 0.6717735 -0.5513126 -0.4947735 -0.864837 0.0851835 -0.4947475 0.7664215 -0.4096623 -0.4947513 -0.8648506 -0.0851745 -0.4947525 0.8316132 -0.2522687 -0.4947417 -0.8316198 -0.252268 -0.4947502 0.8648512 -0.08517366 0 -0.8819216 -0.4713961 0 0.9951856 0.09800904 0 -0.7730132 -0.6343899 0 0.9569388 0.2902898 0 -0.6343888 -0.7730143 6.14381e-6 0.8819195 0.4714003 0 -0.4714003 -0.8819195 0 -0.09802359 0.9951841 0 0.7730141 0.634389 0 -0.2902765 -0.9569429 0 0.6343817 0.7730201 0 -0.09802365 -0.9951842 0 -0.4713902 0.8819248 0 0.09802359 -0.9951841 0 -0.6343958 0.7730084 0 0.2902729 0.956944 0 0.2902729 -0.956944 0 -0.7730084 0.6343958 0 0.4714055 -0.8819167 0 -0.8819223 0.4713951 0 0.6343977 -0.7730069 0 -0.9569401 0.2902858 0 0.7730073 -0.6343972 0 -0.9951854 0.09800976 0 0.881922 -0.4713954 0 -0.9951854 -0.09800982 0 -0.9569399 -0.2902864 0 0.9951855 -0.09800916 0.5028426 0.7623134 -0.4074648 0.5028618 -0.8602049 -0.08472049 0.5028605 0.827148 -0.2509135 0.5028389 -0.8271625 -0.2509092 0.502852 0.8602111 -0.08471655 0.5028533 -0.7623068 -0.4074644 0.5028674 0.8602021 0.08471572 0.5028514 -0.6681711 -0.5483503 0.5028612 0.8271465 0.2509176 0.5028489 -0.5483512 -0.6681722 0.5028406 0.7623126 0.4074692 0.502865 -0.4074549 -0.7623041 0.5028396 -0.08472222 0.8602178 0.5028525 0.6681727 0.5483474 0.5028399 -0.2509194 -0.8271587 0.5028331 -0.2509217 0.8271623 0.5028234 0.5483649 0.66818 0.5028449 -0.08472365 -0.8602145 0.5028616 -0.4074526 0.7623074 0.502856 0.4074693 0.7623022 0.502834 0.08472257 -0.860221 0.5028525 -0.5483545 0.6681668 0.5028306 0.2509067 0.8271684 0.5028637 0.2509139 -0.8271459 0.5028635 -0.6681604 0.5483523 0.5028555 0.0847299 0.8602077 0.5028669 0.407468 -0.7622958 0.5028401 -0.7623153 0.4074645 0.5028522 0.5483541 -0.6681672 0.5028621 -0.827147 0.2509135 0.5028592 0.6681633 -0.5483525 0.502852 -0.8602111 0.08471632 -2.75824e-5 -0.8314725 0.5555658 -0.9987463 -0.0235961 -0.0441482 -0.904028 -0.3304411 -0.2711867 -0.8935779 0.1303042 0.4295806 -0.9023768 0.1250994 -0.4123911 -0.9042141 -0.2709369 -0.3301368 -0.8940306 0.04391038 0.4458487 -0.9015206 0.2039923 -0.3816382 -0.9042123 -0.2013188 -0.3766575 -0.894654 -0.04378658 0.4446091 -0.9005534 0.2758018 -0.3360611 -0.9040307 -0.1240921 -0.4090597 -0.8954605 -0.1292232 0.4259718 -0.8995194 0.3377136 -0.2771545 -0.9036468 -0.04197198 -0.4262171 -0.8963888 -0.2089585 0.3909267 -0.8984519 0.3872265 -0.2069782 -0.8973982 -0.2799043 0.3410719 -0.8974004 0.4222176 -0.1280812 -0.8984504 -0.3394092 0.2785468 -0.8963776 0.4411572 -0.04344499 -0.8995285 -0.3852769 0.2059376 -0.8954457 0.4430278 0.04362922 -0.9005637 -0.4160056 0.126192 -0.8946518 0.4275262 0.12969 -0.9015125 -0.4306696 0.04241549 -0.8940257 0.3951133 0.2111958 -0.9023757 -0.4288752 -0.04223877 -0.8935757 0.3470181 0.2847824 -0.9030792 -0.4109801 -0.1246726 -0.8933483 0.285073 0.3473647 -0.9036462 -0.3777086 -0.2018907 -0.8933455 0.2118399 0.3963053 -0.903086 0.04208773 -0.4273926 -0.9956062 0.09318888 -0.0091784 -0.99556 0.08301371 -0.04437375 -0.9955414 0.05984139 -0.07291299 -0.9955538 0.02735185 -0.09013646 -0.9955952 -0.009194672 -0.09330493 -0.995658 -0.04386991 -0.08210045 -0.9957313 -0.07134902 -0.05855327 -0.9958039 -0.08757251 -0.02656674 -0.9958649 -0.09040939 0.008903622 -0.9959065 -0.07971829 0.04260736 -0.995922 -0.05723416 0.06973999 -0.9959112 -0.02623367 0.08644586 -0.9958745 0.008893907 0.09030407 -0.9958163 0.04308336 0.08058369 -0.9957457 0.07122695 0.05845731 -0.9956715 0.0889399 0.02698189 -0.9778807 0.09859323 0.1844687 -0.9778828 0.02045518 -0.2081516 -0.9778804 -0.1326968 0.161683 -0.9778797 0.06073009 0.200158 -0.9778813 0.06072241 -0.2001531 -0.9778805 -0.1616924 0.1326855 -0.9778815 0.02049762 0.2081531 -0.9778819 0.09859102 -0.1844635 -0.9778807 -0.1844666 0.09859776 -0.9778794 0.1327063 -0.1616822 -0.9778803 -0.2001573 0.0607227 -0.9778831 0.1616747 -0.1326881 -0.9778805 -0.2081572 0.02050209 -0.9778817 0.1844669 -0.09858632 -0.9778828 -0.2081498 -0.02047479 -0.9778815 0.2001537 -0.06071436 -0.9778803 -0.2001574 -0.06072092 -0.9778814 0.2081531 -0.02050018 -0.9778808 -0.1844629 -0.09860271 -0.9778813 0.208154 0.02050179 -0.9778796 -0.1616896 -0.1326959 -0.9778798 0.2001613 0.06071799 -0.977883 -0.1327017 -0.1616641 -0.9778813 0.1844627 0.09859979 -0.9778812 -0.09860771 -0.1844589 -0.9778804 -0.02050936 0.2081568 -0.9778828 0.1616873 0.1326743 -0.97788 -0.06072962 -0.2001565 -0.9778808 -0.06072264 0.2001548 -0.9778831 0.1326721 0.1616874 -0.9778808 -0.0205093 -0.2081552 -0.9778839 -0.09857612 0.1844614 -0.9616857 0.1292393 -0.2417811 -0.961686 -0.2417749 0.1292482 -0.9616871 0.1739283 -0.2119123 -0.9616863 -0.2623462 0.07958757 -0.9616796 0.2119581 -0.1739141 -0.9616851 -0.2728396 0.02683991 -0.9616801 0.2417975 -0.12925 -0.9616844 -0.2728388 -0.02687323 -0.9616768 0.2623801 -0.07958942 -0.9616868 -0.2623468 -0.07957929 -0.9616795 0.2728552 -0.02687966 -0.9616888 -0.2417706 -0.1292356 -0.9616784 0.2728593 0.02688091 -0.9616878 -0.2118953 -0.1739457 -0.9616822 0.2623581 0.07959753 -0.9616759 -0.1739287 -0.2119629 -0.9616737 0.2418214 0.1292521 -0.9616835 -0.1292619 -0.2417773 -0.9616804 -0.0268644 0.272854 -0.9616782 0.2119636 0.1739153 -0.9616855 -0.0796166 -0.2623404 -0.9616804 -0.07961112 0.2623604 -0.9616825 0.1739165 0.2119429 -0.9616851 -0.02683603 -0.2728399 -0.9616793 -0.1292604 0.2417948 -0.9616837 0.1292791 0.2417672 -0.9616791 0.02686434 -0.2728585 -0.9616835 -0.1739004 0.2119519 -0.9616805 0.07957583 0.2623709 -0.9616855 0.07959228 -0.2623476 -0.9616782 -0.2119555 0.1739249 -0.9616791 0.02686434 0.2728585 -1 8.09884e-6 0 -1 1.32721e-6 0 -1 2.62923e-6 0 -1 1.72786e-5 0 -1 -5.89623e-5 0 -1 1.18036e-4 0 -1 -5.29999e-6 0 -1 0 0 -1 -1.062e-5 0 -1 3.1638e-5 0 -1 -1.53976e-4 0 -1 1.7538e-6 0 -1 -1.18036e-4 0 -1 1.4744e-5 0 -1 4.91545e-7 0 -1 1.32893e-6 0 -1 1.1798e-4 0 -1 -1.49998e-4 0 -1 6.51582e-5 0 -1 1.5397e-4 0 -1 1.06199e-5 0 -1 -4.12373e-6 0 -1 7.57928e-5 0 0.9451078 -0.3251849 -0.03203219 0.9451113 0.2525812 0.2072863 0.9451133 -0.3126746 -0.09484595 0.9451165 0.2072735 0.2525721 0.945115 -0.2881572 -0.1540234 0.9451047 0.1540338 0.2881853 0.9451061 0.03202873 -0.3251901 0.9451111 -0.2525812 -0.2072867 0.9451086 0.09485089 0.3126872 0.9451072 0.09485024 -0.3126913 0.9451135 -0.2072789 -0.2525786 0.945113 0.03202658 0.3251702 0.9451032 0.154048 -0.2881828 0.9451084 -0.1540265 -0.2881769 0.9451099 -0.03202676 0.3251794 0.9451087 0.2072957 -0.2525829 0.9451085 -0.09485101 -0.3126873 0.9451078 -0.09485143 0.3126891 0.9451061 0.2525943 -0.2072934 0.9451102 -0.03202408 -0.3251788 0.9451155 -0.1540248 0.2881551 0.9451053 0.2881843 -0.154032 0.9451044 -0.2072961 0.2525982 0.9451104 0.3126812 -0.09485173 0.945101 -0.2526056 0.2073034 0.9451107 0.3251763 -0.03203254 0.9451137 -0.2881604 0.1540253 0.9451082 0.3251838 0.03203207 0.9451183 -0.3126591 0.09484642 0.945107 0.3126913 0.09485304 0.945111 -0.3251764 0.03202468 0.9451164 0.2881554 0.1540181 0.9970537 0.07633829 0.007519781 0.997069 0.06747436 0.03606599 0.9971026 0.04825705 0.0588023 0.9971485 0.02190703 0.0722149 0.9971992 -0.00732845 0.07443064 0.997247 -0.03495639 0.06539577 0.9972849 -0.05692458 0.04671806 0.9973075 -0.07017439 0.02128738 0.9973126 -0.07291102 -0.007181584 0.9972993 -0.06477165 -0.03462368 0.9972688 -0.0468567 -0.05709123 0.9972257 -0.02161008 -0.07123136 0.9971758 0.007362663 -0.07474231 0.9971264 0.03570926 -0.06681269 0.997085 0.05897998 -0.04840505 0.9970593 0.07333463 -0.02224427 -0.9891021 -0.09340661 0.1138085 0.9891027 -0.04274207 -0.1408869 -0.9891025 0.04274243 -0.140888 0.9891028 0.1138054 -0.09340339 -0.9891024 0.01443195 0.1465207 0.989103 -0.06940048 0.1298419 -0.9891027 -0.1298419 0.06940501 -0.9891024 0.09340435 -0.1138073 0.9891015 0.1408942 -0.04274511 0.9891021 -0.1138089 0.09340536 -0.9891018 -0.146524 0.01443266 -0.9891026 0.1298419 -0.06940603 0.9891022 0.1465221 0.01443266 0.9891028 -0.1408855 0.04274445 -0.9891029 -0.1408855 -0.04274243 -0.9891022 0.1465221 -0.01443219 0.9891024 0.129844 0.06940609 0.9891018 -0.146524 -0.01443219 -0.989102 -0.1138089 -0.09340637 -0.9891014 0.1408942 0.04274713 0.9891026 0.09340435 0.1138058 0.9891026 -0.1298419 -0.06940603 -0.9891027 -0.06940102 -0.1298434 0.9891026 0.01443195 -0.1465193 -0.9891021 0.1138081 0.09340596 0.9891022 0.04274237 0.14089 -0.9891024 -0.04274207 0.1408889 0.9891006 -0.09342199 -0.1138086 -0.9891024 -0.01443207 -0.1465204 0.989103 0.06940048 -0.1298424 -0.989103 0.06940048 0.1298419 0.9891022 -0.01443207 0.1465219 0.9497199 0.2996137 -0.09090626 0.9497056 -0.2420384 0.1986875 -0.9497155 -0.3116087 0.03066819 -0.9497184 0.2761448 -0.1475772 0.9497212 0.3115885 0.03069615 0.9497201 -0.2996138 0.09090328 -0.9497199 -0.2996137 -0.09090626 -0.9497212 0.3115885 -0.03069615 0.9497161 0.2761512 0.1475806 0.9497154 -0.3116087 -0.03067117 -0.9497067 -0.2420386 -0.1986817 -0.9497201 0.2996138 0.09090328 0.9497133 0.198682 0.2420129 0.9497113 -0.2761639 -0.1475874 -0.9497125 -0.1475808 -0.2761632 0.9497168 0.03067463 -0.3116041 -0.9497144 0.2420278 0.198659 0.9497178 0.0909 0.2996221 -0.9497178 -0.0909 0.2996221 0.9497112 -0.1986585 -0.2420402 -0.9497187 -0.03069311 -0.3115966 0.9497125 0.1475808 -0.2761632 -0.9497125 0.1475808 0.2761632 0.9497143 -0.03069353 0.3116102 -0.9497061 -0.1986957 0.2420296 0.9497187 -0.09090012 -0.2996194 -0.9497187 0.09090012 -0.2996194 0.9497091 0.2420331 -0.1986771 -0.9497174 0.03067392 0.3116024 0.9497125 -0.1475808 0.2761632 -0.9497113 -0.2761639 0.1475874 -0.949714 0.1986822 -0.24201 1 -5.58664e-6 0 1 -4.86137e-6 0 1 -8.09837e-5 0 1 -6.19732e-5 0 1 -2.06865e-6 0 1 -2.8478e-6 0 1 -7.97435e-5 0 1 5.58711e-6 0 1 8.09905e-5 0 1 6.19425e-5 0 1 2.06762e-6 0</float_array>
          <technique_common>
            <accessor source="#Circle_001_Circle_000-mesh-normals-array" count="1438" stride="3">
              <param name="X" type="float"/>
              <param name="Y" type="float"/>
              <param name="Z" type="float"/>
            </accessor>
          </technique_common>
        </source>
        <source id="Circle_001_Circle_000-mesh-map-0">
          <float_array id="Circle_001_Circle_000-mesh-map-0-array" count="4992">0 0 1 1 0 1 1 0 0 1 0 0 1 0 0 1 0 0 1 0 0 1 0 0 0 0 1 1 0 1 1 0 0 1 0 0 0 0 1 1 0 1 1 0 0 1 0 0 1 0 0 1 0 0 0 0 1 1 0 1 0 0 1 1 0 1 1 0 0 1 0 0 0 0 1 1 0 1 1 0 0 1 0 0 1 0 0 1 0 0 1 0 0 1 0 0 1 0 0 1 0 0 1 0 0 1 0 0 1 0 0 1 0 0 1 0 0 1 0 0 1 0 0 1 0 0 0 0 1 1 0 1 1 0 0 1 0 0 0 0 1 1 0 1 1 0 0 1 0 0 1 0 0 1 0 0 1 0 0 1 0 0 0 0 1 1 0 1 0 0 1 1 0 1 0 0 1 1 0 1 0 0 1 1 0 1 0 0 1 1 0 1 1 0 0 1 0 0 1 0 0 1 0 0 1 0 0 1 0 0 1 0 0 1 0 0 1 0 0 1 0 0 1 0 0 1 0 0 1 0 0 1 0 0 1 0 0 1 0 0 1 0 0 1 0 0 1 0 0 1 0 0 1 0 0 1 0 0 1 0 0 1 0 0 1 0 0 1 0 0 1 0 0 1 0 0 1 0 0 1 0 0 1 0 0 1 0 0 1 0 0 1 0 0 1 0 0 1 0 0 1 0 0 1 0 0 1 0 0 1 0 0 1 0 0 1 0 0 1 0 0 1 0 0 1 0 0 1 0 0 1 0 0 1 0 0 1 0 0 1 0 0 1 0 0 1 0 0 1 0 0 1 0 0 1 0 0 1 0 0 1 0 0 1 0 0 1 0 0 1 0 0 1 0 0 1 0 0 1 0 0 1 0 0 0 0 1 1 0 1 1 0 0 1 0 0 0 0 1 1 0 1 1 0 0 1 0 0 0 0 1 1 0 1 1 0 0 1 0 0 0 0 1 1 0 1 1 0 0 1 0 0 0 0 1 1 0 1 1 0 0 1 0 0 0 0 1 1 0 1 1 0 0 1 0 0 1 0 0 1 0 0 0 0 1 1 0 1 1 0 0 1 0 0 1 0 0 1 0 0 1 0 0 1 0 0 1 0 0 1 0 0 0 0 1 1 0 1 0 0 1 1 0 1 1 0 0 1 0 0 1 0 0 1 0 0 0 0 1 1 0 1 1 0 0 1 0 0 0 0 1 1 0 1 0 0 1 1 0 1 1 0 0 1 0 0 0 0 1 1 0 1 1 0 0 1 0 0 0 0 1 1 0 1 0 0 1 1 0 1 0 0 1 1 0 1 1 0 0 1 0 0 0 0 1 1 0 1 1 0 0 1 0 0 0 0 1 1 0 1 1 0 0 1 0 0 0 0 1 1 0 1 1 0 0 1 0 0 0 0 1 1 0 1 1 0 0 1 0 0 0 0 1 1 0 1 1 0 0 1 0 0 0 0 1 1 0 1 1 0 0 1 0 0 0 0 1 1 0 1 0 0 1 1 0 1 1 0 0 1 0 0 0 0 1 1 0 1 1 0 0 1 0 0 1 0 0 1 0 0 0 0 1 1 0 1 1 0 0 1 0 0 1 0 0 1 0 0 0 0 1 1 0 1 1 0 0 1 0 0 1 0 0 1 0 0 0 0 1 1 0 1 0 0 1 1 0 1 1 0 0 1 0 0 0 0 1 1 0 1 0 0 1 1 0 1 1 0 0 1 0 0 0 0 1 1 0 1 0 0 1 1 0 1 1 0 0 1 0 0 1 0 0 1 0 0 0 0 1 1 0 1 1 0 0 1 0 0 1 0 0 1 0 0 0 0 1 1 0 1 0 0 1 1 0 1 1 0 0 1 0 0 0 0 1 1 0 1 0 0 1 1 0 1 1 0 0 1 0 0 0 0 1 1 0 1 0 0 1 1 0 1 1 0 0 1 0 0 0 0 1 1 0 1 0 0 1 1 0 1 1 0 0 1 0 0 0 0 1 1 0 1 1 0 0 1 0 0 0 0 1 1 0 1 1 0 0 1 0 0 0 0 1 1 0 1 1 0 0 1 0 0 0 0 1 1 0 1 1 0 0 1 0 0 0 0 1 1 0 1 1 0 0 1 0 0 0 0 1 1 0 1 1 0 0 1 0 0 0 0 1 1 0 1 1 0 0 1 0 0 1 0 0 1 0 0 0 0 1 1 0 1 0 0 1 1 0 1 0 0 1 1 0 1 0 0 1 1 0 1 1 0 0 1 0 0 1 0 0 1 0 0 1 0 0 1 0 0 1 0 0 1 0 0 1 0 0 1 0 0 1 0 0 1 0 0 1 0 0 1 0 0 1 0 0 1 0 0 0 0 1 1 0 1 0 0 1 1 0 1 0 0 1 1 0 1 0 0 1 1 0 1 0 0 1 1 0 1 0 0 1 1 0 1 1 0 0 1 0 0 0 0 1 1 0 1 1 0 0 1 0 0 0 0 1 1 0 1 0 0 1 1 0 1 1 0 0 1 0 0 0 0 1 1 0 1 1 0 0 1 0 0 1 0 0 1 0 0 1 0 0 1 0 0 0 0 1 1 0 1 0 0 1 1 0 1 0 0 1 1 0 1 1 0 0 1 0 0 1 0 0 1 0 0 0 0 1 1 0 1 0 0 1 1 0 1 0 0 1 1 0 1 0 0 1 1 0 1 0 0 1 1 0 1 0 0 1 1 0 1 1 0 0 1 0 0 1 0 0 1 0 0 1 0 0 1 0 0 0 0 1 1 0 1 1 0 0 1 0 0 1 0 0 1 0 0 0 0 1 1 0 1 0 0 1 1 0 1 0 0 1 1 0 1 1 0 0 1 0 0 0 0 1 1 0 1 1 0 0 1 0 0 0 0 1 1 0 1 1 0 0 1 0 0 0 0 1 1 0 1 0 0 1 1 0 1 1 0 0 1 0 0 1 0 0 1 0 0 0 0 1 1 0 1 0 0 1 1 0 1 1 0 0 1 0 0 1 0 0 1 0 0 0 0 1 1 0 1 0 0 1 1 0 1 0 0 1 1 0 1 1 0 0 1 0 0 0 0 1 1 0 1 0 0 1 1 0 1 1 0 0 1 0 0 0 0 1 1 0 1 0 0 1 1 0 1 1 0 0 1 0 0 0 0 1 1 0 1 0 0 1 1 0 1 1 0 0 1 0 0 1 0 0 1 0 0 1 0 0 1 0 0 1 0 0 1 0 0 1 0 0 1 0 0 0 0 1 1 0 1 1 0 0 1 0 0 1 0 0 1 0 0 0.990393 0.597545 0.597545 0.009606957 0.009606957 0.402455 0 0 1 1 0 1 1 0 0 1 0 0 0 0 1 1 0 1 0 0 1 1 0 1 0 0 1 1 0 1 0 0 1 1 0 1 1 0 0 1 0 0 0 0 1 1 0 1 0 0 1 1 0 1 0 0 1 1 0 1 1 0 0 1 0 0 0 0 1 1 0 1 1 0 0 1 0 0 1 0 0 1 0 0 1 0 0 1 0 0 0 0 1 1 0 1 0 0 1 1 0 1 0 0 1 1 0 1 1 0 0 1 0 0 1 0 0 1 0 0 1 0 0 1 0 0 1 0 0 1 0 0 0 0 1 1 0 1 1 0 0 1 0 0 1 0 0 1 0 0 1 0 0 1 0 0 0 0 1 1 0 1 0 0 1 1 0 1 1 0 0 1 0 0 1 0 0 1 0 0 0 0 1 1 0 1 1 0 0 1 0 0 1 0 0 1 0 0 1 0 0 1 0 0 1 0 0 1 0 0 1 0 0 1 0 0 1 0 0 1 0 0 0 0 1 1 0 1 1 0 0 1 0 0 1 0 0 1 0 0 0 0 1 1 0 1 0 0 1 1 0 1 1 0 0 1 0 0 0 0 1 1 0 1 0 0 1 1 0 1 1 0 0 1 0 0 0 0 1 1 0 1 0 0 1 1 0 1 0 0 1 1 0 1 0 0 1 1 0 1 0 0 1 1 0 1 0 0 1 1 0 1 0 0 1 1 0 1 0 0 1 1 0 1 1 0 0 1 0 0 0 0 1 1 0 1 0 0 1 1 0 1 0 0 1 1 0 1 0 0 1 1 0 1 1 0 0 1 0 0 0 0 1 1 0 1 0 0 1 1 0 1 0 0 1 1 0 1 0 0 1 1 0 1 0 0 1 1 0 1 0 0 1 1 0 1 0 0 1 1 0 1 0 0 1 1 0 1 0 0 1 1 0 1 0 0 1 1 0 1 0 0 1 1 0 1 0 0 1 1 0 1 1 0 0 1 0 0 1 0 0 1 0 0 1 0 0 1 0 0 1 0 0 1 0 0 1 0 0 1 0 0 1 0 0 1 0 0 1 0 0 1 0 0 1 0 0 1 0 0 0 0 1 1 0 1 1 0 0 1 0 0 1 0 0 1 0 0 0 0 1 1 0 1 0 0 1 1 0 1 0 0 1 1 0 1 0 0 1 1 0 1 0 0 1 1 0 1 1 0 0 1 0 0 0 0 1 1 0 1 0 0 1 1 0 1 0 0 1 1 0 1 0 0 1 1 0 1 1 0 0 1 0 0 1 0 0 1 0 0 0 0 1 1 0 1 0 0 1 1 0 1 0 0 1 1 0 1 0 0 1 1 0 1 1 0 0 1 0 0 0 0 1 1 0 1 0 0 1 1 0 1 0 0 1 1 0 1 0 0 1 1 0 1 1 0 0 1 0 0 1 0 0 1 0 0 1 0 0 1 0 0 1 0 0 1 0 0 0 0 1 1 0 1 0 0 1 1 0 1 0 0 1 1 0 1 0 0 1 1 0 1 0 0 1 1 0 1 0 0 1 1 0 1 0 0 1 1 0 1 0 0 1 1 0 1 1 0 0 1 0 0 0 0 1 1 0 1 0 0 1 1 0 1 1 0 0 1 0 0 0 0 1 1 0 1 0 0 1 1 0 1 0 0 1 1 0 1 0 0 1 1 0 1 0 0 1 1 0 1 0 0 1 1 0 1 0 0 1 1 0 1 0 0 1 1 0 1 0 0 1 1 0 1 0 0 1 1 0 1 0 0 1 1 0 1 0 0 1 1 0 1 1 0 0 1 0 0 0 0 1 1 0 1 0 0 1 1 0 1 1 0 0 1 0 0 0 0 1 1 0 1 0 0 1 1 0 1 0 0 1 1 0 1 0 0 1 1 0 1 0 0 1 1 0 1 0 0 1 1 0 1 0 0 1 1 0 1 0 0 1 1 0 1 0.009606957 0.402455 0.084266 0.777786 0.402456 0.990393 0 0 1 0 1 1 1 0 1 1 0 1 1 0 1 1 0 1 1 0 1 1 0 1 0 0 1 0 1 1 1 0 1 1 0 1 0 0 1 0 1 1 1 0 1 1 0 1 1 0 1 1 0 1 0 0 1 0 1 1 0 0 1 0 1 1 1 0 1 1 0 1 0 0 1 0 1 1 1 0 1 1 0 1 1 0 1 1 0 1 1 0 1 1 0 1 1 0 1 1 0 1 1 0 1 1 0 1 1 0 1 1 0 1 1 0 1 1 0 1 1 0 1 1 0 1 0 0 1 0 1 1 1 0 1 1 0 1 0 0 1 0 1 1 1 0 1 1 0 1 1 0 1 1 0 1 1 0 1 1 0 1 0 0 1 0 1 1 0 0 1 0 1 1 0 0 1 0 1 1 0 0 1 0 1 1 0 0 1 0 1 1 1 0 1 1 0 1 1 0 1 1 0 1 1 0 1 1 0 1 1 0 1 1 0 1 1 0 1 1 0 1 1 0 1 1 0 1 1 0 1 1 0 1 1 0 1 1 0 1 1 0 1 1 0 1 1 0 1 1 0 1 1 0 1 1 0 1 1 0 1 1 0 1 1 0 1 1 0 1 1 0 1 1 0 1 1 0 1 1 0 1 1 0 1 1 0 1 1 0 1 1 0 1 1 0 1 1 0 1 1 0 1 1 0 1 1 0 1 1 0 1 1 0 1 1 0 1 1 0 1 1 0 1 1 0 1 1 0 1 1 0 1 1 0 1 1 0 1 1 0 1 1 0 1 1 0 1 1 0 1 1 0 1 1 0 1 1 0 1 1 0 1 1 0 1 1 0 1 1 0 1 1 0 1 1 0 1 1 0 1 1 0 1 0 0 1 0 1 1 1 0 1 1 0 1 0 0 1 0 1 1 1 0 1 1 0 1 0 0 1 0 1 1 1 0 1 1 0 1 0 0 1 0 1 1 1 0 1 1 0 1 0 0 1 0 1 1 1 0 1 1 0 1 0 0 1 0 1 1 1 0 1 1 0 1 1 0 1 1 0 1 0 0 1 0 1 1 1 0 1 1 0 1 1 0 1 1 0 1 1 0 1 1 0 1 1 0 1 1 0 1 0 0 1 0 1 1 0 0 1 0 1 1 1 0 1 1 0 1 1 0 1 1 0 1 0 0 1 0 1 1 1 0 1 1 0 1 0 0 1 0 1 1 0 0 1 0 1 1 1 0 1 1 0 1 0 0 1 0 1 1 1 0 1 1 0 1 0 0 1 0 1 1 0 0 1 0 1 1 0 0 1 0 1 1 1 0 1 1 0 1 0 0 1 0 1 1 1 0 1 1 0 1 0 0 1 0 1 1 1 0 1 1 0 1 0 0 1 0 1 1 1 0 1 1 0 1 0 0 1 0 1 1 1 0 1 1 0 1 0 0 1 0 1 1 1 0 1 1 0 1 0 0 1 0 1 1 1 0 1 1 0 1 0 0 1 0 1 1 0 0 1 0 1 1 1 0 1 1 0 1 0 0 1 0 1 1 1 0 1 1 0 1 1 0 1 1 0 1 0 0 1 0 1 1 1 0 1 1 0 1 1 0 1 1 0 1 0 0 1 0 1 1 1 0 1 1 0 1 1 0 1 1 0 1 0 0 1 0 1 1 0 0 1 0 1 1 1 0 1 1 0 1 0 0 1 0 1 1 0 0 1 0 1 1 1 0 1 1 0 1 0 0 1 0 1 1 0 0 1 0 1 1 1 0 1 1 0 1 1 0 1 1 0 1 0 0 1 0 1 1 1 0 1 1 0 1 1 0 1 1 0 1 0 0 1 0 1 1 0 0 1 0 1 1 1 0 1 1 0 1 0 0 1 0 1 1 0 0 1 0 1 1 1 0 1 1 0 1 0 0 1 0 1 1 0 0 1 0 1 1 1 0 1 1 0 1 0 0 1 0 1 1 0 0 1 0 1 1 1 0 1 1 0 1 0 0 1 0 1 1 1 0 1 1 0 1 0 0 1 0 1 1 1 0 1 1 0 1 0 0 1 0 1 1 1 0 1 1 0 1 0 0 1 0 1 1 1 0 1 1 0 1 0 0 1 0 1 1 1 0 1 1 0 1 0 0 1 0 1 1 1 0 1 1 0 1 0 0 1 0 1 1 1 0 1 1 0 1 1 0 1 1 0 1 0 0 1 0 1 1 0 0 1 0 1 1 0 0 1 0 1 1 0 0 1 0 1 1 1 0 1 1 0 1 1 0 1 1 0 1 1 0 1 1 0 1 1 0 1 1 0 1 1 0 1 1 0 1 1 0 1 1 0 1 1 0 1 1 0 1 1 0 1 1 0 1 0 0 1 0 1 1 0 0 1 0 1 1 0 0 1 0 1 1 0 0 1 0 1 1 0 0 1 0 1 1 0 0 1 0 1 1 1 0 1 1 0 1 0 0 1 0 1 1 1 0 1 1 0 1 0 0 1 0 1 1 0 0 1 0 1 1 1 0 1 1 0 1 0 0 1 0 1 1 1 0 1 1 0 1 1 0 1 1 0 1 1 0 1 1 0 1 0 0 1 0 1 1 0 0 1 0 1 1 0 0 1 0 1 1 1 0 1 1 0 1 1 0 1 1 0 1 0 0 1 0 1 1 0 0 1 0 1 1 0 0 1 0 1 1 0 0 1 0 1 1 0 0 1 0 1 1 0 0 1 0 1 1 1 0 1 1 0 1 1 0 1 1 0 1 1 0 1 1 0 1 0 0 1 0 1 1 1 0 1 1 0 1 1 0 1 1 0 1 0 0 1 0 1 1 0 0 1 0 1 1 0 0 1 0 1 1 1 0 1 1 0 1 0 0 1 0 1 1 1 0 1 1 0 1 0 0 1 0 1 1 1 0 1 1 0 1 0 0 1 0 1 1 0 0 1 0 1 1 1 0 1 1 0 1 1 0 1 1 0 1 0 0 1 0 1 1 0 0 1 0 1 1 1 0 1 1 0 1 1 0 1 1 0 1 0 0 1 0 1 1 0 0 1 0 1 1 0 0 1 0 1 1 1 0 1 1 0 1 0 0 1 0 1 1 0 0 1 0 1 1 1 0 1 1 0 1 0 0 1 0 1 1 0 0 1 0 1 1 1 0 1 1 0 1 0 0 1 0 1 1 0 0 1 0 1 1 1 0 1 1 0 1 1 0 1 1 0 1 1 0 1 1 0 1 1 0 1 1 0 1 1 0 1 1 0 1 0 0 1 0 1 1 1 0 1 1 0 1 1 0 1 1 0 1 0.402456 0.990393 0.5 1 0.777785 0.915735 0.5 1 0.597545 0.990393 0.777785 0.915735 0.597545 0.990393 0.691342 0.96194 0.777785 0.915735 0.777785 0.915735 0.853553 0.853553 0.915735 0.777785 0.915735 0.777785 0.96194 0.691342 0.990393 0.597545 0.990393 0.597545 1 0.5 0.915735 0.2222149 1 0.5 0.990393 0.402455 0.915735 0.2222149 0.990393 0.402455 0.96194 0.308658 0.915735 0.2222149 0.915735 0.2222149 0.853553 0.146447 0.777785 0.08426499 0.777785 0.08426499 0.691342 0.03805994 0.597545 0.009606957 0.597545 0.009606957 0.5 0 0.402455 0.009606957 0.402455 0.009606957 0.308658 0.03805994 0.2222149 0.08426499 0.2222149 0.08426499 0.146446 0.146447 0.08426499 0.2222149 0.08426499 0.2222149 0.03805994 0.308659 0.2222149 0.08426499 0.03805994 0.308659 0.009606957 0.402455 0.2222149 0.08426499 0.009606957 0.402455 0 0.5 0.009606957 0.597546 0.009606957 0.597546 0.03805994 0.691342 0.009606957 0.402455 0.03805994 0.691342 0.084266 0.777786 0.009606957 0.402455 0.084266 0.777786 0.146447 0.853554 0.2222149 0.915735 0.2222149 0.915735 0.308659 0.96194 0.084266 0.777786 0.308659 0.96194 0.402456 0.990393 0.084266 0.777786 0.777785 0.915735 0.915735 0.777785 0.402456 0.990393 0.915735 0.777785 0.990393 0.597545 0.402456 0.990393 0.915735 0.2222149 0.777785 0.08426499 0.990393 0.597545 0.777785 0.08426499 0.597545 0.009606957 0.990393 0.597545 0.597545 0.009606957 0.402455 0.009606957 0.2222149 0.08426499 0.597545 0.009606957 0.2222149 0.08426499 0.009606957 0.402455 0.009606957 0.402455 0.084266 0.777786 0.402456 0.990393 0.402456 0.990393 0.990393 0.597545 0.009606957 0.402455 0 0 1 0 1 1 1 0 1 1 0 1 0 0 1 0 1 1 0 0 1 0 1 1 0 0 1 0 1 1 0 0 1 0 1 1 1 0 1 1 0 1 0 0 1 0 1 1 0 0 1 0 1 1 0 0 1 0 1 1 1 0 1 1 0 1 0 0 1 0 1 1 1 0 1 1 0 1 1 0 1 1 0 1 1 0 1 1 0 1 0 0 1 0 1 1 0 0 1 0 1 1 0 0 1 0 1 1 1 0 1 1 0 1 1 0 1 1 0 1 1 0 1 1 0 1 1 0 1 1 0 1 0 0 1 0 1 1 1 0 1 1 0 1 1 0 1 1 0 1 1 0 1 1 0 1 0 0 1 0 1 1 0 0 1 0 1 1 1 0 1 1 0 1 1 0 1 1 0 1 0 0 1 0 1 1 1 0 1 1 0 1 1 0 1 1 0 1 1 0 1 1 0 1 1 0 1 1 0 1 1 0 1 1 0 1 1 0 1 1 0 1 0 0 1 0 1 1 1 0 1 1 0 1 1 0 1 1 0 1 0 0 1 0 1 1 0 0 1 0 1 1 1 0 1 1 0 1 0 0 1 0 1 1 0 0 1 0 1 1 1 0 1 1 0 1 0 0 1 0 1 1 0 0 1 0 1 1 0 0 1 0 1 1 0 0 1 0 1 1 0 0 1 0 1 1 0 0 1 0 1 1 0 0 1 0 1 1 0 0 1 0 1 1 1 0 1 1 0 1 0 0 1 0 1 1 0 0 1 0 1 1 0 0 1 0 1 1 0 0 1 0 1 1 1 0 1 1 0 1 0 0 1 0 1 1 0 0 1 0 1 1 0 0 1 0 1 1 0 0 1 0 1 1 0 0 1 0 1 1 0 0 1 0 1 1 0 0 1 0 1 1 0 0 1 0 1 1 0 0 1 0 1 1 0 0 1 0 1 1 0 0 1 0 1 1 0 0 1 0 1 1 1 0 1 1 0 1 1 0 1 1 0 1 1 0 1 1 0 1 1 0 1 1 0 1 1 0 1 1 0 1 1 0 1 1 0 1 1 0 1 1 0 1 1 0 1 1 0 1 0 0 1 0 1 1 1 0 1 1 0 1 1 0 1 1 0 1 0 0 1 0 1 1 0 0 1 0 1 1 0 0 1 0 1 1 0 0 1 0 1 1 0 0 1 0 1 1 1 0 1 1 0 1 0 0 1 0 1 1 0 0 1 0 1 1 0 0 1 0 1 1 0 0 1 0 1 1 1 0 1 1 0 1 1 0 1 1 0 1 0 0 1 0 1 1 0 0 1 0 1 1 0 0 1 0 1 1 0 0 1 0 1 1 1 0 1 1 0 1 0 0 1 0 1 1 0 0 1 0 1 1 0 0 1 0 1 1 0 0 1 0 1 1 1 0 1 1 0 1 1 0 1 1 0 1 1 0 1 1 0 1 1 0 1 1 0 1 0 0 1 0 1 1 0 0 1 0 1 1 0 0 1 0 1 1 0 0 1 0 1 1 0 0 1 0 1 1 0 0 1 0 1 1 0 0 1 0 1 1 0 0 1 0 1 1 1 0 1 1 0 1 0 0 1 0 1 1 0 0 1 0 1 1 1 0 1 1 0 1 0 0 1 0 1 1 0 0 1 0 1 1 0 0 1 0 1 1 0 0 1 0 1 1 0 0 1 0 1 1 0 0 1 0 1 1 0 0 1 0 1 1 0 0 1 0 1 1 0 0 1 0 1 1 0 0 1 0 1 1 0 0 1 0 1 1 0 0 1 0 1 1 1 0 1 1 0 1 0 0 1 0 1 1 0 0 1 0 1 1 1 0 1 1 0 1 0 0 1 0 1 1 0 0 1 0 1 1 0 0 1 0 1 1 0 0 1 0 1 1 0 0 1 0 1 1 0 0 1 0 1 1 0 0 1 0 1 1 0 0 1 0 1 1 0.402456 0.990393 0.5 1 0.777785 0.915735 0.5 1 0.597545 0.990393 0.777785 0.915735 0.597545 0.990393 0.691342 0.96194 0.777785 0.915735 0.777785 0.915735 0.853553 0.853553 0.915735 0.777785 0.915735 0.777785 0.96194 0.691342 0.777785 0.915735 0.96194 0.691342 0.990393 0.597545 0.777785 0.915735 0.990393 0.597545 1 0.5 0.915735 0.2222149 1 0.5 0.990393 0.402455 0.915735 0.2222149 0.990393 0.402455 0.96194 0.308658 0.915735 0.2222149 0.915735 0.2222149 0.853553 0.146447 0.777785 0.08426499 0.777785 0.08426499 0.691342 0.03805994 0.915735 0.2222149 0.691342 0.03805994 0.597545 0.009606957 0.915735 0.2222149 0.597545 0.009606957 0.5 0 0.2222149 0.08426499 0.5 0 0.402455 0.009606957 0.2222149 0.08426499 0.402455 0.009606957 0.308658 0.03805994 0.2222149 0.08426499 0.2222149 0.08426499 0.146446 0.146447 0.08426499 0.2222149 0.08426499 0.2222149 0.03805994 0.308659 0.2222149 0.08426499 0.03805994 0.308659 0.009606957 0.402455 0.2222149 0.08426499 0.009606957 0.402455 0 0.5 0.084266 0.777786 0 0.5 0.009606957 0.597546 0.084266 0.777786 0.009606957 0.597546 0.03805994 0.691342 0.084266 0.777786 0.084266 0.777786 0.146447 0.853554 0.2222149 0.915735 0.2222149 0.915735 0.308659 0.96194 0.084266 0.777786 0.308659 0.96194 0.402456 0.990393 0.084266 0.777786 0.402456 0.990393 0.777785 0.915735 0.597545 0.009606957 0.777785 0.915735 0.990393 0.597545 0.597545 0.009606957 0.990393 0.597545 0.915735 0.2222149 0.597545 0.009606957 0.597545 0.009606957 0.2222149 0.08426499 0.402456 0.990393 0.2222149 0.08426499 0.009606957 0.402455 0.402456 0.990393</float_array>
          <technique_common>
            <accessor source="#Circle_001_Circle_000-mesh-map-0-array" count="2496" stride="2">
              <param name="S" type="float"/>
              <param name="T" type="float"/>
            </accessor>
          </technique_common>
        </source>
        <vertices id="Circle_001_Circle_000-mesh-vertices">
          <input semantic="POSITION" source="#Circle_001_Circle_000-mesh-positions"/>
        </vertices>
        <triangles material="Ruote_001-material" count="832">
          <input semantic="VERTEX" source="#Circle_001_Circle_000-mesh-vertices" offset="0"/>
          <input semantic="NORMAL" source="#Circle_001_Circle_000-mesh-normals" offset="1"/>
          <input semantic="TEXCOORD" source="#Circle_001_Circle_000-mesh-map-0" offset="2" set="0"/>
          <p>0 0 0 2 1 1 3 2 2 5 3 3 7 4 4 4 5 5 0 6 6 9 7 7 8 8 8 4 9 9 11 10 10 10 11 11 12 12 12 9 13 13 13 14 14 10 15 15 15 16 16 14 17 17 16 18 18 13 19 19 17 20 20 19 21 21 21 22 22 18 23 23 14 24 24 23 25 25 22 26 26 24 27 27 17 28 28 25 29 29 26 30 30 21 31 31 27 32 32 22 33 33 29 34 34 28 35 35 30 36 36 25 37 37 31 38 38 26 39 39 33 40 40 32 41 41 28 42 42 35 43 43 34 44 44 30 45 45 37 46 46 36 47 47 32 48 48 39 49 49 38 50 50 34 51 51 41 52 52 40 53 53 36 54 54 43 55 55 42 56 56 38 57 57 45 58 58 44 59 59 40 60 60 20 61 61 19 62 62 46 63 63 43 64 64 47 65 65 44 66 66 49 67 67 48 68 68 50 69 69 47 70 70 51 71 71 48 72 72 53 73 73 52 74 74 50 75 75 55 76 76 54 77 77 52 78 78 57 79 79 56 80 80 58 81 81 55 82 82 59 83 83 60 84 84 57 85 85 61 86 86 62 87 87 59 88 88 63 89 89 1 90 90 61 91 91 2 92 92 5 93 93 63 94 94 6 95 95 0 96 96 65 97 97 1 98 98 4 99 99 67 100 100 5 101 101 8 102 102 64 103 103 0 104 104 10 105 105 66 106 106 4 107 107 12 108 108 68 109 109 8 110 110 14 111 111 69 112 112 10 113 113 16 114 114 70 115 115 12 116 116 18 117 117 74 118 118 19 119 119 22 120 120 71 121 121 14 122 122 24 123 123 72 124 124 16 125 125 26 126 126 73 126 127 18 126 128 28 127 129 75 128 130 22 129 131 30 130 132 76 131 133 24 132 134 32 133 135 77 134 136 26 135 137 34 136 138 78 137 139 28 138 140 36 139 141 79 140 142 30 141 143 38 142 144 80 143 145 32 144 146 40 145 147 81 146 148 34 147 149 42 148 150 82 148 151 36 149 152 44 150 153 83 151 154 38 152 155 19 153 156 84 153 157 40 154 158 46 155 159 85 156 160 42 157 161 48 158 162 86 159 163 44 160 164 50 161 165 87 162 166 46 163 167 52 164 168 88 165 169 48 166 170 54 167 171 89 168 172 50 169 173 56 170 174 90 171 175 52 172 176 58 173 177 91 174 178 54 175 179 60 176 180 92 177 181 56 178 182 62 179 183 93 179 184 58 180 185 1 181 186 94 182 187 60 183 188 5 184 189 95 185 190 62 186 191 91 187 192 96 188 193 97 189 194 94 190 195 99 191 196 92 192 197 93 193 198 100 194 199 96 195 200 65 196 201 98 197 202 94 198 203 95 199 204 102 200 205 100 201 206 64 202 207 101 203 208 65 204 209 67 205 210 104 206 211 102 207 212 68 208 213 103 209 214 64 210 215 66 211 216 106 212 217 104 213 218 70 214 219 105 215 220 68 216 221 69 217 222 108 218 223 106 219 224 72 220 225 107 221 226 70 222 227 73 223 228 111 224 229 74 225 230 71 226 231 112 227 232 108 228 233 76 229 234 109 230 235 72 231 236 77 232 237 110 233 238 73 234 239 78 235 240 112 236 241 75 237 242 79 238 243 113 239 244 76 240 245 77 241 246 117 242 247 114 243 248 78 244 249 118 245 250 115 246 251 82 247 252 116 248 253 79 249 254 83 250 255 117 251 256 80 252 257 81 253 258 121 254 259 118 255 260 85 256 261 119 257 262 82 258 263 83 259 264 123 260 265 120 261 266 84 262 267 111 263 268 121 264 269 87 265 270 122 266 271 85 267 272 86 268 273 125 269 274 123 270 275 89 271 276 124 272 277 87 273 278 88 274 279 127 275 280 125 276 281 89 277 282 97 278 283 126 279 284 90 280 285 99 281 286 127 282 287 43 283 288 129 284 289 47 285 290 49 286 291 130 287 292 131 288 293 47 285 294 132 289 295 51 290 296 53 291 297 131 288 298 133 292 299 51 290 300 134 293 301 55 294 302 57 295 303 133 292 304 135 296 305 55 294 306 136 297 307 59 298 308 61 299 309 135 296 310 137 300 311 59 298 312 138 301 313 63 302 314 2 303 315 137 300 316 139 304 317 63 302 318 140 305 319 6 306 320 3 307 321 139 304 322 141 308 323 6 306 324 142 309 325 7 310 326 9 311 327 141 308 328 143 312 329 13 313 330 144 314 331 145 315 332 7 310 333 146 316 334 11 317 335 13 318 336 143 312 337 145 319 338 11 317 339 147 320 340 15 321 341 13 322 342 148 323 343 17 324 344 21 325 345 149 326 346 150 327 347 15 321 348 151 328 349 23 329 350 17 324 351 152 330 352 25 331 353 27 332 354 150 327 355 153 333 356 23 329 357 154 334 358 29 335 359 25 331 360 155 336 361 31 337 362 33 338 363 153 333 364 156 339 365 35 340 366 154 334 367 157 341 368 31 337 369 158 342 370 37 343 371 39 344 372 156 339 373 159 345 374 41 346 375 157 341 376 160 347 377 37 343 378 128 348 379 43 283 380 45 349 381 159 345 382 130 287 383 20 350 384 160 347 385 149 326 386 147 351 387 162 352 388 151 353 389 148 354 390 164 355 391 152 356 392 153 357 393 165 358 394 166 359 395 151 360 396 167 361 397 154 362 398 152 363 399 168 364 400 155 365 401 156 366 402 166 367 403 169 368 404 157 369 405 167 370 406 170 371 407 155 372 408 171 373 409 158 374 410 159 375 411 169 376 412 172 377 413 160 378 414 170 379 415 173 380 416 158 381 417 174 382 418 128 383 419 130 384 420 172 385 421 175 386 422 149 387 423 173 388 424 176 389 425 128 390 426 177 391 427 129 392 428 131 393 429 175 394 430 178 395 431 145 315 432 179 396 433 180 397 434 129 398 435 181 399 436 132 400 437 133 401 438 178 402 439 182 403 440 132 404 441 183 405 442 134 406 443 135 407 444 182 408 445 184 409 446 134 410 447 185 411 448 136 412 449 137 413 450 184 414 451 186 415 452 136 416 453 187 417 454 138 418 455 139 419 456 186 420 457 188 421 458 138 422 459 189 423 460 140 424 461 141 425 462 188 426 463 190 427 464 140 428 465 191 429 466 142 430 467 143 431 468 190 432 469 192 433 470 142 434 471 193 435 472 146 436 473 145 437 474 192 438 475 180 439 476 146 440 477 161 441 478 147 442 479 145 443 480 163 444 481 148 445 482 150 446 483 176 447 484 165 448 485 182 449 486 195 450 487 184 451 488 175 452 489 197 453 490 178 454 491 169 455 492 199 456 493 172 457 494 200 458 495 166 459 496 165 460 497 202 461 498 176 462 499 173 463 500 204 464 501 170 465 502 167 466 503 206 467 504 162 468 505 161 469 506 208 470 507 193 471 508 191 472 509 210 473 510 189 474 511 187 475 512 212 476 513 185 477 514 183 478 515 214 479 516 181 480 517 177 481 518 171 482 519 217 483 520 174 484 521 164 485 522 219 486 523 168 487 524 180 488 525 221 489 526 163 490 527 190 491 528 223 492 529 192 493 530 186 494 531 225 495 532 188 496 533 205 497 534 226 498 535 227 499 536 219 500 537 229 501 538 216 502 539 199 503 540 230 504 541 231 505 542 205 506 543 232 507 544 202 508 545 217 509 546 229 510 547 233 511 548 196 512 549 231 513 550 234 514 551 202 515 552 235 516 553 203 517 554 214 518 555 233 519 556 236 520 557 196 521 558 237 522 559 197 523 560 214 524 561 238 525 562 215 526 563 197 527 564 239 528 565 194 529 566 212 530 567 238 531 568 240 532 569 195 533 570 239 534 571 241 535 572 213 536 573 240 537 574 242 538 575 195 539 576 243 540 577 224 541 578 213 542 579 244 543 580 210 544 581 225 545 582 243 546 583 245 547 584 211 548 585 244 549 586 246 550 587 222 551 588 245 552 589 247 553 590 208 554 591 246 555 592 248 556 593 223 557 594 247 558 595 249 559 596 209 560 597 248 561 598 250 562 599 223 563 600 251 564 601 220 565 602 209 566 603 252 567 604 206 568 605 220 569 606 253 570 607 221 571 608 200 572 609 235 573 610 254 574 611 206 575 612 255 576 613 207 577 614 221 578 615 256 579 616 218 580 617 201 581 618 254 582 619 257 583 620 204 584 621 255 585 622 226 586 623 219 587 624 256 588 625 228 589 626 201 590 627 230 591 628 198 592 629 236 593 630 258 594 631 259 595 632 234 596 633 261 597 634 237 598 635 238 599 636 259 600 637 262 601 638 237 602 639 263 603 640 239 604 641 240 605 642 262 606 643 264 607 644 241 608 645 263 609 646 265 610 647 240 611 648 266 612 649 242 613 650 241 614 651 267 615 652 243 616 653 244 617 654 266 618 655 268 619 656 245 620 657 267 621 658 269 622 659 244 623 660 270 624 661 246 625 662 245 626 663 271 627 664 247 628 665 248 629 666 270 630 667 272 631 668 249 632 669 271 633 670 273 634 671 250 635 672 272 636 673 274 637 674 249 638 675 275 639 676 251 640 677 252 641 678 274 642 679 276 643 680 253 644 681 275 645 682 277 646 683 235 647 684 279 648 685 254 649 686 255 650 687 276 651 688 280 652 689 256 653 690 277 654 691 281 655 692 254 656 693 282 657 694 257 658 695 226 659 696 280 660 697 283 661 698 228 662 699 281 663 700 284 664 701 257 665 702 285 666 703 230 667 704 226 668 705 286 669 706 227 670 707 228 671 708 287 672 709 229 673 710 230 674 711 288 675 712 231 676 713 227 677 714 289 678 715 232 679 716 233 680 717 287 681 718 258 682 719 231 683 720 260 684 721 234 685 722 232 686 723 278 687 724 235 688 725 274 689 726 258 690 727 269 691 728 101 692 729 290 693 730 291 694 731 104 695 732 293 696 733 102 697 734 103 698 735 294 699 736 290 693 737 104 695 738 295 700 739 292 701 740 105 702 741 296 703 742 294 699 743 106 704 744 297 705 745 295 700 746 109 706 747 296 703 748 107 702 749 111 702 750 299 707 751 300 702 752 108 708 753 301 709 754 297 705 755 109 706 756 302 710 757 298 711 758 114 712 759 299 707 760 110 702 761 112 713 762 304 714 763 301 709 764 116 715 765 302 710 766 113 702 767 117 716 768 303 717 769 114 712 770 118 718 771 304 714 772 115 719 773 116 715 774 308 720 775 305 721 776 117 716 777 309 722 778 306 723 779 118 718 780 310 724 781 307 725 782 122 726 783 308 720 784 119 702 785 123 727 786 309 722 787 120 728 788 111 702 789 310 724 790 121 702 791 124 729 792 311 730 793 122 726 794 123 727 795 314 731 796 312 732 797 126 702 798 313 733 799 124 729 800 127 734 801 314 731 802 125 735 803 97 736 804 315 737 805 126 702 806 127 734 807 318 738 808 316 739 809 97 736 810 319 740 811 317 741 812 98 742 813 318 738 814 99 702 815 100 743 816 319 740 817 96 744 818 98 742 819 291 694 820 320 745 821 102 697 822 321 746 823 100 743 824 292 747 825 323 748 826 293 749 827 294 750 828 325 751 829 290 752 830 295 753 831 322 754 832 292 755 833 296 756 834 324 757 835 294 758 836 297 759 837 326 760 838 295 761 839 296 762 840 329 763 841 327 764 842 299 765 843 331 766 844 300 767 845 301 768 846 328 769 847 297 770 848 298 771 849 333 772 850 329 773 851 299 774 852 334 775 853 330 776 854 304 777 855 332 778 856 301 779 857 302 780 858 336 781 859 333 782 860 303 783 861 337 784 862 334 785 863 307 786 864 335 787 865 304 788 866 305 789 867 339 790 868 336 791 869 306 792 870 340 793 871 337 794 872 307 795 873 341 796 874 338 797 875 308 798 876 342 799 877 339 800 878 309 801 879 343 802 880 340 803 881 310 804 882 331 805 883 341 806 884 311 807 885 344 808 886 342 809 887 312 810 888 345 811 889 343 812 890 315 813 891 344 814 892 313 815 893 314 816 894 347 817 895 345 818 896 315 819 897 348 820 898 346 821 899 316 822 900 349 823 901 347 824 902 317 825 903 350 826 904 348 827 905 320 828 906 349 829 907 318 830 908 319 831 909 352 832 910 350 833 911 320 834 912 353 835 913 351 836 914 321 837 915 323 838 916 352 839 917 291 840 918 325 841 919 353 842 920 349 843 921 354 844 922 355 845 923 353 846 924 356 847 925 357 848 926 324 849 927 358 850 928 359 851 929 329 852 930 360 853 931 361 854 932 336 855 933 362 856 934 363 857 935 342 858 936 364 859 937 365 860 938 346 861 939 366 862 940 367 863 941 350 864 942 368 865 943 369 866 944 322 867 945 371 868 946 323 869 947 328 870 948 373 871 949 326 872 950 335 873 951 375 874 952 332 875 953 341 876 954 377 877 955 338 878 956 330 879 957 379 880 958 331 881 959 337 882 960 381 883 961 334 884 962 343 885 963 383 886 964 340 887 965 347 888 966 385 889 967 345 890 968 367 891 969 386 892 970 387 893 971 360 894 972 389 895 973 361 896 974 378 897 975 391 898 976 381 899 977 367 900 978 392 901 979 387 902 980 363 903 981 388 904 982 393 905 983 381 906 984 394 907 985 391 908 986 369 909 987 392 910 988 395 911 989 383 912 990 394 913 991 396 914 992 368 915 993 395 916 994 369 917 995 383 918 996 398 919 997 396 920 998 371 921 999 397 922 1000 399 923 1001 385 924 1002 398 925 1003 400 926 1004 371 927 1005 401 928 1006 399 929 1007 384 930 1008 400 931 1009 385 932 1010 370 933 1011 403 934 1012 373 935 1013 355 936 1014 402 937 1015 404 938 1016 373 939 1017 405 940 1018 403 941 1019 355 942 1020 406 943 1021 404 944 1022 375 945 1023 405 946 1024 407 947 1025 354 948 1026 408 949 1027 357 950 1028 375 951 1029 409 952 1030 407 953 1031 357 954 1032 410 955 1033 408 956 1034 377 957 1035 409 958 1036 411 959 1037 363 960 1038 412 961 1039 393 962 1040 356 963 1041 413 964 1042 359 965 1043 376 966 1044 411 967 1045 377 968 1046 362 969 1047 415 970 1048 365 971 1049 358 972 1050 413 973 1051 359 974 1052 379 975 1053 414 976 1054 417 977 1055 365 978 1056 386 979 1057 415 980 1058 361 981 1059 416 982 1060 389 983 1061 379 984 1062 390 985 1063 417 986 1064 395 987 1065 418 988 1066 419 989 1067 396 990 1068 420 991 1069 421 992 1070 399 993 1071 418 994 1072 422 995 1073 400 996 1074 420 997 1075 423 998 1076 401 999 1077 422 1000 1078 399 1001 1079 400 1002 1080 425 1003 1081 423 1004 1082 403 1005 1083 424 1006 1084 426 1007 1085 402 1008 1086 427 1009 1087 404 1010 1088 403 1011 1089 428 1012 1090 426 1013 1091 404 1014 1092 429 1015 1093 427 1016 1094 407 1017 1095 428 1018 1096 430 1019 1097 408 1020 1098 429 1021 1099 431 1022 1100 407 1023 1101 432 1024 1102 430 1025 1103 408 1026 1104 433 1027 1105 431 1028 1106 411 1029 1107 432 1030 1108 434 1031 1109 393 1032 1110 435 1033 1111 436 1034 1112 413 1035 1113 433 1036 1114 437 1037 1115 411 1038 1116 438 1039 1117 434 1040 1118 415 1041 1119 435 1042 1120 439 1043 1121 413 1044 1122 440 1045 1123 437 1046 1124 414 1047 1125 441 1048 1126 417 1049 1127 415 1050 1128 442 1051 1129 439 1052 1130 389 1053 1131 440 1054 1132 443 1055 1133 390 1056 1134 441 1057 1135 417 1058 1136 387 1059 1137 442 1060 1138 445 1061 1139 389 1062 1140 446 1063 1141 443 1064 1142 391 1065 1143 444 1066 1144 447 1067 1145 387 1068 1146 448 1069 1147 445 1070 1148 393 1071 1149 446 1072 1150 436 1073 1151 391 1074 1152 449 1075 1153 447 1076 1154 395 1077 1155 448 1078 1156 419 1079 1157 396 1080 1158 449 1081 1159 421 1082 1160 427 1083 1161 437 1084 1162 436 1085 1163 0 0 1164 1 1086 1165 2 1 1166 5 3 1167 6 1087 1168 7 4 1169 0 6 1170 3 1088 1171 9 7 1172 4 9 1173 7 1089 1174 11 10 1175 12 12 1176 8 1090 1177 9 13 1178 10 15 1179 11 1091 1180 15 16 1181 16 18 1182 12 1092 1183 13 19 1184 19 21 1185 20 1093 1186 21 22 1187 14 24 1188 15 1094 1189 23 25 1190 24 27 1191 16 1095 1192 17 28 1193 26 30 1194 18 1096 1195 21 31 1196 22 33 1197 23 1097 1198 29 34 1199 30 36 1200 24 1098 1201 25 37 1202 26 39 1203 27 1099 1204 33 40 1205 28 42 1206 29 1100 1207 35 43 1208 30 45 1209 31 1101 1210 37 46 1211 32 48 1212 33 1102 1213 39 49 1214 34 51 1215 35 1103 1216 41 52 1217 36 54 1218 37 1104 1219 43 55 1220 38 57 1221 39 1105 1222 45 58 1223 40 60 1224 41 1106 1225 20 61 1226 46 63 1227 42 1107 1228 43 64 1229 44 66 1230 45 1108 1231 49 67 1232 50 69 1233 46 1109 1234 47 70 1235 48 72 1236 49 1110 1237 53 73 1238 50 75 1239 51 1111 1240 55 76 1241 52 78 1242 53 1112 1243 57 79 1244 58 81 1245 54 1113 1246 55 82 1247 60 84 1248 56 1114 1249 57 85 1250 62 87 1251 58 1115 1252 59 88 1253 1 90 1254 60 1116 1255 61 91 1256 5 93 1257 62 1117 1258 63 94 1259 0 96 1260 64 1118 1261 65 97 1262 4 99 1263 66 1119 1264 67 100 1265 8 102 1266 68 1120 1267 64 103 1268 10 105 1269 69 1121 1270 66 106 1271 12 108 1272 70 1122 1273 68 109 1274 14 111 1275 71 1123 1276 69 112 1277 16 114 1278 72 1124 1279 70 115 1280 18 117 1281 73 1125 1282 74 118 1283 22 120 1284 75 1126 1285 71 121 1286 24 123 1287 76 1127 1288 72 124 1289 26 126 1290 77 126 1291 73 126 1292 28 127 1293 78 1128 1294 75 128 1295 30 130 1296 79 1129 1297 76 131 1298 32 133 1299 80 1130 1300 77 134 1301 34 136 1302 81 137 1303 78 137 1304 36 139 1305 82 1131 1306 79 140 1307 38 142 1308 83 1132 1309 80 143 1310 40 145 1311 84 1133 1312 81 146 1313 42 148 1314 85 1134 1315 82 148 1316 44 150 1317 86 1135 1318 83 151 1319 19 153 1320 74 154 1321 84 153 1322 46 155 1323 87 1136 1324 85 156 1325 48 158 1326 88 1137 1327 86 159 1328 50 161 1329 89 1138 1330 87 162 1331 52 164 1332 90 1139 1333 88 165 1334 54 167 1335 91 1140 1336 89 168 1337 56 170 1338 92 1141 1339 90 171 1340 58 173 1341 93 1142 1342 91 174 1343 60 176 1344 94 1143 1345 92 177 1346 62 179 1347 95 180 1348 93 179 1349 1 181 1350 65 1144 1351 94 182 1352 5 184 1353 67 1145 1354 95 185 1355 91 187 1356 93 1146 1357 96 188 1358 94 190 1359 98 1147 1360 99 191 1361 93 193 1362 95 1148 1363 100 194 1364 65 196 1365 101 1149 1366 98 197 1367 95 199 1368 67 1150 1369 102 200 1370 64 202 1371 103 1151 1372 101 203 1373 67 205 1374 66 1152 1375 104 206 1376 68 208 1377 105 1153 1378 103 209 1379 66 211 1380 69 1154 1381 106 212 1382 70 214 1383 107 1155 1384 105 215 1385 69 217 1386 71 1156 1387 108 218 1388 72 220 1389 109 1157 1390 107 221 1391 73 223 1392 110 1158 1393 111 224 1394 71 226 1395 75 1159 1396 112 227 1397 76 229 1398 113 1160 1399 109 230 1400 77 232 1401 114 1161 1402 110 233 1403 78 235 1404 115 1162 1405 112 236 1406 79 238 1407 116 1163 1408 113 239 1409 77 241 1410 80 1164 1411 117 242 1412 78 244 1413 81 1165 1414 118 245 1415 82 247 1416 119 1166 1417 116 248 1418 83 250 1419 120 1167 1420 117 251 1421 81 253 1422 84 1168 1423 121 254 1424 85 256 1425 122 1169 1426 119 257 1427 83 259 1428 86 1170 1429 123 260 1430 84 262 1431 74 1171 1432 111 263 1433 87 265 1434 124 1172 1435 122 266 1436 86 268 1437 88 1173 1438 125 269 1439 89 271 1440 126 1174 1441 124 272 1442 88 274 1443 90 1175 1444 127 275 1445 89 277 1446 91 1176 1447 97 278 1448 90 280 1449 92 1177 1450 99 281 1451 43 283 1452 128 348 1453 129 284 1454 49 286 1455 45 349 1456 130 287 1457 47 285 1458 129 284 1459 132 289 1460 53 291 1461 49 286 1462 131 288 1463 51 290 1464 132 289 1465 134 293 1466 57 295 1467 53 291 1468 133 292 1469 55 294 1470 134 293 1471 136 297 1472 61 299 1473 57 295 1474 135 296 1475 59 298 1476 136 297 1477 138 301 1478 2 303 1479 61 299 1480 137 300 1481 63 302 1482 138 301 1483 140 305 1484 3 307 1485 2 303 1486 139 304 1487 6 306 1488 140 305 1489 142 309 1490 9 311 1491 3 307 1492 141 308 1493 13 313 1494 12 1178 1495 144 314 1496 7 310 1497 142 309 1498 146 316 1499 13 318 1500 9 311 1501 143 312 1502 11 317 1503 146 316 1504 147 320 1505 13 322 1506 145 1179 1507 148 323 1508 21 325 1509 20 350 1510 149 326 1511 15 321 1512 147 320 1513 151 328 1514 17 324 1515 148 323 1516 152 330 1517 27 332 1518 21 325 1519 150 327 1520 23 329 1521 151 328 1522 154 334 1523 25 331 1524 152 330 1525 155 336 1526 33 338 1527 27 332 1528 153 333 1529 35 340 1530 29 335 1531 154 334 1532 31 337 1533 155 336 1534 158 342 1535 39 344 1536 33 338 1537 156 339 1538 41 346 1539 35 340 1540 157 341 1541 37 343 1542 158 342 1543 128 348 1544 45 349 1545 39 344 1546 159 345 1547 20 350 1548 41 346 1549 160 347 1550 147 351 1551 161 1180 1552 162 352 1553 148 354 1554 163 1181 1555 164 355 1556 153 357 1557 150 1182 1558 165 358 1559 151 360 1560 162 1183 1561 167 361 1562 152 363 1563 164 1184 1564 168 364 1565 156 366 1566 153 1185 1567 166 367 1568 157 369 1569 154 1186 1570 167 370 1571 155 372 1572 168 1187 1573 171 373 1574 159 375 1575 156 1188 1576 169 376 1577 160 378 1578 157 1189 1579 170 379 1580 158 381 1581 171 1190 1582 174 382 1583 130 384 1584 159 1191 1585 172 385 1586 149 387 1587 160 1192 1588 173 388 1589 128 390 1590 174 1193 1591 177 391 1592 131 393 1593 130 1194 1594 175 394 1595 145 315 1596 144 314 1597 179 396 1598 129 398 1599 177 1195 1600 181 399 1601 133 401 1602 131 1196 1603 178 402 1604 132 404 1605 181 1197 1606 183 405 1607 135 407 1608 133 1198 1609 182 408 1610 134 410 1611 183 1199 1612 185 411 1613 137 413 1614 135 1200 1615 184 414 1616 136 416 1617 185 1201 1618 187 417 1619 139 419 1620 137 1202 1621 186 420 1622 138 422 1623 187 1203 1624 189 423 1625 141 425 1626 139 1204 1627 188 426 1628 140 428 1629 189 1205 1630 191 429 1631 143 431 1632 141 1206 1633 190 432 1634 142 434 1635 191 1207 1636 193 435 1637 145 437 1638 143 1208 1639 192 438 1640 146 440 1641 193 1209 1642 161 441 1643 145 443 1644 180 1210 1645 163 444 1646 150 446 1647 149 1211 1648 176 447 1649 182 449 1650 194 1212 1651 195 450 1652 175 452 1653 196 1213 1654 197 453 1655 169 455 1656 198 1214 1657 199 456 1658 200 458 1659 201 1215 1660 166 459 1661 202 461 1662 203 1216 1663 176 462 1664 204 464 1665 205 1217 1666 170 465 1667 206 467 1668 207 1218 1669 162 468 1670 208 470 1671 209 1219 1672 193 471 1673 210 473 1674 211 1220 1675 189 474 1676 212 476 1677 213 1221 1678 185 477 1679 214 479 1680 215 1222 1681 181 480 1682 171 482 1683 216 1223 1684 217 483 1685 164 485 1686 218 1224 1687 219 486 1688 180 488 1689 220 1225 1690 221 489 1691 190 491 1692 222 1226 1693 223 492 1694 186 494 1695 224 1227 1696 225 495 1697 205 497 1698 204 1228 1699 226 498 1700 219 500 1701 228 1229 1702 229 501 1703 199 503 1704 198 1230 1705 230 504 1706 205 506 1707 227 1231 1708 232 507 1709 217 509 1710 216 1232 1711 229 510 1712 196 512 1713 199 1233 1714 231 513 1715 202 515 1716 232 1234 1717 235 516 1718 214 518 1719 217 1235 1720 233 519 1721 196 521 1722 234 1236 1723 237 522 1724 214 524 1725 236 1237 1726 238 525 1727 197 527 1728 237 1238 1729 239 528 1730 212 530 1731 215 1239 1732 238 531 1733 195 533 1734 194 1240 1735 239 534 1736 213 536 1737 212 1241 1738 240 537 1739 195 539 1740 241 1242 1741 243 540 1742 213 542 1743 242 1243 1744 244 543 1745 225 545 1746 224 1244 1747 243 546 1748 211 548 1749 210 1245 1750 244 549 1751 222 551 1752 225 1246 1753 245 552 1754 208 554 1755 211 1247 1756 246 555 1757 223 557 1758 222 1248 1759 247 558 1760 209 560 1761 208 1249 1762 248 561 1763 223 563 1764 249 1250 1765 251 564 1766 209 566 1767 250 1251 1768 252 567 1769 220 569 1770 251 1252 1771 253 570 1772 200 572 1773 203 1253 1774 235 573 1775 206 575 1776 252 1254 1777 255 576 1778 221 578 1779 253 1255 1780 256 579 1781 201 581 1782 200 1256 1783 254 582 1784 204 584 1785 207 1257 1786 255 585 1787 219 587 1788 218 1258 1789 256 588 1790 201 590 1791 257 1259 1792 230 591 1793 236 593 1794 233 1260 1795 258 594 1796 234 596 1797 260 1261 1798 261 597 1799 238 599 1800 236 1262 1801 259 600 1802 237 602 1803 261 1263 1804 263 603 1805 240 605 1806 238 1264 1807 262 606 1808 241 608 1809 239 1265 1810 263 609 1811 240 611 1812 264 1266 1813 266 612 1814 241 614 1815 265 1267 1816 267 615 1817 244 617 1818 242 1268 1819 266 618 1820 245 620 1821 243 1269 1822 267 621 1823 244 623 1824 268 1270 1825 270 624 1826 245 626 1827 269 1271 1828 271 627 1829 248 629 1830 246 1272 1831 270 630 1832 249 632 1833 247 1273 1834 271 633 1835 250 635 1836 248 1274 1837 272 636 1838 249 638 1839 273 1275 1840 275 639 1841 252 641 1842 250 1276 1843 274 642 1844 253 644 1845 251 1277 1846 275 645 1847 235 647 1848 278 1278 1849 279 648 1850 255 650 1851 252 1279 1852 276 651 1853 256 653 1854 253 1280 1855 277 654 1856 254 656 1857 279 1281 1858 282 657 1859 226 659 1860 255 1282 1861 280 660 1862 228 662 1863 256 1283 1864 281 663 1865 257 665 1866 282 1284 1867 285 666 1868 226 668 1869 283 1285 1870 286 669 1871 228 671 1872 284 1286 1873 287 672 1874 230 674 1875 285 1287 1876 288 675 1877 227 677 1878 286 1288 1879 289 678 1880 233 680 1881 229 1289 1882 287 681 1883 231 683 1884 288 1290 1885 260 684 1886 232 686 1887 289 1291 1888 278 687 1889 282 1292 1890 279 1293 1891 286 1294 1892 279 1293 1893 278 1295 1894 286 1294 1895 278 1295 1896 289 1296 1897 286 1294 1898 286 1294 1899 283 1297 1900 280 1298 1901 280 1298 1902 276 1299 1903 274 689 1904 274 689 1905 272 1300 1906 266 1301 1907 272 1300 1908 270 1302 1909 266 1301 1910 270 1302 1911 268 1299 1912 266 1301 1913 266 1301 1914 264 1299 1915 262 1303 1916 262 1303 1917 259 1304 1918 258 690 1919 258 690 1920 287 1305 1921 284 1306 1922 284 1306 1923 281 1299 1924 277 1307 1925 277 1307 1926 275 1308 1927 273 1309 1928 273 1309 1929 271 1310 1930 277 1307 1931 271 1310 1932 269 691 1933 277 1307 1934 269 691 1935 267 1299 1936 265 1311 1937 265 1311 1938 263 1312 1939 269 691 1940 263 1312 1941 261 1313 1942 269 691 1943 261 1313 1944 260 1299 1945 288 1299 1946 288 1299 1947 285 1314 1948 261 1313 1949 285 1314 1950 282 1292 1951 261 1313 1952 286 1294 1953 280 1298 1954 282 1292 1955 280 1298 1956 274 689 1957 282 1292 1958 266 1301 1959 262 1303 1960 274 689 1961 262 1303 1962 258 690 1963 274 689 1964 258 690 1965 284 1306 1966 277 1307 1967 258 690 1968 277 1307 1969 269 691 1970 269 691 1971 261 1313 1972 282 1292 1973 282 1292 1974 274 689 1975 269 691 1976 101 692 1977 103 698 1978 290 693 1979 104 695 1980 292 701 1981 293 696 1982 103 698 1983 105 702 1984 294 699 1985 104 695 1986 106 704 1987 295 700 1988 105 702 1989 107 702 1990 296 703 1991 106 704 1992 108 708 1993 297 705 1994 109 706 1995 298 711 1996 296 703 1997 111 702 1998 110 702 1999 299 707 2000 108 708 2001 112 713 2002 301 709 2003 109 706 2004 113 702 2005 302 710 2006 114 712 2007 303 717 2008 299 707 2009 112 713 2010 115 719 2011 304 714 2012 116 715 2013 305 721 2014 302 710 2015 117 716 2016 306 723 2017 303 717 2018 118 718 2019 307 725 2020 304 714 2021 116 715 2022 119 702 2023 308 720 2024 117 716 2025 120 728 2026 309 722 2027 118 718 2028 121 702 2029 310 724 2030 122 726 2031 311 730 2032 308 720 2033 123 727 2034 312 732 2035 309 722 2036 111 702 2037 300 702 2038 310 724 2039 124 729 2040 313 733 2041 311 730 2042 123 727 2043 125 735 2044 314 731 2045 126 702 2046 315 737 2047 313 733 2048 127 734 2049 316 739 2050 314 731 2051 97 736 2052 317 741 2053 315 737 2054 127 734 2055 99 702 2056 318 738 2057 97 736 2058 96 744 2059 319 740 2060 98 742 2061 320 745 2062 318 738 2063 100 743 2064 321 746 2065 319 740 2066 98 742 2067 101 692 2068 291 694 2069 102 697 2070 293 696 2071 321 746 2072 292 747 2073 322 1315 2074 323 748 2075 294 750 2076 324 1316 2077 325 751 2078 295 753 2079 326 1317 2080 322 754 2081 296 756 2082 327 1318 2083 324 757 2084 297 759 2085 328 1319 2086 326 760 2087 296 762 2088 298 1320 2089 329 763 2090 299 765 2091 330 1321 2092 331 766 2093 301 768 2094 332 1322 2095 328 769 2096 298 771 2097 302 1323 2098 333 772 2099 299 774 2100 303 1324 2101 334 775 2102 304 777 2103 335 1325 2104 332 778 2105 302 780 2106 305 1326 2107 336 781 2108 303 783 2109 306 1327 2110 337 784 2111 307 786 2112 338 1328 2113 335 787 2114 305 789 2115 308 1329 2116 339 790 2117 306 792 2118 309 1330 2119 340 793 2120 307 795 2121 310 1331 2122 341 796 2123 308 798 2124 311 1332 2125 342 799 2126 309 801 2127 312 1333 2128 343 802 2129 310 804 2130 300 1334 2131 331 805 2132 311 807 2133 313 1335 2134 344 808 2135 312 810 2136 314 1336 2137 345 811 2138 315 813 2139 346 1337 2140 344 814 2141 314 816 2142 316 1338 2143 347 817 2144 315 819 2145 317 1339 2146 348 820 2147 316 822 2148 318 1340 2149 349 823 2150 317 825 2151 319 1341 2152 350 826 2153 320 828 2154 351 1342 2155 349 829 2156 319 831 2157 321 1343 2158 352 832 2159 320 834 2160 291 1344 2161 353 835 2162 321 837 2163 293 1345 2164 323 838 2165 291 840 2166 290 1346 2167 325 841 2168 349 843 2169 351 1347 2170 354 844 2171 353 846 2172 325 1348 2173 356 847 2174 324 849 2175 327 1349 2176 358 850 2177 329 852 2178 333 1350 2179 360 853 2180 336 855 2181 339 1351 2182 362 856 2183 342 858 2184 344 1352 2185 364 859 2186 346 861 2187 348 1353 2188 366 862 2189 350 864 2190 352 1354 2191 368 865 2192 322 867 2193 370 1355 2194 371 868 2195 328 870 2196 372 1356 2197 373 871 2198 335 873 2199 374 1357 2200 375 874 2201 341 876 2202 376 1358 2203 377 877 2204 330 879 2205 378 1359 2206 379 880 2207 337 882 2208 380 1360 2209 381 883 2210 343 885 2211 382 1361 2212 383 886 2213 347 888 2214 384 1362 2215 385 889 2216 367 891 2217 364 1363 2218 386 892 2219 360 894 2220 388 1364 2221 389 895 2222 378 897 2223 390 1365 2224 391 898 2225 367 900 2226 366 1366 2227 392 901 2228 363 903 2229 360 1367 2230 388 904 2231 381 906 2232 380 1368 2233 394 907 2234 369 909 2235 366 1369 2236 392 910 2237 383 912 2238 380 1370 2239 394 913 2240 368 915 2241 397 1371 2242 395 916 2243 383 918 2244 382 1372 2245 398 919 2246 371 921 2247 368 1373 2248 397 922 2249 385 924 2250 382 1374 2251 398 925 2252 371 927 2253 370 1375 2254 401 928 2255 384 930 2256 402 1376 2257 400 931 2258 370 933 2259 401 1377 2260 403 934 2261 355 936 2262 384 1378 2263 402 937 2264 373 939 2265 372 1379 2266 405 940 2267 355 942 2268 354 1380 2269 406 943 2270 375 945 2271 372 1381 2272 405 946 2273 354 948 2274 406 1382 2275 408 949 2276 375 951 2277 374 1383 2278 409 952 2279 357 954 2280 356 1384 2281 410 955 2282 377 957 2283 374 1385 2284 409 958 2285 363 960 2286 362 1386 2287 412 961 2288 356 963 2289 410 1387 2290 413 964 2291 376 966 2292 414 1388 2293 411 967 2294 362 969 2295 412 1389 2296 415 970 2297 358 972 2298 416 1390 2299 413 973 2300 379 975 2301 376 1391 2302 414 976 2303 365 978 2304 364 1392 2305 386 979 2306 361 981 2307 358 1393 2308 416 982 2309 379 984 2310 378 1394 2311 390 985 2312 395 987 2313 397 1395 2314 418 988 2315 396 990 2316 398 1396 2317 420 991 2318 399 993 2319 397 1397 2320 418 994 2321 400 996 2322 398 1398 2323 420 997 2324 401 999 2325 424 1399 2326 422 1000 2327 400 1002 2328 402 1400 2329 425 1003 2330 403 1005 2331 401 1401 2332 424 1006 2333 402 1008 2334 425 1402 2335 427 1009 2336 403 1011 2337 405 1403 2338 428 1012 2339 404 1014 2340 406 1404 2341 429 1015 2342 407 1017 2343 405 1405 2344 428 1018 2345 408 1020 2346 406 1406 2347 429 1021 2348 407 1023 2349 409 1407 2350 432 1024 2351 408 1026 2352 410 1408 2353 433 1027 2354 411 1029 2355 409 1409 2356 432 1030 2357 393 1032 2358 412 1410 2359 435 1033 2360 413 1035 2361 410 1411 2362 433 1036 2363 411 1038 2364 414 1412 2365 438 1039 2366 415 1041 2367 412 1413 2368 435 1042 2369 413 1044 2370 416 1414 2371 440 1045 2372 414 1047 2373 438 1415 2374 441 1048 2375 415 1050 2376 386 1416 2377 442 1051 2378 389 1053 2379 416 1417 2380 440 1054 2381 390 1056 2382 444 1418 2383 441 1057 2384 387 1059 2385 386 1419 2386 442 1060 2387 389 1062 2388 388 1420 2389 446 1063 2390 391 1065 2391 390 1421 2392 444 1066 2393 387 1068 2394 392 1422 2395 448 1069 2396 393 1071 2397 388 1423 2398 446 1072 2399 391 1074 2400 394 1424 2401 449 1075 2402 395 1077 2403 392 1425 2404 448 1078 2405 396 1080 2406 394 1426 2407 449 1081 2408 436 1085 2409 435 702 2410 445 702 2411 435 702 2412 439 702 2413 445 702 2414 439 702 2415 442 702 2416 445 702 2417 445 702 2418 448 702 2419 419 702 2420 419 702 2421 418 702 2422 445 702 2423 418 702 2424 422 702 2425 445 702 2426 422 702 2427 424 1427 2428 430 1428 2429 424 1427 2430 426 1429 2431 430 1428 2432 426 1429 2433 428 702 2434 430 1428 2435 430 1428 2436 432 1430 2437 434 1431 2438 434 1431 2439 438 702 2440 430 1428 2441 438 702 2442 441 702 2443 430 1428 2444 441 702 2445 444 702 2446 421 1432 2447 444 702 2448 447 702 2449 421 1432 2450 447 702 2451 449 702 2452 421 1432 2453 421 1432 2454 420 702 2455 423 702 2456 423 702 2457 425 1433 2458 421 1432 2459 425 1433 2460 427 1083 2461 421 1432 2462 427 1083 2463 429 1434 2464 437 1084 2465 429 1434 2466 431 1435 2467 437 1084 2468 431 1435 2469 433 702 2470 437 1084 2471 437 1084 2472 440 1436 2473 443 1437 2474 443 1437 2475 446 702 2476 437 1084 2477 446 702 2478 436 1085 2479 437 1084 2480 436 1085 2481 445 702 2482 441 702 2483 445 702 2484 422 702 2485 441 702 2486 422 702 2487 430 1428 2488 441 702 2489 441 702 2490 421 1432 2491 436 1085 2492 421 1432 2493 427 1083 2494 436 1085 2495</p>
        </triangles>
      </mesh>
    </geometry>
    <geometry id="Fari_Plane_002-mesh" name="Fari_Plane.002">
      <mesh>
        <source id="Fari_Plane_002-mesh-positions">
          <float_array id="Fari_Plane_002-mesh-positions-array" count="54">0.939629 0.877005 2.308869 0.930853 0.916718 2.315115 0.888444 0.929117 2.375937 0.823956 0.927097 2.430053 0.509252 0.92252 2.471029 0.486217 0.770488 2.509369 0.827084 0.765473 2.472705 0.891473 0.750679 2.392349 0.93874 0.746875 2.309998 -0.937 0.877005 2.308869 -0.936111 0.746875 2.309998 -0.888844 0.750679 2.392349 -0.824456 0.765473 2.472705 -0.483589 0.770488 2.509369 -0.506624 0.92252 2.471029 -0.821327 0.927097 2.430053 -0.885816 0.929117 2.375937 -0.928225 0.916718 2.315115</float_array>
          <technique_common>
            <accessor source="#Fari_Plane_002-mesh-positions-array" count="18" stride="3">
              <param name="X" type="float"/>
              <param name="Y" type="float"/>
              <param name="Z" type="float"/>
            </accessor>
          </technique_common>
        </source>
        <source id="Fari_Plane_002-mesh-normals">
          <float_array id="Fari_Plane_002-mesh-normals-array" count="54">0.4825404 0.2277683 0.8457401 0.8022933 0.08452761 0.5909151 0.4466906 0.1887428 0.8745534 -0.4825448 0.2277703 0.8457372 -0.1112838 0.2355182 0.9654777 -0.4466882 0.1887427 0.8745547 0.8672574 -0.001604437 0.4978578 0.8316788 0.05900877 0.5521127 0.8255571 0.09494507 0.5562742 0.7351111 0.0783537 0.6734037 0.1112835 0.2355181 0.9654778 0.1074451 0.2277747 0.9677677 -0.8255568 0.09492385 0.5562784 -0.8316808 0.05900096 0.5521105 -0.7351103 0.07834804 0.6734051 -0.8672581 -0.001605629 0.4978563 -0.8022952 0.08452719 0.5909126 -0.1074454 0.2277747 0.9677677</float_array>
          <technique_common>
            <accessor source="#Fari_Plane_002-mesh-normals-array" count="18" stride="3">
              <param name="X" type="float"/>
              <param name="Y" type="float"/>
              <param name="Z" type="float"/>
            </accessor>
          </technique_common>
        </source>
        <source id="Fari_Plane_002-mesh-map-0">
          <float_array id="Fari_Plane_002-mesh-map-0-array" count="84">0.372667 0.619568 0.372667 0.754648 0.140564 0.6271 0.874873 0.210545 0.657264 0.623177 0.642599 0.2161999 0.356448 0.866664 0.179122 0.858313 0.372667 0.754648 0.179122 0.858313 0.126502 0.839645 0.125127 0.745935 0.372667 0.754648 0.179122 0.858313 0.125127 0.745935 0.125127 0.745935 0.140564 0.6271 0.372667 0.754648 0.140564 0.6271 0.1455129 0.174822 0.372667 0.619568 0.1455129 0.174822 0.362272 0.133336 0.372667 0.619568 0.62292 0.136269 0.674983 0.133336 0.624149 0.158288 0.674983 0.133336 0.8518 0.152056 0.871205 0.169829 0.871205 0.169829 0.874873 0.210545 0.642599 0.2161999 0.874873 0.210545 0.874873 0.654295 0.657264 0.623177 0.642599 0.2161999 0.624149 0.158288 0.871205 0.169829 0.871205 0.169829 0.624149 0.158288 0.674983 0.133336</float_array>
          <technique_common>
            <accessor source="#Fari_Plane_002-mesh-map-0-array" count="42" stride="2">
              <param name="S" type="float"/>
              <param name="T" type="float"/>
            </accessor>
          </technique_common>
        </source>
        <vertices id="Fari_Plane_002-mesh-vertices">
          <input semantic="POSITION" source="#Fari_Plane_002-mesh-positions"/>
        </vertices>
        <triangles material="Fari-material" count="14">
          <input semantic="VERTEX" source="#Fari_Plane_002-mesh-vertices" offset="0"/>
          <input semantic="NORMAL" source="#Fari_Plane_002-mesh-normals" offset="1"/>
          <input semantic="TEXCOORD" source="#Fari_Plane_002-mesh-map-0" offset="2" set="0"/>
          <p>6 0 0 7 1 1 3 2 2 12 3 3 14 4 4 15 5 5 8 6 6 0 7 7 7 1 8 0 7 9 1 8 10 2 9 11 7 1 12 0 7 13 2 9 14 2 9 15 3 2 16 7 1 17 3 2 18 4 10 19 6 0 20 4 10 21 5 11 22 6 0 23 17 12 24 9 13 25 16 14 26 9 13 27 10 15 28 11 16 29 11 16 30 12 3 31 15 5 32 12 3 33 13 17 34 14 4 35 15 5 36 16 14 37 11 16 38 11 16 39 16 14 40 9 13 41</p>
        </triangles>
      </mesh>
    </geometry>
    <geometry id="StopSX_Body_Plane_004-mesh" name="StopSX_Body_Plane.004">
      <mesh>
        <source id="StopSX_Body_Plane_004-mesh-positions">
          <float_array id="StopSX_Body_Plane_004-mesh-positions-array" count="30">0.665006 0.918818 -2.2163 0.667347 1.047568 -2.231307 0.829164 1.043814 -2.200274 0.861997 1.046673 -2.188143 0.930056 1.04373 -2.086947 0.946834 0.920889 -2.074816 0.950706 0.743156 -2.058054 0.830083 0.736601 -2.138587 0.661024 0.737275 -2.186288 0.662664 0.790069 -2.201294</float_array>
          <technique_common>
            <accessor source="#StopSX_Body_Plane_004-mesh-positions-array" count="10" stride="3">
              <param name="X" type="float"/>
              <param name="Y" type="float"/>
              <param name="Z" type="float"/>
            </accessor>
          </technique_common>
        </source>
        <source id="StopSX_Body_Plane_004-mesh-normals">
          <float_array id="StopSX_Body_Plane_004-mesh-normals-array" count="24">0.6444068 -0.1486869 -0.7500882 0.1844291 -0.117097 -0.9758454 0.3389661 -0.4931975 -0.8011606 0.8291624 0.05834746 -0.5559545 0.5565286 -0.06598359 -0.8282041 0.2603541 -0.2714503 -0.9265693 0.315845 -0.1155096 -0.9417535 0.2380479 -0.1905222 -0.9523837</float_array>
          <technique_common>
            <accessor source="#StopSX_Body_Plane_004-mesh-normals-array" count="8" stride="3">
              <param name="X" type="float"/>
              <param name="Y" type="float"/>
              <param name="Z" type="float"/>
            </accessor>
          </technique_common>
        </source>
        <source id="StopSX_Body_Plane_004-mesh-map-0">
          <float_array id="StopSX_Body_Plane_004-mesh-map-0-array" count="48">0 0 0 0 0 0 0 0 0 0 0 0 0 0 0 0 0 0 0 0 0 0 0 0 0 0 0 0 0 0 0 0 0 0 0 0 0 0 0 0 0 0 0 0 0 0 0 0</float_array>
          <technique_common>
            <accessor source="#StopSX_Body_Plane_004-mesh-map-0-array" count="24" stride="2">
              <param name="S" type="float"/>
              <param name="T" type="float"/>
            </accessor>
          </technique_common>
        </source>
        <vertices id="StopSX_Body_Plane_004-mesh-vertices">
          <input semantic="POSITION" source="#StopSX_Body_Plane_004-mesh-positions"/>
        </vertices>
        <triangles material="StopSX_001-material" count="8">
          <input semantic="VERTEX" source="#StopSX_Body_Plane_004-mesh-vertices" offset="0"/>
          <input semantic="NORMAL" source="#StopSX_Body_Plane_004-mesh-normals" offset="1"/>
          <input semantic="TEXCOORD" source="#StopSX_Body_Plane_004-mesh-map-0" offset="2" set="0"/>
          <p>7 0 0 2 0 1 5 0 2 0 1 3 1 1 4 2 1 5 2 2 6 3 2 7 5 2 8 3 3 9 4 3 10 5 3 11 5 4 12 6 4 13 7 4 14 7 5 15 8 5 16 9 5 17 9 6 18 0 6 19 7 6 20 0 7 21 2 7 22 7 7 23</p>
        </triangles>
      </mesh>
    </geometry>
    <geometry id="StopDX_Body_Plane_005-mesh" name="StopDX_Body_Plane.005">
      <mesh>
        <source id="StopDX_Body_Plane_005-mesh-positions">
          <float_array id="StopDX_Body_Plane_005-mesh-positions-array" count="30">-0.660035 0.790069 -2.199396 -0.658396 0.737275 -2.184389 -0.827454 0.736601 -2.136689 -0.948077 0.743156 -2.056156 -0.944205 0.920889 -2.072918 -0.927427 1.04373 -2.085049 -0.859369 1.046673 -2.186245 -0.826535 1.043814 -2.198375 -0.664719 1.047568 -2.229408 -0.662377 0.918818 -2.214402</float_array>
          <technique_common>
            <accessor source="#StopDX_Body_Plane_005-mesh-positions-array" count="10" stride="3">
              <param name="X" type="float"/>
              <param name="Y" type="float"/>
              <param name="Z" type="float"/>
            </accessor>
          </technique_common>
        </source>
        <source id="StopDX_Body_Plane_005-mesh-normals">
          <float_array id="StopDX_Body_Plane_005-mesh-normals-array" count="24">-0.6444048 -0.148685 -0.7500902 -0.315845 -0.1155093 -0.9417535 -0.2603519 -0.2714599 -0.926567 -0.5565294 -0.06598335 -0.8282036 -0.2380502 -0.1905193 -0.9523836 -0.8291674 0.058348 -0.5559471 -0.3389146 -0.4932271 -0.8011641 -0.18443 -0.1170914 -0.975846</float_array>
          <technique_common>
            <accessor source="#StopDX_Body_Plane_005-mesh-normals-array" count="8" stride="3">
              <param name="X" type="float"/>
              <param name="Y" type="float"/>
              <param name="Z" type="float"/>
            </accessor>
          </technique_common>
        </source>
        <source id="StopDX_Body_Plane_005-mesh-map-0">
          <float_array id="StopDX_Body_Plane_005-mesh-map-0-array" count="48">0.813877 0.503648 0.183162 0.467008 0.540627 0.190126 0.557112 0.819438 0.29577 0.818538 0.183162 0.467008 0.29577 0.818538 0.185955 0.811567 0.183162 0.467008 0.183162 0.467008 0.181544 0.179662 0.540627 0.190126 0.557112 0.819438 0.183162 0.467008 0.813877 0.503648 0.540627 0.190126 0.787922 0.223071 0.818456 0.434009 0.813877 0.503648 0.540627 0.190126 0.818456 0.434009 0.813877 0.503648 0.818456 0.820338 0.557112 0.819438</float_array>
          <technique_common>
            <accessor source="#StopDX_Body_Plane_005-mesh-map-0-array" count="24" stride="2">
              <param name="S" type="float"/>
              <param name="T" type="float"/>
            </accessor>
          </technique_common>
        </source>
        <vertices id="StopDX_Body_Plane_005-mesh-vertices">
          <input semantic="POSITION" source="#StopDX_Body_Plane_005-mesh-positions"/>
        </vertices>
        <triangles material="StopDX-material" count="8">
          <input semantic="VERTEX" source="#StopDX_Body_Plane_005-mesh-vertices" offset="0"/>
          <input semantic="NORMAL" source="#StopDX_Body_Plane_005-mesh-normals" offset="1"/>
          <input semantic="TEXCOORD" source="#StopDX_Body_Plane_005-mesh-map-0" offset="2" set="0"/>
          <p>7 0 0 2 0 1 4 0 2 9 1 3 0 1 4 2 1 5 0 2 6 1 2 7 2 2 8 2 3 9 3 3 10 4 3 11 9 4 12 2 4 13 7 4 14 4 5 15 5 5 16 6 5 17 7 6 18 4 6 19 6 6 20 7 7 21 8 7 22 9 7 23</p>
        </triangles>
      </mesh>
    </geometry>
    <geometry id="GrigliaAnt_Body_Plane_001-mesh" name="GrigliaAnt_Body_Plane.001">
      <mesh>
        <source id="GrigliaAnt_Body_Plane_001-mesh-positions">
          <float_array id="GrigliaAnt_Body_Plane_001-mesh-positions-array" count="225">0.983573 0.62363 2.150806 0.977207 0.627834 2.262159 0.967065 0.519649 2.265033 0.97343 0.507556 2.154914 0.952403 0.631223 2.381326 0.950762 0.542197 2.379202 0.89584 0.634381 2.498385 0.90264 0.740177 2.450338 0.837176 0.746587 2.542778 0.824561 0.642069 2.57601 0.889049 0.534666 2.463691 0.890373 0.549327 2.481814 0.814418 0.558043 2.547527 0.813094 0.542794 2.528026 0.447149 0.645499 2.624689 0.453981 0.752024 2.592361 0.001313984 0.753378 2.622309 0.001313984 0.647291 2.650766 0.440939 0.54412 2.575979 0.441656 0.559859 2.595479 0.001313984 0.562004 2.618445 0.001313984 0.545686 2.598944 0.945295 0.528017 2.362207 0.954444 0.741959 2.315308 0.452333 0.559807 2.594923 0.451598 0.544082 2.575422 0.464957 0.751991 2.591635 0.457959 0.645455 2.624056 0.834144 0.761997 2.490612 0.466888 0.7674 2.530114 0.903518 0.746058 2.404035 0.455867 0.767348 2.53113 0.960729 0.505089 2.249456 0.967094 0.492476 2.139084 0.438071 0.481165 2.566474 0.001313984 0.480416 2.589439 0.001313984 0.765203 2.573029 0.480098 0.931405 2.489475 0.001313984 0.939757 2.51708 0.989823 0.746306 2.189923 0.996188 0.751914 2.077036 -0.980944 0.62363 2.150806 -0.970802 0.507556 2.154914 -0.964436 0.519649 2.265033 -0.974578 0.627834 2.262159 -0.948133 0.542197 2.379202 -0.949774 0.631223 2.381326 -0.893211 0.634381 2.498385 -0.821932 0.642069 2.57601 -0.834548 0.746587 2.542778 -0.900011 0.740177 2.450338 -0.886421 0.534666 2.463691 -0.810465 0.542794 2.528026 -0.81179 0.558043 2.547527 -0.887745 0.549327 2.481814 -0.44452 0.645499 2.624689 -0.451352 0.752024 2.592361 -0.43831 0.54412 2.575979 -0.439027 0.559859 2.595479 -0.942666 0.528017 2.362207 -0.951816 0.741959 2.315308 -0.44897 0.544082 2.575422 -0.449704 0.559807 2.594923 -0.45533 0.645455 2.624056 -0.462328 0.751991 2.591635 -0.46426 0.7674 2.530114 -0.831516 0.761997 2.490612 -0.900889 0.746058 2.404035 -0.453238 0.767348 2.53113 -0.964466 0.492476 2.139084 -0.9581 0.505089 2.249456 -0.435442 0.481165 2.566474 -0.477469 0.931405 2.489475 -0.987194 0.762403 2.189923 -0.99356 0.768011 2.077036</float_array>
          <technique_common>
            <accessor source="#GrigliaAnt_Body_Plane_001-mesh-positions-array" count="75" stride="3">
              <param name="X" type="float"/>
              <param name="Y" type="float"/>
              <param name="Z" type="float"/>
            </accessor>
          </technique_common>
        </source>
        <source id="GrigliaAnt_Body_Plane_001-mesh-normals">
          <float_array id="GrigliaAnt_Body_Plane_001-mesh-normals-array" count="642">0.9940905 -0.08800673 0.06355249 0.9940921 -0.08795231 0.06360226 0.9941844 -0.0845136 0.06674593 0.9822598 -0.06093966 0.1773477 0.9816549 -0.05270248 0.183238 0.9835367 -0.08801168 0.157828 0.7736988 0.1622037 0.612438 0.7754006 0.1641529 0.6097605 0.7370474 0.1223754 0.6646695 0.395726 -0.7288587 0.5587182 0.3919038 -0.7365782 0.5512387 0.3962665 -0.7277507 0.5597783 0.06313204 0.2820274 0.957327 0.05847346 0.2628993 0.9630498 0.05744004 0.2586549 0.9642605 0.02943551 -0.7781351 0.6274068 0.02973181 -0.7670015 0.6409562 0.02983576 -0.7784581 0.626987 0.6143226 -0.6873806 0.3874478 0.6662349 -0.6075319 0.4324768 0.6093252 -0.6941806 0.383192 0.9065539 0.1690926 0.3867398 0.9046336 0.1640188 0.3933652 0.8933553 0.1369441 0.4279754 0.07731342 -0.7874996 0.6114467 0.0778715 -0.7779439 0.6234897 0.07728719 -0.7879363 0.6108871 0.1285132 0.285422 0.9497466 0.1275291 0.2820408 0.9508888 0.1272584 0.2811111 0.9512003 0.04448342 0.9598757 0.2768754 0.04594504 0.967863 0.2472453 0.04609864 0.9686623 0.2440663 0.3766062 0.9149898 0.144781 0.4098539 0.8859487 0.2170596 0.4177474 0.8776512 0.2349795 0.01889318 0.9697669 0.2433009 0.01754915 0.9708399 0.2390856 0.01901388 0.969769 0.2432829 0.2955511 0.9469965 0.1258864 0.8723939 -0.4774498 0.10474 0.8670395 -0.4873148 0.1037633 0.8727842 -0.4767203 0.1048114 0.7822253 -0.5808449 0.2252624 0.7868027 -0.5744437 0.2257348 0.781941 -0.5812388 0.2252327 0.05113673 -0.1506746 0.9872601 0.05209904 -0.1446005 0.9881176 0.0522083 -0.1439099 0.9882127 0.06583732 0.2522531 0.965419 0.08018279 0.2891378 0.9539236 0.08601719 0.3040984 0.9487494 0.0182107 0.9688587 0.2469442 0.0183013 0.9720339 0.2341265 0.01834273 0.9722335 0.2332932 0.02916038 -0.7784267 0.6270581 0.0299651 -0.7786436 0.6267508 0.05757665 0.286575 0.9563261 0.06370133 0.2866784 0.9559067 0.05715978 0.2865676 0.9563534 0.04807871 -0.3251531 0.9444385 0.05352491 -0.3247689 0.9442777 0.04760551 -0.325186 0.9444511 0.1198068 -0.3309227 0.9360216 0.1208688 -0.3275192 0.9370817 0.121099 -0.32678 0.93731 0.8741983 -0.07313108 0.4800307 0.8808177 -0.09907472 0.4629736 0.8606396 -0.02799582 0.5084445 0.05303847 -0.3290602 0.9428183 0.04789578 -0.3502808 0.9354194 0.04699146 -0.3539824 0.9340708 0.6576436 -0.2422477 0.7133169 0.6636937 -0.2552801 0.7030951 0.6303182 -0.1872998 0.7534042 0.9675108 0.0815196 0.2393276 0.9682791 0.08344262 0.2355273 0.9598464 0.06428056 0.2730625 0.9961119 -0.06843781 0.05547451 0.9960051 -0.06886875 0.05684345 0.9963134 -0.06760108 0.05281764 -0.9940906 -0.08800262 0.06355631 -0.9940923 -0.08794814 0.0636062 -0.9939714 -0.09158122 0.06028187 -0.9822598 -0.06093925 0.1773477 -0.981655 -0.05270236 0.183238 -0.9786298 -0.0229156 0.2043496 -0.7737013 0.162198 0.6124364 -0.7754033 0.1641475 0.6097584 -0.8059436 0.2010676 0.5568007 -0.3918947 -0.7365874 0.5512328 -0.3957201 -0.7288606 0.5587199 -0.396261 -0.7277516 0.5597811 -0.06313216 0.2820274 0.957327 -0.05847352 0.2628991 0.9630498 -0.06410884 0.2860363 0.9560718 -0.02973157 -0.767002 0.6409556 -0.02972149 -0.780895 0.623955 -0.02972894 -0.7814043 0.6233165 -0.6662403 -0.6075254 0.4324777 -0.614331 -0.6873749 0.3874446 -0.6093339 -0.6941749 0.3831886 -0.9065531 0.1690894 0.3867433 -0.9046327 0.164016 0.3933681 -0.9150577 0.1939496 0.3536283 -0.0778712 -0.7779414 0.6234928 -0.077313 -0.7875012 0.6114448 -0.07728677 -0.7879381 0.6108849 -0.1285129 0.2854212 0.949747 -0.127529 0.2820404 0.9508889 -0.1287782 0.2863331 0.9494364 -0.0459451 0.9678624 0.2472479 -0.04448348 0.959876 0.2768747 -0.04609864 0.9686616 0.2440692 -0.4098588 0.8859464 0.2170595 -0.3766088 0.9149891 0.1447784 -0.4177529 0.8776486 0.2349801 -0.01765054 0.9703537 0.2410438 -0.01889801 0.969766 0.2433038 -0.01857286 0.9693092 0.2451425 -0.2955407 0.9470003 0.1258819 -0.8723825 -0.4774693 0.1047477 -0.8670326 -0.4873254 0.1037713 -0.8666254 -0.4880649 0.1036973 -0.7822253 -0.5808448 0.2252624 -0.7868036 -0.5744422 0.225735 -0.787092 -0.5740355 0.2257645 -0.05113685 -0.1506746 0.9872601 -0.05209916 -0.1446006 0.9881176 -0.05102694 -0.151367 0.9871598 -0.08018279 0.2891376 0.9539237 -0.06583768 0.2522531 0.9654189 -0.08601707 0.3040982 0.9487494 -0.01830136 0.9720339 0.2341269 -0.01834279 0.9722333 0.2332938 -0.02982544 -0.775583 0.6305405 -0.0291565 -0.7784258 0.6270593 -0.02996903 -0.7786462 0.6267473 -0.05757647 0.2865742 0.9563265 -0.06370133 0.2866774 0.9559071 -0.06411123 0.2866839 0.9558777 -0.04807883 -0.3251522 0.9444388 -0.05352479 -0.3247684 0.9442778 -0.05399262 -0.3247351 0.9442628 -0.1198068 -0.3309213 0.9360222 -0.1208685 -0.3275191 0.9370817 -0.1195801 -0.3316463 0.9357945 -0.8808196 -0.09906858 0.462971 -0.8742009 -0.07312691 0.4800264 -0.8606436 -0.02799493 0.5084377 -0.05303865 -0.3290604 0.9428182 -0.0478959 -0.3502806 0.9354195 -0.05390775 -0.3254454 0.944023 -0.6636952 -0.2552729 0.7030963 -0.657645 -0.2422404 0.7133181 -0.630319 -0.1872934 0.7534051 -0.9678003 0.08223003 0.2379091 -0.9662832 0.078525 0.2452154 -0.9580296 0.06059008 0.2801932 -0.9965095 -0.06095767 0.05703663 -0.9966275 -0.06050986 0.0554285 -0.9967839 -0.05989915 0.05323594 0.9939715 -0.09158015 0.06028234 0.9786298 -0.02291488 0.2043496 0.805939 0.2010712 0.5568059 0.3913804 -0.73762 0.5502166 0.06410866 0.2860361 0.9560719 0.02972233 -0.7665818 0.6414585 0.6705901 -0.5999343 0.4363346 0.915059 0.1939554 0.3536219 0.07789623 -0.7775082 0.6240298 0.1287786 0.286334 0.9494361 0.0442931 0.9587867 0.2806532 0.3666722 0.9220408 0.1240662 0.01786601 0.969748 0.2434536 0.866632 -0.4880549 0.1036893 0.787091 -0.574037 0.2257642 0.05102682 -0.151367 0.9871598 0.06004214 0.237313 0.969576 0.01784592 0.9697973 0.2432588 0.06411129 0.286685 0.9558774 0.05399274 -0.3247354 0.9442626 0.1195802 -0.3316479 0.9357939 0.8898062 -0.1417061 0.4337792 0.05390757 -0.3254452 0.944023 0.6857977 -0.3065388 0.6600875 0.9745565 0.1012547 0.199968 0.9957867 -0.06972396 0.05956095 -0.9941846 -0.08450436 0.06675398 -0.9835368 -0.08801048 0.157828 -0.7370476 0.1223679 0.6646706 -0.3913709 -0.7376301 0.5502097 -0.05744016 0.2586547 0.9642606 -0.02972209 -0.7665824 0.6414577 -0.6705952 -0.5999277 0.4363359 -0.8933553 0.1369441 0.4279754 -0.07789593 -0.7775056 0.624033 -0.1272584 0.2811109 0.9512003 -0.04429316 0.958787 0.2806522 -0.3666742 0.9220404 0.1240629 -0.01786732 0.9697483 0.2434526 -0.8727723 -0.4767405 0.1048191 -0.781941 -0.5812388 0.2252327 -0.05220842 -0.14391 0.9882127 -0.06004261 0.237313 0.9695759 -0.02905362 -0.7753314 0.630886 -0.0571596 0.2865668 0.9563537 -0.04760569 -0.325185 0.9444514 -0.1210988 -0.3267802 0.9373099 -0.8898075 -0.1416969 0.4337795 -0.04699152 -0.3539822 0.934071 -0.6857997 -0.306531 0.6600891 -0.9745572 0.1012462 0.1999686 -0.9963397 -0.06158339 0.05928468</float_array>
          <technique_common>
            <accessor source="#GrigliaAnt_Body_Plane_001-mesh-normals-array" count="214" stride="3">
              <param name="X" type="float"/>
              <param name="Y" type="float"/>
              <param name="Z" type="float"/>
            </accessor>
          </technique_common>
        </source>
        <source id="GrigliaAnt_Body_Plane_001-mesh-map-0">
          <float_array id="GrigliaAnt_Body_Plane_001-mesh-map-0-array" count="660">0.245114 0.09235298 0.266085 0.069359 0.268347 0.09155899 0.244435 0.069916 0.261703 0.04619699 0.266085 0.069359 0.2432529 0.02140897 0.220656 0.01155197 0.241613 0.004862964 0.965804 0.185787 0.958969 0.169028 0.969409 0.186087 0.935511 0.785051 0.915277 0.696012 0.935847 0.697665 0.956838 0.09311497 0.969409 0.005470991 0.960696 0.09357899 0.261703 0.04619699 0.263155 0.02842396 0.264499 0.04955399 0.243873 0.04566496 0.221997 0.03099095 0.2432529 0.02140897 0.955092 0.168685 0.960485 0.09571498 0.958969 0.169028 0.936149 0.858114 0.914905 0.786762 0.935503 0.78717 0.906189 0.04019296 0.928859 0.111111 0.916798 0.114639 0.920263 0.02232897 0.916721 0.03814196 0.906189 0.04019296 0.916798 0.114639 0.92925 0.113287 0.917244 0.116792 0.920263 0.02232897 0.943426 0.004862964 0.929233 0.019683 0.268347 0.09155899 0.268957 0.07242 0.271323 0.09467196 0.266085 0.069359 0.264499 0.04955399 0.268957 0.07242 0.883748 0.09030801 0.896497 0.176005 0.883291 0.175992 0.93693 0.488347 0.973583 0.578451 0.939825 0.576842 0.917244 0.116792 0.945399 0.203054 0.935668 0.205592 0.956626 0.09525495 0.960696 0.09357899 0.960485 0.09571498 0.935503 0.78717 0.914914 0.784614 0.935511 0.785051 0.953185 0.785581 0.935511 0.785051 0.953193 0.783486 0.953507 0.855644 0.935503 0.78717 0.953185 0.785581 0.243873 0.04566496 0.260251 0.02478396 0.261703 0.04619699 0.953193 0.783486 0.935847 0.697665 0.953507 0.697077 0.2432529 0.02140897 0.258371 0.01056396 0.260251 0.02478396 0.2215819 0.05878096 0.244435 0.069916 0.217392 0.08438795 0.217392 0.08438795 0.245114 0.09235298 0.216103 0.107119 0.245114 0.09235298 0.266085 0.069359 0.244435 0.069916 0.244435 0.069916 0.261703 0.04619699 0.243873 0.04566496 0.2432529 0.02140897 0.220656 0.01155197 0.221997 0.03099095 0.958969 0.169028 0.965804 0.185787 0.969409 0.186087 0.935511 0.785051 0.915277 0.696012 0.914914 0.784614 0.969409 0.005470991 0.956838 0.09311497 0.960696 0.09357899 0.263155 0.02842396 0.261703 0.04619699 0.264499 0.04955399 0.243873 0.04566496 0.221997 0.03099095 0.2215819 0.05878096 0.960485 0.09571498 0.955092 0.168685 0.958969 0.169028 0.936149 0.858114 0.914905 0.786762 0.915954 0.858804 0.928859 0.111111 0.906189 0.04019296 0.916798 0.114639 0.916721 0.03814196 0.920263 0.02232897 0.906189 0.04019296 0.92925 0.113287 0.916798 0.114639 0.917244 0.116792 0.920263 0.02232897 0.929233 0.019683 0.943426 0.004862964 0.268347 0.09155899 0.268957 0.07242 0.266085 0.069359 0.266085 0.069359 0.264499 0.04955399 0.261703 0.04619699 0.883748 0.09030801 0.896497 0.176005 0.896497 0.08974099 0.973583 0.578451 0.93693 0.488347 0.939825 0.576842 0.945399 0.203054 0.917244 0.116792 0.935668 0.205592 0.960696 0.09357899 0.956626 0.09525495 0.960485 0.09571498 0.935503 0.78717 0.914914 0.784614 0.914905 0.786762 0.953185 0.785581 0.935511 0.785051 0.935503 0.78717 0.953507 0.855644 0.935503 0.78717 0.936149 0.858114 0.260251 0.02478396 0.243873 0.04566496 0.261703 0.04619699 0.953193 0.783486 0.935847 0.697665 0.935511 0.785051 0.258371 0.01056396 0.2432529 0.02140897 0.260251 0.02478396 0.244435 0.069916 0.2215819 0.05878096 0.217392 0.08438795 0.245114 0.09235298 0.217392 0.08438795 0.216103 0.107119 0.245114 0.09235298 0.244435 0.069916 0.266085 0.069359 0.244435 0.069916 0.243873 0.04566496 0.261703 0.04619699 0.2432529 0.02140897 0.221997 0.03099095 0.220656 0.01155197 0.965804 0.185787 0.955092 0.168685 0.958969 0.169028 0.935511 0.785051 0.914914 0.784614 0.915277 0.696012 0.956838 0.09311497 0.965574 0.004862964 0.969409 0.005470991 0.261703 0.04619699 0.260251 0.02478396 0.263155 0.02842396 0.243873 0.04566496 0.2215819 0.05878096 0.221997 0.03099095 0.955092 0.168685 0.956626 0.09525495 0.960485 0.09571498 0.936149 0.858114 0.915954 0.858804 0.914905 0.786762 0.906189 0.04019296 0.916721 0.03814196 0.928859 0.111111 0.920263 0.02232897 0.929233 0.019683 0.916721 0.03814196 0.916798 0.114639 0.928859 0.111111 0.92925 0.113287 0.268347 0.09155899 0.266085 0.069359 0.268957 0.07242 0.266085 0.069359 0.261703 0.04619699 0.264499 0.04955399 0.883748 0.09030801 0.896497 0.08974099 0.896497 0.176005 0.93693 0.488347 0.96873 0.484675 0.973583 0.578451 0.917244 0.116792 0.92925 0.113287 0.945399 0.203054 0.956626 0.09525495 0.956838 0.09311497 0.960696 0.09357899 0.935503 0.78717 0.914905 0.786762 0.914914 0.784614 0.953185 0.785581 0.935503 0.78717 0.935511 0.785051 0.953507 0.855644 0.936149 0.858114 0.935503 0.78717 0.243873 0.04566496 0.2432529 0.02140897 0.260251 0.02478396 0.953193 0.783486 0.935511 0.785051 0.935847 0.697665 0.2432529 0.02140897 0.241613 0.004862964 0.258371 0.01056396 0.2215819 0.05878096 0.243873 0.04566496 0.244435 0.069916 0.217392 0.08438795 0.244435 0.069916 0.245114 0.09235298 0.245114 0.09235298 0.268347 0.09155899 0.266085 0.069359 0.244435 0.069916 0.266085 0.069359 0.261703 0.04619699 0.2432529 0.02140897 0.241613 0.004862964 0.220656 0.01155197 0.958969 0.169028 0.955092 0.168685 0.965804 0.185787 0.935511 0.785051 0.935847 0.697665 0.915277 0.696012 0.969409 0.005470991 0.965574 0.004862964 0.956838 0.09311497 0.263155 0.02842396 0.260251 0.02478396 0.261703 0.04619699 0.243873 0.04566496 0.2432529 0.02140897 0.221997 0.03099095 0.960485 0.09571498 0.956626 0.09525495 0.955092 0.168685 0.936149 0.858114 0.935503 0.78717 0.914905 0.786762 0.928859 0.111111 0.916721 0.03814196 0.906189 0.04019296 0.916721 0.03814196 0.929233 0.019683 0.920263 0.02232897 0.92925 0.113287 0.928859 0.111111 0.916798 0.114639 0.268347 0.09155899 0.271323 0.09467196 0.268957 0.07242 0.266085 0.069359 0.268957 0.07242 0.264499 0.04955399 0.883748 0.09030801 0.883291 0.175992 0.896497 0.176005 0.973583 0.578451 0.96873 0.484675 0.93693 0.488347 0.945399 0.203054 0.92925 0.113287 0.917244 0.116792 0.960696 0.09357899 0.956838 0.09311497 0.956626 0.09525495 0.935503 0.78717 0.935511 0.785051 0.914914 0.784614 0.953185 0.785581 0.953193 0.783486 0.935511 0.785051 0.953507 0.855644 0.953185 0.785581 0.935503 0.78717 0.260251 0.02478396 0.2432529 0.02140897 0.243873 0.04566496 0.953193 0.783486 0.953507 0.697077 0.935847 0.697665 0.258371 0.01056396 0.241613 0.004862964 0.2432529 0.02140897 0.244435 0.069916 0.243873 0.04566496 0.2215819 0.05878096 0.245114 0.09235298 0.244435 0.069916 0.217392 0.08438795</float_array>
          <technique_common>
            <accessor source="#GrigliaAnt_Body_Plane_001-mesh-map-0-array" count="330" stride="2">
              <param name="S" type="float"/>
              <param name="T" type="float"/>
            </accessor>
          </technique_common>
        </source>
        <vertices id="GrigliaAnt_Body_Plane_001-mesh-vertices">
          <input semantic="POSITION" source="#GrigliaAnt_Body_Plane_001-mesh-positions"/>
        </vertices>
        <triangles material="GrigliaAnt-material" count="110">
          <input semantic="VERTEX" source="#GrigliaAnt_Body_Plane_001-mesh-vertices" offset="0"/>
          <input semantic="NORMAL" source="#GrigliaAnt_Body_Plane_001-mesh-normals" offset="1"/>
          <input semantic="TEXCOORD" source="#GrigliaAnt_Body_Plane_001-mesh-map-0" offset="2" set="0"/>
          <p>0 0 0 2 1 1 3 2 2 1 3 3 5 4 4 2 5 5 6 6 6 8 7 7 9 8 8 11 9 9 13 10 10 10 11 11 14 12 12 16 13 13 17 14 14 19 15 15 21 16 16 18 17 17 5 18 18 10 19 19 22 20 20 4 21 21 7 22 22 6 23 23 12 24 24 25 25 25 13 26 26 9 27 27 26 28 28 27 29 29 8 30 30 29 31 31 26 32 32 7 33 33 28 34 34 8 35 35 26 36 36 31 37 37 15 38 38 7 39 39 23 39 40 30 39 41 3 40 42 32 41 43 33 42 44 2 43 45 22 44 46 32 45 47 34 46 48 21 47 49 35 48 50 31 49 51 38 50 52 36 51 53 15 52 54 36 53 55 16 54 56 24 55 57 18 17 58 25 56 59 27 57 60 15 58 61 14 59 62 24 60 63 14 61 64 19 62 65 12 63 66 27 64 67 24 65 68 4 66 69 11 67 70 5 68 71 19 69 72 17 70 73 20 71 74 6 72 75 12 73 76 11 74 77 23 75 78 1 76 79 39 77 80 39 78 81 0 79 82 40 80 83 41 81 84 43 82 85 44 83 86 44 84 87 45 85 88 46 86 89 47 87 90 49 88 91 50 89 92 52 90 93 54 91 94 51 92 95 55 93 96 16 94 97 56 95 98 21 96 99 58 97 100 57 98 101 51 99 102 45 100 103 59 101 104 46 102 105 50 103 106 60 104 107 61 105 108 53 106 109 52 107 110 48 108 111 64 109 112 49 110 113 65 111 114 49 112 115 64 113 116 66 114 117 50 115 118 49 116 119 68 117 120 64 118 121 56 119 122 50 120 123 67 120 124 60 120 125 42 121 126 70 122 127 43 123 128 43 124 129 59 125 130 45 126 131 71 127 132 21 128 133 57 129 134 38 130 135 68 131 136 36 132 137 36 133 138 56 119 139 16 134 140 57 135 141 62 136 142 61 137 143 63 138 144 56 139 145 64 140 146 62 141 147 55 142 148 63 143 149 53 144 150 63 145 151 48 146 152 54 147 153 46 148 154 45 149 155 58 150 156 17 151 157 55 152 158 53 153 159 47 154 160 54 155 161 44 156 162 60 157 163 73 158 164 41 159 165 73 160 166 74 161 167 0 0 168 1 162 169 2 1 170 1 3 171 4 163 172 5 4 173 6 6 174 7 164 175 8 7 176 11 9 177 12 165 178 13 10 179 14 12 180 15 166 181 16 13 182 19 15 183 20 167 184 21 16 185 5 18 186 11 168 187 10 19 188 4 21 189 23 169 190 7 22 191 12 24 192 24 170 193 25 25 194 9 27 195 8 171 196 26 28 197 8 30 198 28 172 199 29 31 200 7 33 201 30 173 202 28 34 203 26 36 204 29 174 205 31 37 206 3 40 207 2 175 208 32 41 209 2 43 210 5 176 211 22 44 212 34 46 213 18 177 214 21 47 215 31 49 216 37 178 217 38 50 218 15 52 219 31 179 220 36 53 221 24 55 222 19 15 223 18 17 224 27 57 225 26 180 226 15 58 227 24 60 228 27 181 229 14 61 230 12 63 231 9 182 232 27 64 233 4 66 234 6 183 235 11 67 236 19 69 237 14 184 238 17 70 239 6 72 240 9 185 241 12 73 242 23 75 243 4 186 244 1 76 245 39 78 246 1 187 247 0 79 248 41 81 249 42 188 250 43 82 251 44 84 252 43 189 253 45 85 254 47 87 255 48 190 256 49 88 257 52 90 258 53 191 259 54 91 260 55 93 261 17 192 262 16 94 263 21 96 264 20 193 265 58 97 266 51 99 267 54 194 268 45 100 269 46 102 270 47 195 271 50 103 272 61 105 273 62 196 274 53 106 275 48 108 276 63 197 277 64 109 278 65 111 279 66 198 280 49 112 281 66 114 282 67 199 283 50 115 284 68 117 285 65 200 286 64 118 287 42 121 288 69 201 289 70 122 290 43 124 291 70 202 292 59 125 293 71 127 294 35 203 295 21 128 296 38 130 297 72 204 298 68 131 299 36 133 300 68 117 301 56 119 302 57 135 303 58 205 304 62 136 305 63 138 306 55 206 307 56 139 308 62 141 309 58 207 310 55 142 311 53 144 312 62 208 313 63 145 314 54 147 315 47 209 316 46 148 317 58 150 318 20 210 319 17 151 320 53 153 321 48 211 322 47 154 323 44 156 324 46 212 325 60 157 326 41 159 327 44 213 328 73 160 329</p>
        </triangles>
      </mesh>
    </geometry>
    <geometry id="GrigliaPost_Body_Plane_002-mesh" name="GrigliaPost_Body_Plane.002">
      <mesh>
        <source id="GrigliaPost_Body_Plane_002-mesh-positions">
          <float_array id="GrigliaPost_Body_Plane_002-mesh-positions-array" count="273">0.953833 0.739831 -2.059067 1.000804 0.751517 -1.792716 1.040726 0.738563 -1.811399 0.993755 0.729467 -2.07775 0.967534 0.549956 -2.110288 1.002015 0.544933 -1.955878 0.971202 0.505889 -1.980317 0.948296 0.50805 -2.095031 0.49979 0.731054 -2.201039 0.658121 0.733827 -2.18997 0.658121 0.726055 -2.257397 0.49979 0.723281 -2.268466 0.001313984 0.730127 -2.209659 0.368757 0.728759 -2.210199 0.368757 0.720986 -2.277626 0.001313984 0.722354 -2.287449 0.489125 0.551896 -2.269959 0.647456 0.554669 -2.253691 0.645166 0.511607 -2.239261 0.486835 0.511343 -2.250329 0.001313984 0.550968 -2.293246 0.358093 0.5496 -2.283423 0.355802 0.511124 -2.25949 0.001313984 0.512492 -2.269312 0.365865 0.680181 -2.294305 0.001313984 0.681549 -2.304128 0.363274 0.636654 -2.290678 0.001313984 0.638022 -2.300501 0.360684 0.593127 -2.28705 0.001313984 0.594495 -2.296873 0.655229 0.68525 -2.274076 0.496898 0.682476 -2.285145 0.652638 0.641723 -2.270449 0.494307 0.638949 -2.281518 0.650047 0.598196 -2.26207 0.491716 0.595423 -2.275738 0.842566 0.722024 -2.194935 0.830699 0.73314 -2.141277 0.845207 0.687697 -2.194935 1.03185 0.694168 -1.847054 0.987743 0.688309 -2.087924 1.021905 0.644423 -1.891114 0.981007 0.642192 -2.099324 1.01196 0.594678 -1.930502 0.974271 0.596074 -2.110724 0.845207 0.642809 -2.194935 0.845207 0.59792 -2.194935 0.845207 0.553031 -2.195454 0.845207 0.51113 -2.18125 -0.951205 0.739831 -2.059067 -0.991126 0.729467 -2.07775 -1.038097 0.738563 -1.811399 -0.998176 0.751517 -1.792716 -0.964906 0.549956 -2.110288 -0.945667 0.50805 -2.095031 -0.968573 0.505889 -1.980317 -0.999387 0.544933 -1.955878 -0.497161 0.731054 -2.201039 -0.497161 0.723281 -2.268466 -0.655492 0.726055 -2.257397 -0.655492 0.733827 -2.18997 -0.366128 0.720986 -2.277626 -0.366128 0.728759 -2.210199 -0.486497 0.551896 -2.269959 -0.484207 0.511343 -2.250329 -0.642538 0.511607 -2.239261 -0.644828 0.554669 -2.253691 -0.353174 0.511124 -2.25949 -0.355464 0.5496 -2.283423 -0.363237 0.680181 -2.294305 -0.360646 0.636654 -2.290678 -0.358055 0.593127 -2.28705 -0.494269 0.682476 -2.285145 -0.652601 0.68525 -2.274076 -0.491679 0.638949 -2.281518 -0.65001 0.641723 -2.270449 -0.489088 0.595423 -2.275738 -0.647419 0.598196 -2.26207 -0.839938 0.722024 -2.194935 -0.82807 0.73314 -2.141277 -0.842578 0.687697 -2.194935 -0.985115 0.688309 -2.087924 -1.029222 0.694168 -1.847054 -0.978378 0.642192 -2.099324 -1.019277 0.644423 -1.891114 -0.971642 0.596074 -2.110724 -1.009332 0.594678 -1.930502 -0.842578 0.642809 -2.194935 -0.842578 0.59792 -2.194935 -0.842578 0.553031 -2.195454 -0.842578 0.51113 -2.18125</float_array>
          <technique_common>
            <accessor source="#GrigliaPost_Body_Plane_002-mesh-positions-array" count="91" stride="3">
              <param name="X" type="float"/>
              <param name="Y" type="float"/>
              <param name="Z" type="float"/>
            </accessor>
          </technique_common>
        </source>
        <source id="GrigliaPost_Body_Plane_002-mesh-normals">
          <float_array id="GrigliaPost_Body_Plane_002-mesh-normals-array" count="786">0.2236632 0.9718916 -0.07349592 0.2646843 0.9603164 -0.08794689 0.2189916 0.9730778 -0.07185089 0.856633 -0.4807725 -0.1871837 0.8333085 -0.5159582 -0.1984543 0.8668825 -0.4641638 -0.1818423 -0.009395062 0.9933772 -0.1145145 -0.009394168 0.9933781 -0.1145058 -0.009395599 0.993377 -0.114516 0 0.9948678 -0.1011841 0.003903687 0.9936406 -0.1125315 0 0.995045 -0.09942609 0.07036495 -0.4176862 -0.9058627 0.09571522 -0.3416653 -0.934935 0.06342375 -0.4377173 -0.896873 0.02147048 -0.5281503 -0.8488794 0.02134191 -0.5289041 -0.8484134 0.021483 -0.5280769 -0.8489248 0.02633738 0.3781108 -0.9253857 0.02617108 0.3767599 -0.9259413 0.02635228 0.3782319 -0.9253357 0.02670609 -0.08312696 -0.9961811 0.02662074 -0.08453488 -0.9960649 0.02680891 -0.08308029 -0.9961822 0.02681273 -0.08454585 -0.9960588 0.02700304 -0.08308351 -0.9961767 0.02692067 -0.08448213 -0.9960613 0.02711004 -0.08301085 -0.9961799 0.05814778 0.374188 -0.9255281 0.05814796 0.3741875 -0.9255283 0.05814766 0.3741882 -0.9255281 0.0709908 -0.08702754 -0.9936733 0.07099223 -0.08702778 -0.9936732 0.07099038 -0.08702754 -0.9936733 0.08492702 -0.1458209 -0.9856591 0.07446211 -0.1832222 -0.9802474 0.08757311 -0.1362535 -0.9867958 0.100964 -0.1465202 -0.9840418 0.09043651 -0.1839023 -0.9787753 0.1036204 -0.1369639 -0.9851415 0.05821257 0.9829826 -0.1742317 0.05993813 0.9900869 -0.1270255 0.05759173 0.9800372 -0.1902899 0.1163827 0.9630085 -0.243043 0.09675645 0.9766375 -0.1918786 0.1245458 0.9563425 -0.2643813 0.357065 0.302415 -0.8837702 0.3285768 0.06868308 -0.9419766 0.3592066 0.3311827 -0.8725185 0.9796968 -0.09533905 -0.1763654 0.9831687 -0.06204068 -0.1718437 0.9792075 -0.09930688 -0.1768918 0.9779446 -0.08807027 -0.1893891 0.9806313 -0.04442501 -0.1907587 0.9775946 -0.08815127 -0.1911503 0.9798331 -0.04951667 -0.1935853 0.9745506 -0.09178721 -0.2045149 0.9670548 -0.1328603 -0.2171477 0.9734802 -0.09791511 -0.2067583 0.9649266 -0.1430398 -0.2201282 0.6053247 0.1002156 -0.7896448 0.6006722 0.05489438 -0.7976086 0.6058602 0.1063959 -0.7884246 0.5939514 0.09367543 -0.7990286 0.5798193 0.01894229 -0.814525 0.5964851 0.1094292 -0.7951294 0.3667705 -0.08564293 -0.9263611 0.3820099 -0.01314711 -0.9240648 0.3637689 -0.09883558 -0.9262309 0.568647 0.09894263 -0.8166095 0.5518581 0.021878 -0.8336511 0.572083 0.1171102 -0.811792 0.3551895 -0.1707366 -0.91907 0.3306168 -0.02665001 -0.9433888 0.3252902 0 -0.9456143 0.5665786 -0.009122431 -0.8239572 0.548795 -0.07041221 -0.8329864 0.5715103 0.009485602 -0.8205401 0.3145873 -0.1695786 -0.9339583 0.2882072 -0.017093 -0.9574156 0.2825694 0.01108568 -0.9591829 0.2651584 -0.3177708 -0.9103367 0.2643023 -0.3108691 -0.9129649 0.2641482 -0.3096379 -0.9134277 0.5489391 -0.3128507 -0.7751068 0.5505874 -0.4520826 -0.7017656 0.5480635 -0.4966385 -0.6730353 0.1002094 -0.09824681 -0.990104 0.09074664 -0.1267467 -0.9877755 0.1033507 -0.08870476 -0.9906817 0.08406728 -0.09746044 -0.9916825 0.07462197 -0.1259819 -0.989222 0.08721029 -0.08789849 -0.9923045 0.0709874 -0.0870276 -0.9936736 0.07098686 -0.08702766 -0.9936736 0.05814641 0.3741886 -0.9255279 0.05814635 0.3741889 -0.9255278 0.06837421 -0.511085 -0.8568063 0.09130322 -0.4577655 -0.8843724 0.06003332 -0.5298022 -0.845994 -0.009393334 0.993377 -0.1145162 -0.009393453 0.993377 -0.1145157 -0.2236685 0.9718903 -0.07349687 -0.2646899 0.9603149 -0.08794695 -0.2692431 0.9588997 -0.08955156 -0.8566234 -0.4807904 -0.1871817 -0.8332996 -0.5159732 -0.1984529 -0.8262922 -0.5259165 -0.2016266 0.009395062 0.9933772 -0.1145143 0.009394168 0.9933784 -0.1145047 0.009392797 0.9933787 -0.1145012 -0.003903687 0.9936405 -0.1125318 -0.003530085 0.9934145 -0.1145215 -0.07036495 -0.4176864 -0.9058625 -0.09571522 -0.3416652 -0.934935 -0.1023637 -0.3209555 -0.9415462 -0.02147048 -0.5281503 -0.8488795 -0.02134191 -0.5289035 -0.8484136 -0.02132982 -0.5289744 -0.8483697 -0.02633738 0.3781109 -0.9253857 -0.02617114 0.3767609 -0.9259408 -0.02615684 0.3766445 -0.9259885 -0.02670609 -0.08312696 -0.9961811 -0.02662068 -0.08453512 -0.9960649 -0.0265215 -0.08457946 -0.9960637 -0.02680897 -0.08308029 -0.9961823 -0.02681273 -0.08454608 -0.9960588 -0.02700316 -0.08308362 -0.9961767 -0.02692073 -0.08448207 -0.9960613 -0.05814754 0.374188 -0.9255282 -0.05814784 0.3741888 -0.9255278 -0.05814778 0.374189 -0.9255276 -0.07099097 -0.08702611 -0.9936735 -0.07099187 -0.08702737 -0.9936732 -0.07099187 -0.08702766 -0.9936732 -0.08492708 -0.1458208 -0.9856591 -0.07446223 -0.1832227 -0.9802473 -0.07179045 -0.192662 -0.9786356 -0.100964 -0.1465203 -0.9840417 -0.09043645 -0.1839021 -0.9787754 -0.08774518 -0.193335 -0.9772014 -0.05821228 0.9829828 -0.1742303 -0.05993783 0.9900872 -0.1270229 -0.06037795 0.9916103 -0.1142967 -0.1163834 0.9630075 -0.2430464 -0.09675604 0.9766377 -0.1918783 -0.09303647 0.9788495 -0.1822031 -0.3285747 0.06867575 -0.9419779 -0.3570663 0.3024207 -0.8837679 -0.3592082 0.3311901 -0.8725152 -0.9796988 -0.09531551 -0.1763666 -0.9831701 -0.0620166 -0.171845 -0.9834348 -0.05892831 -0.1714162 -0.9779419 -0.08809119 -0.1893926 -0.9806218 -0.04442113 -0.1908084 -0.9831003 -0.03791433 -0.179099 -0.9776028 -0.08814913 -0.1911089 -0.9798325 -0.04950886 -0.1935902 -0.967057 -0.1328427 -0.2171487 -0.9734804 -0.09790533 -0.2067623 -0.9746655 -0.09051561 -0.2045343 -0.6053254 0.1002261 -0.7896429 -0.6006705 0.05488365 -0.7976106 -0.5996237 0.04611569 -0.7989524 -0.5939505 0.09366613 -0.7990303 -0.579819 0.01894032 -0.8145251 -0.5756865 0 -0.8176705 -0.3820113 -0.01314699 -0.9240642 -0.3667718 -0.0856418 -0.9263606 -0.3637703 -0.09883433 -0.9262305 -0.5686471 0.09894102 -0.8166096 -0.5518581 0.02187764 -0.8336511 -0.5464438 0 -0.8374959 -0.3551909 -0.1707386 -0.919069 -0.3306179 -0.02665042 -0.9433884 -0.358884 -0.1969942 -0.9123572 -0.5487946 -0.0704025 -0.8329874 -0.5665771 -0.00912249 -0.8239584 -0.5715084 0.009482502 -0.8205415 -0.3145889 -0.1695765 -0.9339581 -0.2882086 -0.01709294 -0.9574152 -0.3186395 -0.197432 -0.9270866 -0.2651593 -0.317771 -0.9103364 -0.2643035 -0.3108692 -0.9129645 -0.2653107 -0.3190026 -0.9098613 -0.5505848 -0.4520885 -0.7017639 -0.5489358 -0.3128531 -0.7751081 -0.5480609 -0.4966457 -0.6730322 -0.1002084 -0.09824651 -0.9901041 -0.09074586 -0.1267467 -0.9877755 -0.08757078 -0.1362291 -0.9867994 -0.08406698 -0.09746199 -0.9916824 -0.07462185 -0.1259824 -0.989222 -0.07145291 -0.1354801 -0.9882002 -0.07098752 -0.08702707 -0.9936736 -0.07099056 -0.08702605 -0.9936734 -0.05814677 0.37419 -0.9255274 -0.05814749 0.3741881 -0.9255281 -0.06837415 -0.511084 -0.856807 -0.09130281 -0.4577656 -0.8843725 -0.09947597 -0.4380813 -0.8934145 0.009393334 0.993377 -0.1145161 0.009395599 0.993377 -0.114516 0.2692377 0.9589013 -0.08955162 0.826301 -0.5259022 -0.2016278 -0.009392797 0.9933785 -0.1145028 0.003530085 0.9934145 -0.1145212 0.1023637 -0.3209557 -0.9415462 0.02132976 -0.5289751 -0.8483694 0.02615672 0.3766434 -0.925989 0.0265215 -0.08457946 -0.9960637 0.05814778 0.3741872 -0.9255284 0.07099229 -0.08702778 -0.9936731 0.07179033 -0.1926613 -0.9786357 0.0877453 -0.1933354 -0.9772012 0.06037819 0.9916099 -0.1142996 0.09303712 0.9788492 -0.1822041 0.3211407 0.02470767 -0.9467092 0.9834337 -0.05895245 -0.1714149 0.9831003 -0.03791433 -0.1790987 0.9746657 -0.09052366 -0.2045297 0.5996259 0.04613047 -0.7989498 0.5756865 0 -0.8176705 0.3845474 0 -0.9231053 0.5464438 0 -0.8374959 0.3588826 -0.1969918 -0.9123582 0.5434818 -0.08728754 -0.8348703 0.3186379 -0.1974343 -0.9270867 0.2653098 -0.3190025 -0.9098617 0.5457488 -0.2690144 -0.7935928 0.08757144 -0.1362291 -0.9867993 0.07145291 -0.1354801 -0.9882002 0.09947657 -0.4380807 -0.8934147 -0.218997 0.9730764 -0.07185202 -0.8668728 -0.464183 -0.1818399 -0.06342369 -0.4377176 -0.8968728 -0.021483 -0.5280769 -0.8489249 -0.02635228 0.3782319 -0.9253357 -0.02711009 -0.08301097 -0.9961799 -0.08757311 -0.1362532 -0.9867959 -0.1036204 -0.1369642 -0.9851415 -0.05759149 0.9800375 -0.190289 -0.124547 0.956341 -0.2643862 -0.3211378 0.02469849 -0.9467104 -0.9792098 -0.09928339 -0.1768929 -0.9745494 -0.09179061 -0.204519 -0.9649295 -0.14302 -0.2201284 -0.6058612 0.1064094 -0.7884221 -0.5964841 0.1094182 -0.7951317 -0.3845487 0 -0.9231047 -0.5720831 0.1171083 -0.8117922 -0.3252912 0 -0.945614 -0.543482 -0.0872752 -0.8348715 -0.2825707 0.01108562 -0.9591825 -0.2641495 -0.3096379 -0.9134273 -0.5457451 -0.2690157 -0.7935949 -0.1033496 -0.08870446 -0.9906818 -0.08720982 -0.08790063 -0.9923044 -0.07098686 -0.08702737 -0.9936736 -0.05814677 0.3741905 -0.9255272 -0.06003338 -0.529801 -0.8459948 0.009393453 0.993377 -0.1145157</float_array>
          <technique_common>
            <accessor source="#GrigliaPost_Body_Plane_002-mesh-normals-array" count="262" stride="3">
              <param name="X" type="float"/>
              <param name="Y" type="float"/>
              <param name="Z" type="float"/>
            </accessor>
          </technique_common>
        </source>
        <source id="GrigliaPost_Body_Plane_002-mesh-map-0">
          <float_array id="GrigliaPost_Body_Plane_002-mesh-map-0-array" count="864">0.648078 0.89432 0.686342 0.929977 0.641486 0.900406 0.921102 0.924783 0.948515 0.924467 0.927007 0.931558 0.659101 0.800475 0.635942 0.824979 0.646819 0.795316 0.698086 0.708954 0.65582 0.770767 0.683907 0.702967 0.874927 0.587955 0.88285 0.555957 0.883296 0.587804 0.876465 0.685776 0.883666 0.614161 0.884467 0.685053 0.842268 0.68589 0.849379 0.613388 0.850214 0.686285 0.850214 0.686285 0.858138 0.613734 0.858964 0.686116 0.858964 0.686116 0.866897 0.614081 0.867715 0.685946 0.867715 0.685946 0.875657 0.614427 0.876465 0.685776 0.840639 0.586064 0.847645 0.555192 0.848594 0.587035 0.848594 0.587035 0.856404 0.555538 0.857353 0.587381 0.857353 0.587381 0.865225 0.555753 0.86614 0.587668 0.86614 0.587668 0.874045 0.555968 0.874927 0.587955 0.632396 0.863705 0.648225 0.830138 0.6431 0.865504 0.641486 0.900406 0.6431 0.865504 0.648078 0.89432 0.83969 0.55422 0.84753 0.515164 0.847645 0.555192 0.914905 0.888784 0.960324 0.880329 0.915814 0.89722 0.915814 0.89722 0.955465 0.892629 0.916833 0.906671 0.916833 0.906671 0.951487 0.904616 0.917852 0.916123 0.917852 0.916123 0.950151 0.915666 0.921102 0.924783 0.8483 0.483814 0.840674 0.515745 0.84018 0.482401 0.857398 0.485397 0.84753 0.515164 0.8483 0.483814 0.847645 0.555192 0.856506 0.515092 0.856404 0.555538 0.866497 0.48698 0.856506 0.515092 0.857398 0.485397 0.865225 0.555753 0.856506 0.515092 0.865482 0.51502 0.865482 0.51502 0.875747 0.488236 0.874452 0.514963 0.874045 0.555968 0.865482 0.51502 0.874452 0.514963 0.88285 0.555957 0.874452 0.514963 0.883013 0.514503 0.883013 0.514503 0.875747 0.488236 0.884388 0.491581 0.866897 0.614081 0.874927 0.587955 0.875657 0.614427 0.858138 0.613734 0.86614 0.587668 0.866897 0.614081 0.849379 0.613388 0.857353 0.587381 0.858138 0.613734 0.841424 0.612416 0.848594 0.587035 0.849379 0.613388 0.875657 0.614427 0.883296 0.587804 0.883666 0.614161 0.668102 0.775926 0.646819 0.795316 0.65582 0.770767 0.648078 0.89432 0.686342 0.929977 0.692915 0.923816 0.921102 0.924783 0.948515 0.924467 0.950151 0.915666 0.659101 0.800475 0.635942 0.824979 0.648225 0.830138 0.698086 0.708954 0.65582 0.770767 0.668102 0.775926 0.874927 0.587955 0.88285 0.555957 0.874045 0.555968 0.876465 0.685776 0.883666 0.614161 0.875657 0.614427 0.842268 0.68589 0.849379 0.613388 0.841424 0.612416 0.850214 0.686285 0.858138 0.613734 0.849379 0.613388 0.858964 0.686116 0.866897 0.614081 0.858138 0.613734 0.867715 0.685946 0.875657 0.614427 0.866897 0.614081 0.840639 0.586064 0.847645 0.555192 0.83969 0.55422 0.848594 0.587035 0.856404 0.555538 0.847645 0.555192 0.857353 0.587381 0.865225 0.555753 0.856404 0.555538 0.86614 0.587668 0.874045 0.555968 0.865225 0.555753 0.632396 0.863705 0.648225 0.830138 0.635942 0.824979 0.641486 0.900406 0.6431 0.865504 0.632396 0.863705 0.84753 0.515164 0.83969 0.55422 0.847645 0.555192 0.914905 0.888784 0.960324 0.880329 0.963968 0.869597 0.915814 0.89722 0.955465 0.892629 0.960324 0.880329 0.916833 0.906671 0.951487 0.904616 0.955465 0.892629 0.917852 0.916123 0.950151 0.915666 0.951487 0.904616 0.8483 0.483814 0.840674 0.515745 0.84753 0.515164 0.857398 0.485397 0.84753 0.515164 0.856506 0.515092 0.856506 0.515092 0.847645 0.555192 0.856404 0.555538 0.866497 0.48698 0.856506 0.515092 0.865482 0.51502 0.865225 0.555753 0.856506 0.515092 0.856404 0.555538 0.875747 0.488236 0.865482 0.51502 0.874452 0.514963 0.874045 0.555968 0.865482 0.51502 0.865225 0.555753 0.88285 0.555957 0.874452 0.514963 0.874045 0.555968 0.875747 0.488236 0.883013 0.514503 0.884388 0.491581 0.866897 0.614081 0.874927 0.587955 0.86614 0.587668 0.858138 0.613734 0.86614 0.587668 0.857353 0.587381 0.849379 0.613388 0.857353 0.587381 0.848594 0.587035 0.841424 0.612416 0.848594 0.587035 0.840639 0.586064 0.875657 0.614427 0.883296 0.587804 0.874927 0.587955 0.668102 0.775926 0.646819 0.795316 0.659101 0.800475 0.648078 0.89432 0.692915 0.923816 0.686342 0.929977 0.921102 0.924783 0.950151 0.915666 0.948515 0.924467 0.659101 0.800475 0.648225 0.830138 0.635942 0.824979 0.698086 0.708954 0.668102 0.775926 0.65582 0.770767 0.874927 0.587955 0.874045 0.555968 0.88285 0.555957 0.876465 0.685776 0.875657 0.614427 0.883666 0.614161 0.842268 0.68589 0.841424 0.612416 0.849379 0.613388 0.850214 0.686285 0.849379 0.613388 0.858138 0.613734 0.858964 0.686116 0.858138 0.613734 0.866897 0.614081 0.867715 0.685946 0.866897 0.614081 0.875657 0.614427 0.840639 0.586064 0.83969 0.55422 0.847645 0.555192 0.848594 0.587035 0.847645 0.555192 0.856404 0.555538 0.857353 0.587381 0.856404 0.555538 0.865225 0.555753 0.86614 0.587668 0.865225 0.555753 0.874045 0.555968 0.632396 0.863705 0.635942 0.824979 0.648225 0.830138 0.641486 0.900406 0.632396 0.863705 0.6431 0.865504 0.83969 0.55422 0.840674 0.515745 0.84753 0.515164 0.914905 0.888784 0.963968 0.869597 0.960324 0.880329 0.915814 0.89722 0.960324 0.880329 0.955465 0.892629 0.916833 0.906671 0.955465 0.892629 0.951487 0.904616 0.917852 0.916123 0.951487 0.904616 0.950151 0.915666 0.8483 0.483814 0.84753 0.515164 0.840674 0.515745 0.857398 0.485397 0.856506 0.515092 0.84753 0.515164 0.847645 0.555192 0.84753 0.515164 0.856506 0.515092 0.866497 0.48698 0.865482 0.51502 0.856506 0.515092 0.865225 0.555753 0.856404 0.555538 0.856506 0.515092 0.865482 0.51502 0.866497 0.48698 0.875747 0.488236 0.874045 0.555968 0.865225 0.555753 0.865482 0.51502 0.88285 0.555957 0.874045 0.555968 0.874452 0.514963 0.883013 0.514503 0.874452 0.514963 0.875747 0.488236 0.866897 0.614081 0.86614 0.587668 0.874927 0.587955 0.858138 0.613734 0.857353 0.587381 0.86614 0.587668 0.849379 0.613388 0.848594 0.587035 0.857353 0.587381 0.841424 0.612416 0.840639 0.586064 0.848594 0.587035 0.875657 0.614427 0.874927 0.587955 0.883296 0.587804 0.668102 0.775926 0.659101 0.800475 0.646819 0.795316 0.648078 0.89432 0.641486 0.900406 0.686342 0.929977 0.921102 0.924783 0.927007 0.931558 0.948515 0.924467 0.659101 0.800475 0.646819 0.795316 0.635942 0.824979 0.698086 0.708954 0.683907 0.702967 0.65582 0.770767 0.874927 0.587955 0.883296 0.587804 0.88285 0.555957 0.876465 0.685776 0.884467 0.685053 0.883666 0.614161 0.842268 0.68589 0.850214 0.686285 0.849379 0.613388 0.850214 0.686285 0.858964 0.686116 0.858138 0.613734 0.858964 0.686116 0.867715 0.685946 0.866897 0.614081 0.867715 0.685946 0.876465 0.685776 0.875657 0.614427 0.840639 0.586064 0.848594 0.587035 0.847645 0.555192 0.848594 0.587035 0.857353 0.587381 0.856404 0.555538 0.857353 0.587381 0.86614 0.587668 0.865225 0.555753 0.86614 0.587668 0.874927 0.587955 0.874045 0.555968 0.632396 0.863705 0.6431 0.865504 0.648225 0.830138 0.641486 0.900406 0.648078 0.89432 0.6431 0.865504 0.84753 0.515164 0.840674 0.515745 0.83969 0.55422 0.914905 0.888784 0.915814 0.89722 0.960324 0.880329 0.915814 0.89722 0.916833 0.906671 0.955465 0.892629 0.916833 0.906671 0.917852 0.916123 0.951487 0.904616 0.917852 0.916123 0.921102 0.924783 0.950151 0.915666 0.8483 0.483814 0.84018 0.482401 0.840674 0.515745 0.857398 0.485397 0.8483 0.483814 0.84753 0.515164 0.856506 0.515092 0.84753 0.515164 0.847645 0.555192 0.866497 0.48698 0.857398 0.485397 0.856506 0.515092 0.865225 0.555753 0.865482 0.51502 0.856506 0.515092 0.875747 0.488236 0.866497 0.48698 0.865482 0.51502 0.874045 0.555968 0.874452 0.514963 0.865482 0.51502 0.88285 0.555957 0.883013 0.514503 0.874452 0.514963 0.875747 0.488236 0.874452 0.514963 0.883013 0.514503 0.866897 0.614081 0.875657 0.614427 0.874927 0.587955 0.858138 0.613734 0.866897 0.614081 0.86614 0.587668 0.849379 0.613388 0.858138 0.613734 0.857353 0.587381 0.841424 0.612416 0.849379 0.613388 0.848594 0.587035 0.875657 0.614427 0.883666 0.614161 0.883296 0.587804 0.668102 0.775926 0.65582 0.770767 0.646819 0.795316</float_array>
          <technique_common>
            <accessor source="#GrigliaPost_Body_Plane_002-mesh-map-0-array" count="432" stride="2">
              <param name="S" type="float"/>
              <param name="T" type="float"/>
            </accessor>
          </technique_common>
        </source>
        <vertices id="GrigliaPost_Body_Plane_002-mesh-vertices">
          <input semantic="POSITION" source="#GrigliaPost_Body_Plane_002-mesh-positions"/>
        </vertices>
        <triangles material="GrigliaPost-material" count="144">
          <input semantic="VERTEX" source="#GrigliaPost_Body_Plane_002-mesh-vertices" offset="0"/>
          <input semantic="NORMAL" source="#GrigliaPost_Body_Plane_002-mesh-normals" offset="1"/>
          <input semantic="TEXCOORD" source="#GrigliaPost_Body_Plane_002-mesh-map-0" offset="2" set="0"/>
          <p>0 0 0 2 1 1 3 2 2 4 3 3 6 4 4 7 5 5 8 6 6 10 7 7 11 8 8 12 9 9 14 10 10 15 11 11 16 12 12 18 13 13 19 14 14 20 15 15 22 16 16 23 17 17 15 18 18 24 19 19 25 20 20 25 21 21 26 22 22 27 23 23 27 23 24 28 24 25 29 25 26 29 25 27 21 26 28 20 27 29 11 28 30 30 29 31 31 30 32 31 31 33 32 32 34 33 33 35 33 34 36 34 35 37 35 36 38 35 37 39 17 38 40 16 39 41 36 40 42 9 41 43 37 42 44 3 43 45 37 44 46 0 45 47 10 46 48 38 47 49 30 48 50 3 49 51 39 50 52 40 51 53 40 52 54 41 53 55 42 54 56 42 54 57 43 55 58 44 56 59 44 57 60 5 58 61 4 59 62 40 60 63 36 61 64 3 62 65 42 63 66 38 64 67 40 65 68 30 66 69 45 67 70 32 68 71 44 69 72 45 70 73 42 71 74 34 72 75 45 73 76 46 74 77 46 75 78 4 76 79 47 77 80 17 78 81 46 79 82 47 80 83 18 81 84 47 82 85 48 83 86 48 84 87 4 85 88 7 86 89 28 87 90 16 88 91 21 89 92 26 90 93 35 91 94 28 92 95 24 93 96 33 33 97 26 94 98 14 95 99 31 30 100 24 96 101 21 97 102 19 98 103 22 99 104 13 100 105 11 8 106 14 101 107 49 102 108 51 103 109 52 104 110 53 105 111 55 106 112 56 107 113 57 108 114 59 109 115 60 110 116 12 9 117 61 111 118 62 112 119 63 113 120 65 114 121 66 115 122 20 116 123 67 117 124 68 118 125 15 119 126 69 120 127 61 121 128 25 122 129 70 123 130 69 124 131 27 125 132 71 126 133 70 123 134 29 127 135 68 128 136 71 126 137 58 129 138 73 130 139 59 131 140 72 132 141 75 133 142 73 134 143 74 135 144 77 136 145 75 137 146 76 138 147 66 139 148 77 140 149 78 141 150 60 142 151 59 143 152 50 144 153 79 145 154 78 146 155 80 147 156 59 148 157 73 149 158 50 150 159 82 151 160 51 152 161 81 153 162 84 154 163 82 155 164 83 156 165 86 157 166 84 154 167 85 158 168 56 159 169 86 160 170 81 161 171 78 162 172 80 163 173 83 164 174 80 165 175 87 166 176 87 167 177 73 168 178 75 169 179 85 170 180 87 171 181 88 172 182 77 173 183 87 174 184 75 175 185 53 176 186 88 177 187 89 178 188 66 179 189 88 180 190 77 181 191 65 182 192 89 183 193 66 184 194 53 185 195 90 186 196 54 187 197 71 188 198 63 189 199 76 190 200 70 191 201 76 192 202 74 193 203 69 194 204 74 195 205 72 132 206 61 196 207 72 197 208 58 129 209 68 198 210 64 199 211 63 200 212 62 201 213 58 202 214 57 108 215 0 0 216 1 203 217 2 1 218 4 3 219 5 204 220 6 4 221 8 6 222 9 205 223 10 7 224 12 9 225 13 206 226 14 10 227 16 12 228 17 207 229 18 13 230 20 15 231 21 208 232 22 16 233 15 18 234 14 209 235 24 19 236 25 21 237 24 210 238 26 22 239 27 23 240 26 22 241 28 24 242 29 25 243 28 24 244 21 26 245 11 28 246 10 211 247 30 29 248 31 31 249 30 212 250 32 32 251 33 34 252 32 213 253 34 35 254 35 37 255 34 214 256 17 38 257 36 40 258 10 215 259 9 41 260 3 43 261 36 216 262 37 44 263 10 46 264 36 217 265 38 47 266 3 49 267 2 218 268 39 50 269 40 52 270 39 219 271 41 53 272 42 54 273 41 53 274 43 55 275 44 57 276 43 220 277 5 58 278 40 60 279 38 221 280 36 61 281 42 63 282 45 222 283 38 64 284 30 66 285 38 223 286 45 67 287 44 69 288 46 224 289 45 70 290 34 72 291 32 225 292 45 73 293 46 75 294 44 226 295 4 76 296 17 78 297 34 227 298 46 79 299 18 81 300 17 228 301 47 82 302 48 84 303 47 229 304 4 85 305 28 87 306 35 230 307 16 88 308 26 90 309 33 231 310 35 91 311 24 93 312 31 31 313 33 33 314 14 95 315 11 28 316 31 30 317 21 97 318 16 232 319 19 98 320 13 100 321 8 6 322 11 8 323 49 102 324 50 233 325 51 103 326 53 105 327 54 234 328 55 106 329 57 108 330 58 202 331 59 109 332 12 9 333 15 11 334 61 111 335 63 113 336 64 235 337 65 114 338 20 116 339 23 236 340 67 117 341 15 119 342 25 237 343 69 120 344 25 122 345 27 125 346 70 123 347 27 125 348 29 127 349 71 126 350 29 127 351 20 238 352 68 128 353 58 129 354 72 197 355 73 130 356 72 132 357 74 195 358 75 133 359 74 135 360 76 239 361 77 136 362 76 138 363 63 240 364 66 139 365 78 141 366 79 241 367 60 142 368 50 144 369 49 242 370 79 145 371 80 147 372 78 243 373 59 148 374 50 150 375 81 244 376 82 151 377 81 153 378 83 156 379 84 154 380 83 156 381 85 245 382 86 157 383 85 158 384 53 246 385 56 159 386 81 161 387 50 247 388 78 162 389 83 164 390 81 248 391 80 165 392 87 167 393 80 249 394 73 168 395 85 170 396 83 250 397 87 171 398 77 173 399 88 251 400 87 174 401 53 176 402 85 252 403 88 177 404 66 179 405 89 253 406 88 180 407 65 182 408 90 254 409 89 183 410 53 185 411 89 255 412 90 186 413 71 188 414 68 256 415 63 189 416 70 191 417 71 257 418 76 192 419 69 194 420 70 258 421 74 195 422 61 196 423 69 259 424 72 197 425 68 198 426 67 260 427 64 199 428 62 201 429 61 261 430 58 202 431</p>
        </triangles>
      </mesh>
    </geometry>
    <geometry id="Targa_Body_Plane_003-mesh" name="Targa_Body_Plane.003">
      <mesh>
        <source id="Targa_Body_Plane_003-mesh-positions">
          <float_array id="Targa_Body_Plane_003-mesh-positions-array" count="27">0.001313984 0.932944 -2.226234 0.365661 0.928684 -2.226754 0.363363 0.796468 -2.210557 0.001313984 0.797783 -2.210038 0.001313984 1.068104 -2.24243 0.367958 1.0609 -2.24295 -0.360735 0.796468 -2.210557 -0.363032 0.928684 -2.226754 -0.36533 1.0609 -2.24295</float_array>
          <technique_common>
            <accessor source="#Targa_Body_Plane_003-mesh-positions-array" count="9" stride="3">
              <param name="X" type="float"/>
              <param name="Y" type="float"/>
              <param name="Z" type="float"/>
            </accessor>
          </technique_common>
        </source>
        <source id="Targa_Body_Plane_003-mesh-normals">
          <float_array id="Targa_Body_Plane_003-mesh-normals-array" count="27">0 -0.1195495 -0.9928283 -0.002615153 -0.1209633 -0.9926536 0 -0.1189764 -0.9928972 -0.003043591 -0.1209561 -0.9926532 0 -0.1189773 -0.992897 0.002615153 -0.1209634 -0.9926536 0.002837657 -0.1215422 -0.9925822 0.003044009 -0.120956 -0.9926532 -0.002837359 -0.1215422 -0.9925823</float_array>
          <technique_common>
            <accessor source="#Targa_Body_Plane_003-mesh-normals-array" count="9" stride="3">
              <param name="X" type="float"/>
              <param name="Y" type="float"/>
              <param name="Z" type="float"/>
            </accessor>
          </technique_common>
        </source>
        <source id="Targa_Body_Plane_003-mesh-map-0">
          <float_array id="Targa_Body_Plane_003-mesh-map-0-array" count="48">0.74378 0.907641 0.71697 0.980217 0.71654 0.908099 0.770281 0.980217 0.74378 0.907641 0.77102 0.907183 0.74378 0.907641 0.71697 0.980217 0.743626 0.980217 0.74378 0.907641 0.770281 0.980217 0.77102 0.907183 0.74378 0.907641 0.743626 0.980217 0.71697 0.980217 0.770281 0.980217 0.743626 0.980217 0.74378 0.907641 0.74378 0.907641 0.71654 0.908099 0.71697 0.980217 0.74378 0.907641 0.743626 0.980217 0.770281 0.980217</float_array>
          <technique_common>
            <accessor source="#Targa_Body_Plane_003-mesh-map-0-array" count="24" stride="2">
              <param name="S" type="float"/>
              <param name="T" type="float"/>
            </accessor>
          </technique_common>
        </source>
        <vertices id="Targa_Body_Plane_003-mesh-vertices">
          <input semantic="POSITION" source="#Targa_Body_Plane_003-mesh-positions"/>
        </vertices>
        <triangles material="Targa-material" count="8">
          <input semantic="VERTEX" source="#Targa_Body_Plane_003-mesh-vertices" offset="0"/>
          <input semantic="NORMAL" source="#Targa_Body_Plane_003-mesh-normals" offset="1"/>
          <input semantic="TEXCOORD" source="#Targa_Body_Plane_003-mesh-map-0" offset="2" set="0"/>
          <p>0 0 0 2 1 1 3 2 2 5 3 3 0 0 4 4 4 5 0 0 6 6 5 7 7 6 8 0 0 9 8 7 10 4 4 11 0 0 12 1 8 13 2 1 14 5 3 15 1 8 16 0 0 17 0 0 18 3 2 19 6 5 20 0 0 21 7 6 22 8 7 23</p>
        </triangles>
      </mesh>
    </geometry>
  </library_geometries>
  <library_visual_scenes>
    <visual_scene id="Scene" name="Scene">
      <node id="FinestriniPost_Plane_005" name="FinestriniPost_Plane.005" type="NODE">
        <matrix sid="transform">1 0 0 0 0 -4.37114e-8 -1 0 0 1 -4.37114e-8 0 0 0 0 1</matrix>
        <instance_geometry url="#FinestriniPost_Plane_005-mesh" name="FinestriniPost_Plane.005">
          <bind_material>
            <technique_common>
              <instance_material symbol="Finestrini-material" target="#Finestrini-material">
                <bind_vertex_input semantic="UVMap" input_semantic="TEXCOORD" input_set="0"/>
              </instance_material>
            </technique_common>
          </bind_material>
        </instance_geometry>
      </node>
      <node id="Circle_003" name="Circle.003" type="NODE">
        <matrix sid="transform">1 0 0 0 0 -4.37114e-8 -1 0 0 1 -4.37114e-8 0 0 0 0 1</matrix>
        <instance_geometry url="#Circle_003-mesh" name="Circle.003">
          <bind_material>
            <technique_common>
              <instance_material symbol="Ruote_005-material" target="#Ruote_005-material">
                <bind_vertex_input semantic="UVMap" input_semantic="TEXCOORD" input_set="0"/>
              </instance_material>
            </technique_common>
          </bind_material>
        </instance_geometry>
      </node>
      <node id="Body_Plane" name="Body_Plane" type="NODE">
        <matrix sid="transform">1 0 0 0 0 -4.37114e-8 -1 0 0 1 -4.37114e-8 0 0 0 0 1</matrix>
        <instance_geometry url="#Body_Plane-mesh" name="Body_Plane">
          <bind_material>
            <technique_common>
              <instance_material symbol="Body-material" target="#Body-material">
                <bind_vertex_input semantic="UVMap" input_semantic="TEXCOORD" input_set="0"/>
              </instance_material>
            </technique_common>
          </bind_material>
        </instance_geometry>
      </node>
      <node id="FinestriniAnt_Plane_004" name="FinestriniAnt_Plane.004" type="NODE">
        <matrix sid="transform">1 0 0 0 0 -4.37114e-8 -1 0 0 1 -4.37114e-8 0 0 0 0 1</matrix>
        <instance_geometry url="#FinestriniAnt_Plane_004-mesh" name="FinestriniAnt_Plane.004">
          <bind_material>
            <technique_common>
              <instance_material symbol="Finestrini_001-material" target="#Finestrini_001-material">
                <bind_vertex_input semantic="UVMap" input_semantic="TEXCOORD" input_set="0"/>
              </instance_material>
            </technique_common>
          </bind_material>
        </instance_geometry>
      </node>
      <node id="Parabrezza_Plane_003" name="Parabrezza_Plane.003" type="NODE">
        <matrix sid="transform">1 0 0 0 0 -4.37114e-8 -1 0 0 1 -4.37114e-8 0 0 0 0 1</matrix>
        <instance_geometry url="#Parabrezza_Plane_003-mesh" name="Parabrezza_Plane.003">
          <bind_material>
            <technique_common>
              <instance_material symbol="Parabrezza-material" target="#Parabrezza-material">
                <bind_vertex_input semantic="UVMap" input_semantic="TEXCOORD" input_set="0"/>
              </instance_material>
            </technique_common>
          </bind_material>
        </instance_geometry>
      </node>
      <node id="Circle_Circle_002" name="Circle_Circle.002" type="NODE">
        <matrix sid="transform">1 0 0 0 0 -4.37114e-8 -1 0 0 1 -4.37114e-8 0 0 0 0 1</matrix>
        <instance_geometry url="#Circle_Circle_002-mesh" name="Circle_Circle.002">
          <bind_material>
            <technique_common>
              <instance_material symbol="Ruote_002-material" target="#Ruote_002-material">
                <bind_vertex_input semantic="UVMap" input_semantic="TEXCOORD" input_set="0"/>
              </instance_material>
            </technique_common>
          </bind_material>
        </instance_geometry>
      </node>
      <node id="Plane_001" name="Plane.001" type="NODE">
        <matrix sid="transform">1 0 0 0 0 -4.37114e-8 -1 0 0 1 -4.37114e-8 0 0 0 0 1</matrix>
        <instance_geometry url="#Plane_001-mesh" name="Plane.001">
          <bind_material>
            <technique_common>
              <instance_material symbol="Body-material" target="#Body-material">
                <bind_vertex_input semantic="UVMap" input_semantic="TEXCOORD" input_set="0"/>
              </instance_material>
            </technique_common>
          </bind_material>
        </instance_geometry>
      </node>
      <node id="VetroPost_Plane_006" name="VetroPost_Plane.006" type="NODE">
        <matrix sid="transform">1 0 0 0 0 -4.37114e-8 -1 0 0 1 -4.37114e-8 0 0 0 0 1</matrix>
        <instance_geometry url="#VetroPost_Plane_006-mesh" name="VetroPost_Plane.006">
          <bind_material>
            <technique_common>
              <instance_material symbol="VetroPost-material" target="#VetroPost-material">
                <bind_vertex_input semantic="UVMap" input_semantic="TEXCOORD" input_set="0"/>
              </instance_material>
            </technique_common>
          </bind_material>
        </instance_geometry>
      </node>
      <node id="Circle_002_Circle_001" name="Circle.002_Circle.001" type="NODE">
        <matrix sid="transform">1 0 0 0 0 -4.37114e-8 -1 0 0 1 -4.37114e-8 0 0 0 0 1</matrix>
        <instance_geometry url="#Circle_002_Circle_001-mesh" name="Circle.002_Circle.001">
          <bind_material>
            <technique_common>
              <instance_material symbol="Ruote-material" target="#Ruote-material">
                <bind_vertex_input semantic="UVMap" input_semantic="TEXCOORD" input_set="0"/>
              </instance_material>
            </technique_common>
          </bind_material>
        </instance_geometry>
      </node>
      <node id="Circle_001_Circle_000" name="Circle.001_Circle.000" type="NODE">
        <matrix sid="transform">1 0 0 0 0 -4.37114e-8 -1 0 0 1 -4.37114e-8 0 0 0 0 1</matrix>
        <instance_geometry url="#Circle_001_Circle_000-mesh" name="Circle.001_Circle.000">
          <bind_material>
            <technique_common>
              <instance_material symbol="Ruote_001-material" target="#Ruote_001-material">
                <bind_vertex_input semantic="UVMap" input_semantic="TEXCOORD" input_set="0"/>
              </instance_material>
            </technique_common>
          </bind_material>
        </instance_geometry>
      </node>
      <node id="Fari_Plane_002" name="Fari_Plane.002" type="NODE">
        <matrix sid="transform">1 0 0 0 0 -4.37114e-8 -1 0 0 1 -4.37114e-8 0 0 0 0 1</matrix>
        <instance_geometry url="#Fari_Plane_002-mesh" name="Fari_Plane.002">
          <bind_material>
            <technique_common>
              <instance_material symbol="Fari-material" target="#Fari-material">
                <bind_vertex_input semantic="UVMap" input_semantic="TEXCOORD" input_set="0"/>
              </instance_material>
            </technique_common>
          </bind_material>
        </instance_geometry>
      </node>
      <node id="StopSX_Body_Plane_004" name="StopSX_Body_Plane.004" type="NODE">
        <matrix sid="transform">1 0 0 0 0 -4.37114e-8 -1 0 0 1 -4.37114e-8 0 0 0 0 1</matrix>
        <instance_geometry url="#StopSX_Body_Plane_004-mesh" name="StopSX_Body_Plane.004">
          <bind_material>
            <technique_common>
              <instance_material symbol="StopSX_001-material" target="#StopSX_001-material">
                <bind_vertex_input semantic="UVMap" input_semantic="TEXCOORD" input_set="0"/>
              </instance_material>
            </technique_common>
          </bind_material>
        </instance_geometry>
      </node>
      <node id="StopDX_Body_Plane_005" name="StopDX_Body_Plane.005" type="NODE">
        <matrix sid="transform">1 0 0 0 0 -4.37114e-8 -1 0 0 1 -4.37114e-8 0 0 0 0 1</matrix>
        <instance_geometry url="#StopDX_Body_Plane_005-mesh" name="StopDX_Body_Plane.005">
          <bind_material>
            <technique_common>
              <instance_material symbol="StopDX-material" target="#StopDX-material">
                <bind_vertex_input semantic="UVMap" input_semantic="TEXCOORD" input_set="0"/>
              </instance_material>
            </technique_common>
          </bind_material>
        </instance_geometry>
      </node>
      <node id="GrigliaAnt_Body_Plane_001" name="GrigliaAnt_Body_Plane.001" type="NODE">
        <matrix sid="transform">1 0 0 0 0 -4.37114e-8 -1 0 0 1 -4.37114e-8 0 0 0 0 1</matrix>
        <instance_geometry url="#GrigliaAnt_Body_Plane_001-mesh" name="GrigliaAnt_Body_Plane.001">
          <bind_material>
            <technique_common>
              <instance_material symbol="GrigliaAnt-material" target="#GrigliaAnt-material">
                <bind_vertex_input semantic="UVMap" input_semantic="TEXCOORD" input_set="0"/>
              </instance_material>
            </technique_common>
          </bind_material>
        </instance_geometry>
      </node>
      <node id="GrigliaPost_Body_Plane_002" name="GrigliaPost_Body_Plane.002" type="NODE">
        <matrix sid="transform">1 0 0 0 0 -4.37114e-8 -1 0 0 1 -4.37114e-8 0 0 0 0 1</matrix>
        <instance_geometry url="#GrigliaPost_Body_Plane_002-mesh" name="GrigliaPost_Body_Plane.002">
          <bind_material>
            <technique_common>
              <instance_material symbol="GrigliaPost-material" target="#GrigliaPost-material">
                <bind_vertex_input semantic="UVMap" input_semantic="TEXCOORD" input_set="0"/>
              </instance_material>
            </technique_common>
          </bind_material>
        </instance_geometry>
      </node>
      <node id="Targa_Body_Plane_003" name="Targa_Body_Plane.003" type="NODE">
        <matrix sid="transform">1 0 0 0 0 -4.37114e-8 -1 0 0 1 -4.37114e-8 0 0 0 0 1</matrix>
        <instance_geometry url="#Targa_Body_Plane_003-mesh" name="Targa_Body_Plane.003">
          <bind_material>
            <technique_common>
              <instance_material symbol="Targa-material" target="#Targa-material">
                <bind_vertex_input semantic="UVMap" input_semantic="TEXCOORD" input_set="0"/>
              </instance_material>
            </technique_common>
          </bind_material>
        </instance_geometry>
      </node>
    </visual_scene>
  </library_visual_scenes>
  <scene>
    <instance_visual_scene url="#Scene"/>
  </scene>
</COLLADA>